/* Auto-generated by easteregg/wav_to_c.py - do not edit. */
/*
 * sound data kindly provided by Telekom-Historik Museum Bochum, www.telekom-historik.de
 */
#include "easteregg_samples.h"

const uint8_t samples_easteregg[EASTEREGG_SAMPLES_LEN] = {
    0x80, 0x80, 0x80, 0x80, 0x80, 0x80, 0x80, 0x80, 0x7f, 0x80, 0x7f, 0x80,
    0x7f, 0x80, 0x7f, 0x80, 0x7f, 0x80, 0x80, 0x80, 0x7f, 0x80, 0x7f, 0x80,
    0x80, 0x80, 0x7f, 0x80, 0x7f, 0x80, 0x7f, 0x7f, 0x80, 0x7f, 0x80, 0x7f,
    0x80, 0x7f, 0x80, 0x80, 0x7f, 0x80, 0x80, 0x7f, 0x80, 0x7f, 0x80, 0x80,
    0x7f, 0x80, 0x80, 0x7f, 0x80, 0x7f, 0x80, 0x7f, 0x80, 0x80, 0x7f, 0x80,
    0x7f, 0x80, 0x80, 0x80, 0x80, 0x7f, 0x80, 0x80, 0x80, 0x7f, 0x80, 0x7f,
    0x80, 0x80, 0x80, 0x7f, 0x80, 0x80, 0x7f, 0x80, 0x7f, 0x80, 0x7f, 0x80,
    0x7f, 0x80, 0x7f, 0x80, 0x80, 0x7f, 0x80, 0x80, 0x7f, 0x80, 0x7f, 0x80,
    0x7f, 0x80, 0x7f, 0x80, 0x7f, 0x80, 0x7f, 0x80, 0x7f, 0x80, 0x7f, 0x80,
    0x80, 0x7f, 0x80, 0x7f, 0x80, 0x7f, 0x80, 0x80, 0x7f, 0x80, 0x7f, 0x80,
    0x7f, 0x80, 0x7f, 0x80, 0x7f, 0x80, 0x80, 0x7f, 0x80, 0x7f, 0x80, 0x7f,
    0x80, 0x7f, 0x80, 0x7f, 0x80, 0x7f, 0x80, 0x7f, 0x80, 0x7f, 0x80, 0x7f,
    0x80, 0x7f, 0x80, 0x7f, 0x80, 0x7f, 0x80, 0x7f, 0x80, 0x7f, 0x80, 0x7f,
    0x80, 0x7f, 0x80, 0x80, 0x80, 0x80, 0x80, 0x7f, 0x80, 0x7f, 0x80, 0x7f,
    0x80, 0x7f, 0x80, 0x7f, 0x80, 0x80, 0x7f, 0x80, 0x7f, 0x80, 0x7f, 0x80,
    0x80, 0x7f, 0x80, 0x7f, 0x80, 0x7f, 0x80, 0x7f, 0x80, 0x7f, 0x80, 0x7f,
    0x80, 0x7f, 0x80, 0x7f, 0x80, 0x80, 0x7f, 0x80, 0x80, 0x7f, 0x80, 0x7f,
    0x80, 0x7f, 0x80, 0x7f, 0x80, 0x80, 0x7f, 0x80, 0x7f, 0x80, 0x7f, 0x80,
    0x7f, 0x80, 0x7f, 0x80, 0x7f, 0x80, 0x80, 0x7f, 0x80, 0x80, 0x7f, 0x80,
    0x7f, 0x80, 0x7f, 0x80, 0x7f, 0x80, 0x7f, 0x80, 0x80, 0x7f, 0x80, 0x80,
    0x7f, 0x80, 0x7f, 0x80, 0x7f, 0x80, 0x7f, 0x80, 0x7f, 0x80, 0x7f, 0x80,
    0x7f, 0x80, 0x7f, 0x80, 0x80, 0x7f, 0x80, 0x7f, 0x80, 0x7f, 0x80, 0x7f,
    0x80, 0x7f, 0x80, 0x7f, 0x80, 0x80, 0x80, 0x80, 0x7f, 0x80, 0x7f, 0x80,
    0x7f, 0x80, 0x7f, 0x80, 0x7f, 0x7f, 0x80, 0x7f, 0x80, 0x7f, 0x80, 0x7f,
    0x80, 0x7f, 0x80, 0x7f, 0x80, 0x7f, 0x80, 0x80, 0x7f, 0x80, 0x80, 0x7f,
    0x80, 0x7f, 0x80, 0x7f, 0x80, 0x7f, 0x80, 0x80, 0x7f, 0x80, 0x7f, 0x80,
    0x7f, 0x80, 0x7f, 0x80, 0x7f, 0x80, 0x7f, 0x80, 0x80, 0x7f, 0x80, 0x7f,
    0x80, 0x80, 0x7f, 0x80, 0x7f, 0x80, 0x80, 0x7f, 0x80, 0x7f, 0x80, 0x7f,
    0x80, 0x80, 0x80, 0x80, 0x80, 0x80, 0x7f, 0x80, 0x7f, 0x80, 0x7f, 0x80,
    0x7f, 0x80, 0x7f, 0x80, 0x7f, 0x80, 0x7f, 0x80, 0x7f, 0x80, 0x80, 0x80,
    0x80, 0x80, 0x7f, 0x80, 0x7f, 0x80, 0x7f, 0x80, 0x7f, 0x80, 0x7f, 0x80,
    0x7f, 0x80, 0x7f, 0x80, 0x7f, 0x80, 0x7f, 0x80, 0x80, 0x7f, 0x80, 0x7f,
    0x80, 0x7f, 0x80, 0x7f, 0x80, 0x7f, 0x80, 0x7f, 0x80, 0x80, 0x7f, 0x80,
    0x7f, 0x80, 0x7f, 0x80, 0x7f, 0x80, 0x80, 0x80, 0x80, 0x80, 0x80, 0x80,
    0x80, 0x7f, 0x80, 0x7f, 0x80, 0x7f, 0x80, 0x7f, 0x80, 0x7f, 0x80, 0x80,
    0x80, 0x80, 0x80, 0x80, 0x80, 0x80, 0x80, 0x80, 0x7f, 0x80, 0x7f, 0x80,
    0x80, 0x7f, 0x80, 0x7f, 0x80, 0x7f, 0x80, 0x80, 0x7f, 0x80, 0x80, 0x7f,
    0x80, 0x80, 0x7f, 0x80, 0x7f, 0x80, 0x7f, 0x80, 0x7f, 0x80, 0x7f, 0x80,
    0x7f, 0x80, 0x7f, 0x80, 0x7f, 0x80, 0x7f, 0x80, 0x7f, 0x80, 0x80, 0x80,
    0x7f, 0x80, 0x80, 0x7f, 0x80, 0x80, 0x7f, 0x80, 0x80, 0x7f, 0x80, 0x7f,
    0x80, 0x7f, 0x80, 0x7f, 0x80, 0x7f, 0x80, 0x80, 0x7f, 0x80, 0x80, 0x7f,
    0x80, 0x7f, 0x80, 0x7f, 0x80, 0x7f, 0x80, 0x80, 0x80, 0x80, 0x80, 0x80,
    0x80, 0x80, 0x80, 0x80, 0x80, 0x80, 0x80, 0x80, 0x80, 0x80, 0x7f, 0x80,
    0x7f, 0x80, 0x7f, 0x80, 0x80, 0x80, 0x80, 0x80, 0x80, 0x80, 0x80, 0x7f,
    0x80, 0x7f, 0x80, 0x7f, 0x80, 0x80, 0x7f, 0x80, 0x7f, 0x80, 0x7f, 0x80,
    0x7f, 0x80, 0x7f, 0x80, 0x7f, 0x80, 0x80, 0x80, 0x80, 0x80, 0x80, 0x80,
    0x80, 0x7f, 0x80, 0x7f, 0x80, 0x7f, 0x80, 0x7f, 0x80, 0x7f, 0x80, 0x80,
    0x80, 0x7f, 0x80, 0x7f, 0x80, 0x80, 0x7f, 0x80, 0x7f, 0x80, 0x80, 0x80,
    0x80, 0x80, 0x7f, 0x80, 0x7f, 0x80, 0x7f, 0x80, 0x7f, 0x80, 0x7f, 0x80,
    0x7f, 0x80, 0x80, 0x80, 0x7f, 0x80, 0x80, 0x7f, 0x80, 0x7f, 0x80, 0x7f,
    0x80, 0x80, 0x7f, 0x80, 0x7f, 0x80, 0x80, 0x80, 0x80, 0x7f, 0x80, 0x7f,
    0x80, 0x80, 0x7f, 0x80, 0x7f, 0x80, 0x7f, 0x80, 0x7f, 0x80, 0x80, 0x7f,
    0x80, 0x7f, 0x80, 0x7f, 0x80, 0x80, 0x7f, 0x80, 0x7f, 0x80, 0x7f, 0x80,
    0x7f, 0x80, 0x80, 0x80, 0x80, 0x80, 0x7f, 0x80, 0x7f, 0x80, 0x80, 0x7f,
    0x80, 0x7f, 0x80, 0x80, 0x7f, 0x80, 0x7f, 0x80, 0x7f, 0x80, 0x7f, 0x80,
    0x7f, 0x80, 0x80, 0x7f, 0x80, 0x80, 0x80, 0x80, 0x7f, 0x80, 0x7f, 0x80,
    0x80, 0x7f, 0x80, 0x7f, 0x80, 0x7f, 0x80, 0x7f, 0x80, 0x7f, 0x80, 0x7f,
    0x80, 0x7f, 0x80, 0x7f, 0x80, 0x7f, 0x80, 0x80, 0x7f, 0x80, 0x80, 0x7f,
    0x80, 0x7f, 0x80, 0x7f, 0x80, 0x7f, 0x80, 0x7f, 0x80, 0x7f, 0x80, 0x7f,
    0x80, 0x7f, 0x80, 0x80, 0x7f, 0x80, 0x7f, 0x80, 0x7f, 0x80, 0x7f, 0x80,
    0x7f, 0x80, 0x7f, 0x80, 0x7f, 0x80, 0x80, 0x80, 0x7f, 0x80, 0x80, 0x7f,
    0x80, 0x7f, 0x80, 0x7f, 0x80, 0x80, 0x7f, 0x80, 0x7f, 0x80, 0x7f, 0x80,
    0x80, 0x7f, 0x80, 0x7f, 0x80, 0x7f, 0x80, 0x80, 0x7f, 0x80, 0x7f, 0x80,
    0x7f, 0x80, 0x7f, 0x80, 0x7f, 0x80, 0x7f, 0x80, 0x7f, 0x80, 0x7f, 0x80,
    0x7f, 0x80, 0x80, 0x80, 0x80, 0x80, 0x80, 0x80, 0x80, 0x7f, 0x80, 0x80,
    0x80, 0x80, 0x7f, 0x80, 0x80, 0x80, 0x80, 0x80, 0x7f, 0x80, 0x7f, 0x80,
    0x7f, 0x80, 0x80, 0x7f, 0x80, 0x7f, 0x80, 0x80, 0x80, 0x7f, 0x80, 0x80,
    0x7f, 0x80, 0x7f, 0x80, 0x80, 0x7f, 0x80, 0x7f, 0x80, 0x7f, 0x80, 0x7f,
    0x80, 0x80, 0x7f, 0x80, 0x7f, 0x80, 0x80, 0x7f, 0x80, 0x80, 0x7f, 0x80,
    0x80, 0x7f, 0x80, 0x7f, 0x80, 0x80, 0x7f, 0x80, 0x80, 0x7f, 0x80, 0x80,
    0x7f, 0x80, 0x7f, 0x80, 0x80, 0x7f, 0x80, 0x7f, 0x80, 0x7f, 0x80, 0x7f,
    0x80, 0x7f, 0x80, 0x80, 0x7f, 0x80, 0x7f, 0x80, 0x80, 0x7f, 0x80, 0x80,
    0x7f, 0x80, 0x7f, 0x80, 0x80, 0x7f, 0x80, 0x7f, 0x80, 0x7f, 0x80, 0x7f,
    0x80, 0x7f, 0x80, 0x80, 0x7f, 0x80, 0x7f, 0x80, 0x80, 0x7f, 0x80, 0x7f,
    0x7f, 0x80, 0x7f, 0x80, 0x80, 0x7f, 0x80, 0x7f, 0x80, 0x7f, 0x80, 0x80,
    0x7f, 0x80, 0x7f, 0x80, 0x80, 0x7f, 0x80, 0x7f, 0x80, 0x80, 0x7f, 0x80,
    0x7f, 0x80, 0x80, 0x7f, 0x80, 0x7f, 0x80, 0x7f, 0x80, 0x7f, 0x80, 0x7f,
    0x80, 0x7f, 0x80, 0x80, 0x7f, 0x80, 0x7f, 0x80, 0x80, 0x7f, 0x80, 0x7f,
    0x80, 0x7f, 0x80, 0x7f, 0x80, 0x7f, 0x80, 0x7f, 0x80, 0x7f, 0x80, 0x7f,
    0x80, 0x7f, 0x80, 0x80, 0x80, 0x80, 0x7f, 0x80, 0x80, 0x80, 0x80, 0x7f,
    0x80, 0x7f, 0x80, 0x7f, 0x80, 0x80, 0x7f, 0x80, 0x7f, 0x80, 0x80, 0x7f,
    0x80, 0x7f, 0x80, 0x7f, 0x80, 0x80, 0x7f, 0x80, 0x7f, 0x80, 0x80, 0x7f,
    0x80, 0x7f, 0x80, 0x80, 0x7f, 0x80, 0x80, 0x80, 0x80, 0x80, 0x7f, 0x80,
    0x80, 0x7f, 0x80, 0x7f, 0x80, 0x7f, 0x80, 0x7f, 0x80, 0x7f, 0x80, 0x7f,
    0x80, 0x80, 0x7f, 0x80, 0x80, 0x7f, 0x80, 0x80, 0x7f, 0x80, 0x7f, 0x80,
    0x7f, 0x80, 0x7f, 0x80, 0x7f, 0x80, 0x7f, 0x80, 0x7f, 0x80, 0x7f, 0x80,
    0x80, 0x80, 0x7f, 0x80, 0x7f, 0x80, 0x7f, 0x80, 0x80, 0x80, 0x80, 0x80,
    0x7f, 0x80, 0x7f, 0x80, 0x80, 0x7f, 0x80, 0x7f, 0x80, 0x80, 0x7f, 0x80,
    0x7f, 0x80, 0x80, 0x7f, 0x80, 0x7f, 0x80, 0x80, 0x7f, 0x80, 0x80, 0x7f,
    0x80, 0x80, 0x7f, 0x80, 0x80, 0x7f, 0x80, 0x7f, 0x80, 0x7f, 0x80, 0x80,
    0x7f, 0x80, 0x80, 0x7f, 0x80, 0x7f, 0x80, 0x7f, 0x80, 0x7f, 0x80, 0x7f,
    0x80, 0x7f, 0x80, 0x7f, 0x80, 0x7f, 0x80, 0x7f, 0x80, 0x7f, 0x80, 0x7f,
    0x80, 0x7f, 0x80, 0x7f, 0x80, 0x7f, 0x80, 0x80, 0x7f, 0x80, 0x7f, 0x80,
    0x80, 0x80, 0x7f, 0x80, 0x7f, 0x80, 0x7f, 0x80, 0x80, 0x7f, 0x80, 0x7f,
    0x80, 0x80, 0x7f, 0x80, 0x7f, 0x80, 0x80, 0x7f, 0x80, 0x7f, 0x80, 0x80,
    0x7f, 0x80, 0x7f, 0x80, 0x7f, 0x80, 0x7f, 0x80, 0x7f, 0x80, 0x80, 0x80,
    0x7f, 0x80, 0x7f, 0x80, 0x7f, 0x80, 0x7f, 0x80, 0x80, 0x80, 0x80, 0x80,
    0x80, 0x80, 0x7f, 0x80, 0x7f, 0x80, 0x7f, 0x7f, 0x80, 0x7f, 0x7f, 0x80,
    0x7f, 0x80, 0x80, 0x7f, 0x80, 0x7f, 0x80, 0x80, 0x80, 0x80, 0x80, 0x7f,
    0x80, 0x7f, 0x80, 0x7f, 0x80, 0x80, 0x7f, 0x80, 0x7f, 0x80, 0x7f, 0x80,
    0x80, 0x7f, 0x80, 0x7f, 0x80, 0x7f, 0x80, 0x80, 0x80, 0x80, 0x7f, 0x80,
    0x7f, 0x80, 0x7f, 0x80, 0x7f, 0x80, 0x80, 0x7f, 0x80, 0x7f, 0x80, 0x7f,
    0x80, 0x7f, 0x80, 0x7f, 0x80, 0x7f, 0x80, 0x80, 0x7f, 0x80, 0x7f, 0x80,
    0x7f, 0x80, 0x7f, 0x80, 0x7f, 0x80, 0x7f, 0x80, 0x80, 0x80, 0x80, 0x80,
    0x7f, 0x80, 0x80, 0x80, 0x80, 0x80, 0x80, 0x7f, 0x80, 0x7f, 0x80, 0x7f,
    0x80, 0x7f, 0x80, 0x7f, 0x80, 0x7f, 0x80, 0x80, 0x7f, 0x80, 0x7f, 0x80,
    0x7f, 0x80, 0x7f, 0x80, 0x7f, 0x80, 0x80, 0x7f, 0x80, 0x7f, 0x80, 0x7f,
    0x80, 0x80, 0x80, 0x80, 0x7f, 0x80, 0x7f, 0x80, 0x7f, 0x80, 0x7f, 0x80,
    0x7f, 0x80, 0x7f, 0x80, 0x7f, 0x80, 0x80, 0x80, 0x7f, 0x80, 0x7f, 0x80,
    0x7f, 0x80, 0x80, 0x7f, 0x80, 0x7f, 0x80, 0x7f, 0x80, 0x7f, 0x80, 0x80,
    0x80, 0x80, 0x80, 0x80, 0x80, 0x80, 0x80, 0x80, 0x80, 0x7f, 0x80, 0x7f,
    0x80, 0x7f, 0x80, 0x7f, 0x80, 0x7f, 0x80, 0x7f, 0x80, 0x80, 0x80, 0x7f,
    0x80, 0x7f, 0x80, 0x7f, 0x80, 0x7f, 0x80, 0x7f, 0x80, 0x7f, 0x80, 0x7f,
    0x80, 0x7f, 0x80, 0x7f, 0x80, 0x7f, 0x80, 0x7f, 0x80, 0x7f, 0x80, 0x7f,
    0x80, 0x7f, 0x80, 0x7f, 0x80, 0x7f, 0x80, 0x7f, 0x80, 0x7f, 0x80, 0x7f,
    0x7f, 0x80, 0x7f, 0x80, 0x7f, 0x80, 0x7f, 0x80, 0x80, 0x7f, 0x80, 0x7f,
    0x80, 0x7f, 0x7f, 0x80, 0x7f, 0x80, 0x7f, 0x80, 0x80, 0x80, 0x80, 0x7f,
    0x80, 0x80, 0x80, 0x80, 0x7f, 0x80, 0x80, 0x80, 0x80, 0x80, 0x80, 0x80,
    0x80, 0x80, 0x7f, 0x80, 0x7f, 0x80, 0x7f, 0x80, 0x80, 0x7f, 0x80, 0x7f,
    0x80, 0x7f, 0x80, 0x7f, 0x80, 0x80, 0x80, 0x80, 0x80, 0x80, 0x80, 0x80,
    0x7f, 0x80, 0x7f, 0x80, 0x80, 0x7f, 0x80, 0x7f, 0x80, 0x7f, 0x80, 0x7f,
    0x80, 0x7f, 0x80, 0x80, 0x7f, 0x80, 0x7f, 0x80, 0x80, 0x7f, 0x80, 0x7f,
    0x80, 0x7f, 0x80, 0x7f, 0x80, 0x7f, 0x80, 0x7f, 0x80, 0x7f, 0x80, 0x80,
    0x7f, 0x80, 0x80, 0x7f, 0x80, 0x7f, 0x80, 0x7f, 0x80, 0x80, 0x7f, 0x80,
    0x7f, 0x80, 0x7f, 0x80, 0x7f, 0x80, 0x80, 0x7f, 0x80, 0x7f, 0x80, 0x7f,
    0x80, 0x7f, 0x80, 0x7f, 0x80, 0x7f, 0x80, 0x7f, 0x80, 0x80, 0x7f, 0x80,
    0x7f, 0x80, 0x7f, 0x80, 0x80, 0x7f, 0x80, 0x7f, 0x80, 0x80, 0x7f, 0x80,
    0x7f, 0x80, 0x7f, 0x80, 0x7f, 0x80, 0x7f, 0x80, 0x7f, 0x80, 0x80, 0x7f,
    0x80, 0x80, 0x7f, 0x80, 0x7f, 0x80, 0x7f, 0x80, 0x80, 0x7f, 0x80, 0x7f,
    0x80, 0x80, 0x80, 0x7f, 0x80, 0x80, 0x7f, 0x80, 0x7f, 0x7f, 0x80, 0x7f,
    0x80, 0x80, 0x7f, 0x80, 0x7f, 0x80, 0x80, 0x7f, 0x80, 0x7f, 0x80, 0x80,
    0x7f, 0x80, 0x7f, 0x80, 0x7f, 0x80, 0x7f, 0x80, 0x80, 0x80, 0x7f, 0x80,
    0x7f, 0x80, 0x80, 0x7f, 0x80, 0x7f, 0x80, 0x7f, 0x80, 0x80, 0x80, 0x80,
    0x80, 0x7f, 0x80, 0x7f, 0x80, 0x7f, 0x80, 0x7f, 0x80, 0x7f, 0x80, 0x7f,
    0x80, 0x7f, 0x80, 0x7f, 0x80, 0x7f, 0x80, 0x7f, 0x7f, 0x80, 0x7f, 0x80,
    0x7f, 0x80, 0x7f, 0x80, 0x7f, 0x80, 0x7f, 0x80, 0x7f, 0x80, 0x7f, 0x80,
    0x7f, 0x80, 0x7f, 0x7f, 0x80, 0x7f, 0x80, 0x7f, 0x80, 0x7f, 0x80, 0x7f,
    0x80, 0x7f, 0x80, 0x7f, 0x7f, 0x7e, 0x80, 0x81, 0x7e, 0x80, 0x7f, 0x7f,
    0x80, 0x7f, 0x81, 0x81, 0x7f, 0x7f, 0x7f, 0x81, 0x80, 0x80, 0x80, 0x7e,
    0x80, 0x80, 0x80, 0x80, 0x7f, 0x80, 0x81, 0x81, 0x81, 0x81, 0x81, 0x80,
    0x81, 0x81, 0x81, 0x80, 0x81, 0x7f, 0x7e, 0x7e, 0x7d, 0x7d, 0x7b, 0x7c,
    0x7d, 0x7d, 0x7d, 0x7e, 0x7f, 0x7f, 0x7f, 0x7f, 0x80, 0x7f, 0x81, 0x82,
    0x80, 0x81, 0x81, 0x81, 0x82, 0x82, 0x80, 0x7f, 0x81, 0x80, 0x81, 0x80,
    0x7f, 0x80, 0x7f, 0x7e, 0x7d, 0x7e, 0x7f, 0x7e, 0x7f, 0x7e, 0x7e, 0x7e,
    0x7f, 0x80, 0x80, 0x80, 0x81, 0x81, 0x80, 0x81, 0x81, 0x81, 0x80, 0x7f,
    0x81, 0x80, 0x7f, 0x80, 0x7f, 0x7f, 0x81, 0x80, 0x7e, 0x7f, 0x7f, 0x7e,
    0x7f, 0x7f, 0x7f, 0x7f, 0x80, 0x7f, 0x7f, 0x7d, 0x7f, 0x80, 0x7f, 0x80,
    0x80, 0x80, 0x7e, 0x7f, 0x7f, 0x81, 0x7f, 0x7f, 0x7f, 0x80, 0x81, 0x7f,
    0x81, 0x80, 0x80, 0x81, 0x80, 0x7f, 0x80, 0x7e, 0x7f, 0x80, 0x7e, 0x7f,
    0x7f, 0x80, 0x80, 0x7f, 0x7e, 0x7f, 0x7f, 0x7e, 0x7f, 0x80, 0x7f, 0x7e,
    0x7f, 0x80, 0x80, 0x80, 0x81, 0x80, 0x80, 0x80, 0x7f, 0x80, 0x7f, 0x7e,
    0x7f, 0x80, 0x80, 0x80, 0x7f, 0x80, 0x7e, 0x7f, 0x80, 0x7f, 0x80, 0x81,
    0x7f, 0x80, 0x7f, 0x7e, 0x81, 0x7f, 0x80, 0x80, 0x7f, 0x7e, 0x80, 0x80,
    0x7e, 0x80, 0x81, 0x81, 0x81, 0x81, 0x80, 0x80, 0x7f, 0x7e, 0x7f, 0x7f,
    0x7e, 0x7e, 0x7d, 0x7e, 0x7f, 0x7e, 0x7f, 0x7f, 0x81, 0x81, 0x81, 0x81,
    0x81, 0x80, 0x80, 0x82, 0x81, 0x81, 0x80, 0x80, 0x7f, 0x80, 0x80, 0x7f,
    0x7e, 0x7d, 0x7e, 0x7f, 0x80, 0x7f, 0x7f, 0x7e, 0x7e, 0x7d, 0x7e, 0x7e,
    0x7f, 0x81, 0x7f, 0x81, 0x80, 0x80, 0x7f, 0x80, 0x7e, 0x81, 0x81, 0x7e,
    0x81, 0x81, 0x81, 0x81, 0x82, 0x81, 0x81, 0x80, 0x80, 0x81, 0x81, 0x81,
    0x80, 0x80, 0x80, 0x80, 0x7e, 0x7e, 0x7d, 0x7e, 0x7e, 0x7e, 0x7f, 0x7e,
    0x7e, 0x7d, 0x7d, 0x7f, 0x7f, 0x80, 0x80, 0x7e, 0x80, 0x80, 0x80, 0x81,
    0x81, 0x80, 0x80, 0x80, 0x7f, 0x80, 0x81, 0x81, 0x80, 0x80, 0x7f, 0x81,
    0x80, 0x7e, 0x80, 0x7f, 0x7d, 0x7f, 0x7e, 0x7e, 0x7e, 0x7e, 0x7f, 0x7e,
    0x80, 0x80, 0x80, 0x80, 0x80, 0x80, 0x80, 0x80, 0x81, 0x81, 0x80, 0x7f,
    0x7f, 0x7f, 0x7f, 0x7f, 0x7e, 0x7e, 0x7e, 0x80, 0x81, 0x7f, 0x7f, 0x7e,
    0x7f, 0x7f, 0x80, 0x81, 0x80, 0x80, 0x80, 0x81, 0x81, 0x81, 0x81, 0x7f,
    0x81, 0x80, 0x80, 0x7f, 0x7e, 0x7e, 0x7d, 0x7f, 0x7e, 0x7e, 0x7f, 0x7e,
    0x80, 0x81, 0x80, 0x7f, 0x7f, 0x80, 0x80, 0x7f, 0x7f, 0x80, 0x7e, 0x7e,
    0x7f, 0x7e, 0x81, 0x81, 0x80, 0x82, 0x80, 0x80, 0x7f, 0x7f, 0x7e, 0x7e,
    0x7f, 0x7f, 0x7f, 0x80, 0x80, 0x81, 0x81, 0x7f, 0x81, 0x80, 0x80, 0x81,
    0x80, 0x80, 0x80, 0x80, 0x7f, 0x7e, 0x7f, 0x7f, 0x7f, 0x7e, 0x7d, 0x7d,
    0x7e, 0x7f, 0x7f, 0x80, 0x80, 0x7f, 0x81, 0x81, 0x82, 0x81, 0x81, 0x81,
    0x81, 0x7f, 0x80, 0x81, 0x7f, 0x7f, 0x80, 0x7f, 0x7f, 0x7f, 0x80, 0x7e,
    0x7d, 0x7f, 0x7e, 0x80, 0x80, 0x7f, 0x7f, 0x7e, 0x7f, 0x7e, 0x7e, 0x7e,
    0x80, 0x80, 0x81, 0x81, 0x80, 0x81, 0x80, 0x80, 0x81, 0x80, 0x7f, 0x80,
    0x7d, 0x7f, 0x7f, 0x7e, 0x80, 0x7f, 0x7f, 0x7f, 0x80, 0x7f, 0x81, 0x80,
    0x80, 0x80, 0x7e, 0x7e, 0x7e, 0x7e, 0x7f, 0x80, 0x81, 0x80, 0x82, 0x80,
    0x80, 0x81, 0x80, 0x80, 0x7f, 0x7f, 0x7f, 0x80, 0x7f, 0x7f, 0x7f, 0x7e,
    0x80, 0x7f, 0x7e, 0x80, 0x80, 0x7f, 0x80, 0x80, 0x80, 0x7f, 0x82, 0x81,
    0x81, 0x81, 0x7e, 0x7e, 0x7e, 0x7e, 0x7f, 0x7f, 0x7e, 0x7f, 0x7f, 0x80,
    0x7f, 0x7f, 0x80, 0x7f, 0x7f, 0x7f, 0x7f, 0x81, 0x80, 0x80, 0x80, 0x80,
    0x81, 0x80, 0x81, 0x7f, 0x7f, 0x7f, 0x80, 0x80, 0x7f, 0x7f, 0x80, 0x81,
    0x81, 0x80, 0x7e, 0x7e, 0x7e, 0x7f, 0x80, 0x7e, 0x80, 0x7f, 0x7f, 0x7f,
    0x7d, 0x7f, 0x7f, 0x80, 0x83, 0x81, 0x81, 0x81, 0x80, 0x7f, 0x80, 0x7f,
    0x7f, 0x7f, 0x7f, 0x7f, 0x7f, 0x81, 0x7e, 0x7e, 0x7e, 0x7f, 0x7f, 0x7f,
    0x7f, 0x7f, 0x81, 0x7f, 0x7f, 0x80, 0x80, 0x80, 0x80, 0x80, 0x80, 0x80,
    0x80, 0x7f, 0x81, 0x7f, 0x7f, 0x80, 0x7f, 0x80, 0x80, 0x81, 0x81, 0x7f,
    0x7f, 0x80, 0x80, 0x7e, 0x7e, 0x7f, 0x7f, 0x80, 0x80, 0x81, 0x80, 0x80,
    0x80, 0x7f, 0x80, 0x80, 0x7f, 0x7f, 0x7d, 0x80, 0x80, 0x7f, 0x80, 0x80,
    0x80, 0x7f, 0x80, 0x7d, 0x7e, 0x80, 0x7f, 0x80, 0x7f, 0x7f, 0x81, 0x80,
    0x7f, 0x7f, 0x7f, 0x7f, 0x7e, 0x7f, 0x7f, 0x7e, 0x7e, 0x7e, 0x7f, 0x80,
    0x80, 0x80, 0x81, 0x80, 0x80, 0x80, 0x7f, 0x80, 0x81, 0x80, 0x80, 0x80,
    0x7f, 0x80, 0x7f, 0x80, 0x80, 0x81, 0x7f, 0x80, 0x80, 0x7f, 0x80, 0x7f,
    0x80, 0x7e, 0x7f, 0x7e, 0x81, 0x80, 0x7f, 0x7f, 0x81, 0x81, 0x7f, 0x80,
    0x80, 0x80, 0x80, 0x81, 0x7f, 0x7e, 0x7d, 0x7d, 0x7e, 0x7f, 0x80, 0x81,
    0x81, 0x7f, 0x80, 0x80, 0x80, 0x80, 0x7f, 0x7f, 0x80, 0x80, 0x7f, 0x7d,
    0x7e, 0x7f, 0x7d, 0x80, 0x80, 0x7f, 0x82, 0x81, 0x80, 0x80, 0x80, 0x7f,
    0x7f, 0x7d, 0x7d, 0x7e, 0x7e, 0x7f, 0x7f, 0x80, 0x81, 0x80, 0x80, 0x81,
    0x81, 0x82, 0x82, 0x80, 0x80, 0x7e, 0x80, 0x82, 0x80, 0x81, 0x80, 0x7e,
    0x80, 0x80, 0x7f, 0x80, 0x7f, 0x80, 0x80, 0x80, 0x80, 0x7f, 0x7f, 0x7e,
    0x7e, 0x7e, 0x80, 0x7e, 0x7f, 0x81, 0x80, 0x7f, 0x80, 0x80, 0x7f, 0x7e,
    0x7e, 0x7e, 0x7f, 0x80, 0x7d, 0x7e, 0x7f, 0x80, 0x7f, 0x7f, 0x80, 0x81,
    0x81, 0x80, 0x80, 0x80, 0x80, 0x80, 0x80, 0x81, 0x80, 0x7f, 0x7f, 0x7d,
    0x80, 0x80, 0x7e, 0x80, 0x80, 0x7f, 0x7e, 0x7e, 0x7f, 0x7f, 0x7e, 0x80,
    0x80, 0x81, 0x80, 0x7f, 0x7f, 0x80, 0x81, 0x80, 0x7f, 0x7e, 0x81, 0x80,
    0x7e, 0x80, 0x80, 0x80, 0x81, 0x7f, 0x7e, 0x7f, 0x80, 0x80, 0x7e, 0x7f,
    0x7e, 0x7f, 0x7e, 0x7f, 0x7f, 0x7f, 0x80, 0x81, 0x82, 0x81, 0x81, 0x7f,
    0x80, 0x81, 0x7e, 0x7f, 0x81, 0x80, 0x80, 0x81, 0x81, 0x7f, 0x7f, 0x80,
    0x80, 0x80, 0x7f, 0x7f, 0x7f, 0x80, 0x80, 0x7e, 0x7f, 0x80, 0x7e, 0x7e,
    0x7e, 0x7e, 0x7f, 0x7f, 0x7f, 0x7e, 0x7d, 0x7f, 0x80, 0x7f, 0x80, 0x80,
    0x81, 0x80, 0x7f, 0x81, 0x80, 0x82, 0x82, 0x7e, 0x80, 0x80, 0x80, 0x7f,
    0x7e, 0x80, 0x7f, 0x7f, 0x7f, 0x80, 0x80, 0x81, 0x7f, 0x7f, 0x7e, 0x7d,
    0x81, 0x80, 0x80, 0x81, 0x80, 0x81, 0x80, 0x80, 0x81, 0x80, 0x80, 0x80,
    0x7f, 0x7e, 0x80, 0x80, 0x80, 0x7f, 0x7e, 0x7e, 0x7e, 0x7f, 0x7d, 0x7f,
    0x7f, 0x7f, 0x80, 0x81, 0x80, 0x80, 0x80, 0x7f, 0x7f, 0x7e, 0x7e, 0x80,
    0x80, 0x7f, 0x7f, 0x7e, 0x7f, 0x7f, 0x80, 0x81, 0x81, 0x81, 0x80, 0x81,
    0x80, 0x80, 0x80, 0x80, 0x7f, 0x7e, 0x7f, 0x7e, 0x7e, 0x7e, 0x7e, 0x81,
    0x7e, 0x7d, 0x7e, 0x80, 0x7f, 0x7f, 0x80, 0x80, 0x81, 0x80, 0x7f, 0x7f,
    0x81, 0x81, 0x81, 0x7f, 0x7f, 0x80, 0x7f, 0x7f, 0x80, 0x7f, 0x80, 0x7f,
    0x80, 0x81, 0x80, 0x80, 0x80, 0x7e, 0x7d, 0x7f, 0x7f, 0x80, 0x7e, 0x7f,
    0x81, 0x81, 0x81, 0x7f, 0x80, 0x81, 0x80, 0x81, 0x81, 0x81, 0x7f, 0x7f,
    0x7f, 0x80, 0x7f, 0x7e, 0x7e, 0x7f, 0x7f, 0x7e, 0x7e, 0x7f, 0x7e, 0x7e,
    0x7e, 0x7e, 0x80, 0x7f, 0x7f, 0x80, 0x80, 0x81, 0x81, 0x80, 0x81, 0x80,
    0x7f, 0x7f, 0x7f, 0x7f, 0x80, 0x80, 0x80, 0x81, 0x81, 0x81, 0x80, 0x7f,
    0x7f, 0x81, 0x81, 0x80, 0x80, 0x80, 0x80, 0x7f, 0x7e, 0x7d, 0x7f, 0x7e,
    0x7e, 0x80, 0x7e, 0x7f, 0x7d, 0x7f, 0x7f, 0x7d, 0x7c, 0x7d, 0x7f, 0x80,
    0x81, 0x80, 0x82, 0x80, 0x81, 0x81, 0x81, 0x82, 0x80, 0x81, 0x80, 0x81,
    0x82, 0x81, 0x80, 0x80, 0x80, 0x80, 0x80, 0x7f, 0x7e, 0x7d, 0x7e, 0x7f,
    0x80, 0x7e, 0x7e, 0x7e, 0x7f, 0x7f, 0x7f, 0x7f, 0x7e, 0x7f, 0x7e, 0x81,
    0x81, 0x80, 0x81, 0x81, 0x82, 0x81, 0x7f, 0x81, 0x7f, 0x7e, 0x7f, 0x7e,
    0x80, 0x7e, 0x7e, 0x80, 0x80, 0x7f, 0x7f, 0x7f, 0x80, 0x80, 0x80, 0x81,
    0x80, 0x7f, 0x80, 0x7f, 0x7f, 0x7e, 0x7f, 0x7f, 0x7e, 0x80, 0x7f, 0x80,
    0x7f, 0x7e, 0x7f, 0x80, 0x7f, 0x7f, 0x80, 0x80, 0x7f, 0x7f, 0x80, 0x7f,
    0x81, 0x80, 0x80, 0x7f, 0x7f, 0x80, 0x80, 0x80, 0x7e, 0x80, 0x80, 0x80,
    0x82, 0x80, 0x80, 0x7f, 0x81, 0x80, 0x80, 0x80, 0x80, 0x7f, 0x7e, 0x80,
    0x81, 0x81, 0x81, 0x7f, 0x80, 0x80, 0x7f, 0x80, 0x80, 0x80, 0x7e, 0x7f,
    0x7f, 0x80, 0x80, 0x7e, 0x7e, 0x7f, 0x7f, 0x7e, 0x7e, 0x7e, 0x7e, 0x7f,
    0x80, 0x7e, 0x7f, 0x7f, 0x7f, 0x80, 0x7f, 0x80, 0x80, 0x80, 0x80, 0x80,
    0x80, 0x80, 0x81, 0x81, 0x82, 0x81, 0x80, 0x80, 0x80, 0x7f, 0x7f, 0x80,
    0x7e, 0x7f, 0x80, 0x7f, 0x7f, 0x7f, 0x7f, 0x7e, 0x7f, 0x7e, 0x7e, 0x7f,
    0x7e, 0x80, 0x80, 0x7f, 0x7f, 0x80, 0x81, 0x80, 0x80, 0x80, 0x81, 0x81,
    0x80, 0x80, 0x80, 0x80, 0x7e, 0x7e, 0x80, 0x7f, 0x7f, 0x80, 0x80, 0x80,
    0x80, 0x80, 0x7f, 0x7e, 0x80, 0x82, 0x80, 0x80, 0x80, 0x7f, 0x7f, 0x80,
    0x7f, 0x7e, 0x7e, 0x80, 0x7e, 0x7d, 0x7d, 0x7e, 0x7f, 0x7f, 0x80, 0x7f,
    0x80, 0x80, 0x80, 0x7f, 0x80, 0x80, 0x80, 0x7f, 0x7f, 0x80, 0x81, 0x81,
    0x81, 0x7f, 0x80, 0x81, 0x7f, 0x80, 0x80, 0x80, 0x80, 0x7e, 0x7f, 0x80,
    0x80, 0x7f, 0x7f, 0x7f, 0x7f, 0x7f, 0x7f, 0x81, 0x7e, 0x80, 0x7f, 0x7f,
    0x7e, 0x7d, 0x80, 0x80, 0x80, 0x80, 0x81, 0x80, 0x7f, 0x80, 0x80, 0x81,
    0x7f, 0x7f, 0x80, 0x7f, 0x7f, 0x7e, 0x81, 0x80, 0x80, 0x81, 0x7f, 0x7f,
    0x7f, 0x7e, 0x7e, 0x7f, 0x80, 0x80, 0x80, 0x81, 0x81, 0x81, 0x80, 0x7f,
    0x81, 0x7e, 0x80, 0x7f, 0x7f, 0x7f, 0x7f, 0x80, 0x7e, 0x7f, 0x7f, 0x80,
    0x7f, 0x7f, 0x80, 0x81, 0x7f, 0x7d, 0x7f, 0x7e, 0x7f, 0x80, 0x80, 0x7f,
    0x7f, 0x80, 0x80, 0x80, 0x80, 0x81, 0x81, 0x80, 0x81, 0x81, 0x7f, 0x81,
    0x81, 0x7e, 0x81, 0x80, 0x80, 0x81, 0x7f, 0x7f, 0x7e, 0x7e, 0x7e, 0x7f,
    0x7e, 0x7f, 0x80, 0x7f, 0x80, 0x7f, 0x7f, 0x7f, 0x80, 0x7f, 0x80, 0x7f,
    0x7e, 0x7f, 0x7e, 0x7e, 0x80, 0x80, 0x80, 0x80, 0x80, 0x80, 0x81, 0x7f,
    0x80, 0x81, 0x7f, 0x80, 0x80, 0x80, 0x7f, 0x7f, 0x80, 0x7e, 0x7f, 0x81,
    0x80, 0x80, 0x7f, 0x7f, 0x7f, 0x80, 0x80, 0x7f, 0x7f, 0x7f, 0x7f, 0x7f,
    0x80, 0x7f, 0x7f, 0x80, 0x7f, 0x80, 0x81, 0x81, 0x81, 0x80, 0x81, 0x81,
    0x81, 0x81, 0x7f, 0x80, 0x7e, 0x7f, 0x7d, 0x7f, 0x7f, 0x7c, 0x7d, 0x7e,
    0x80, 0x7e, 0x7f, 0x81, 0x80, 0x7f, 0x7f, 0x80, 0x80, 0x7f, 0x80, 0x81,
    0x80, 0x81, 0x81, 0x80, 0x80, 0x7f, 0x7f, 0x7f, 0x7f, 0x7e, 0x7e, 0x7e,
    0x7e, 0x7f, 0x7f, 0x80, 0x82, 0x81, 0x7f, 0x80, 0x80, 0x80, 0x80, 0x80,
    0x81, 0x80, 0x7f, 0x7f, 0x81, 0x7f, 0x7e, 0x81, 0x80, 0x7f, 0x80, 0x7f,
    0x7f, 0x80, 0x80, 0x80, 0x80, 0x80, 0x7f, 0x80, 0x81, 0x7f, 0x81, 0x81,
    0x81, 0x80, 0x80, 0x81, 0x7f, 0x80, 0x7f, 0x7f, 0x7f, 0x7d, 0x7f, 0x7f,
    0x7d, 0x7f, 0x7e, 0x7f, 0x7f, 0x7f, 0x80, 0x7e, 0x80, 0x80, 0x7e, 0x80,
    0x80, 0x80, 0x81, 0x80, 0x81, 0x81, 0x80, 0x81, 0x7f, 0x82, 0x80, 0x7e,
    0x7f, 0x7e, 0x7e, 0x7f, 0x80, 0x7f, 0x7f, 0x80, 0x7f, 0x7e, 0x7e, 0x7e,
    0x81, 0x80, 0x7f, 0x80, 0x81, 0x7f, 0x80, 0x80, 0x80, 0x80, 0x7e, 0x80,
    0x81, 0x7f, 0x7e, 0x7f, 0x80, 0x80, 0x81, 0x80, 0x80, 0x7e, 0x80, 0x7e,
    0x7f, 0x7f, 0x7d, 0x7e, 0x7f, 0x80, 0x80, 0x7f, 0x81, 0x80, 0x81, 0x81,
    0x80, 0x81, 0x7f, 0x7e, 0x7f, 0x7f, 0x7f, 0x80, 0x7f, 0x7e, 0x7f, 0x80,
    0x80, 0x7f, 0x80, 0x81, 0x81, 0x80, 0x7f, 0x7f, 0x7e, 0x7f, 0x7f, 0x80,
    0x81, 0x81, 0x82, 0x80, 0x80, 0x7e, 0x7f, 0x7d, 0x80, 0x80, 0x7e, 0x80,
    0x80, 0x81, 0x80, 0x7f, 0x80, 0x80, 0x80, 0x81, 0x7e, 0x80, 0x7f, 0x7e,
    0x7f, 0x7f, 0x7e, 0x80, 0x80, 0x7f, 0x80, 0x81, 0x80, 0x80, 0x80, 0x80,
    0x81, 0x80, 0x80, 0x7f, 0x7f, 0x80, 0x7e, 0x7e, 0x7e, 0x7d, 0x7d, 0x7f,
    0x7f, 0x80, 0x80, 0x81, 0x81, 0x80, 0x81, 0x7f, 0x7f, 0x7f, 0x7f, 0x7f,
    0x80, 0x81, 0x81, 0x80, 0x7f, 0x7e, 0x7f, 0x7f, 0x7e, 0x81, 0x82, 0x81,
    0x81, 0x80, 0x81, 0x80, 0x7f, 0x81, 0x7f, 0x80, 0x7f, 0x80, 0x7f, 0x7f,
    0x7e, 0x7e, 0x7f, 0x80, 0x80, 0x80, 0x81, 0x7f, 0x7e, 0x7e, 0x7e, 0x7d,
    0x7f, 0x7f, 0x7f, 0x7f, 0x7f, 0x7e, 0x7e, 0x81, 0x7f, 0x7f, 0x80, 0x7f,
    0x80, 0x7f, 0x80, 0x80, 0x7f, 0x7f, 0x80, 0x80, 0x80, 0x81, 0x81, 0x80,
    0x80, 0x7f, 0x81, 0x82, 0x81, 0x82, 0x81, 0x7f, 0x7f, 0x7f, 0x7e, 0x7e,
    0x80, 0x81, 0x80, 0x7e, 0x7e, 0x7c, 0x7b, 0x7e, 0x81, 0x84, 0x87, 0x88,
    0x83, 0x78, 0x73, 0x76, 0x81, 0x8c, 0x90, 0x8f, 0x83, 0x75, 0x6e, 0x6f,
    0x7b, 0x87, 0x8e, 0x8f, 0x83, 0x75, 0x6b, 0x6c, 0x78, 0x86, 0x8f, 0x90,
    0x85, 0x7a, 0x6e, 0x6e, 0x7b, 0x8a, 0x95, 0x94, 0x88, 0x77, 0x6c, 0x6d,
    0x79, 0x8a, 0x94, 0x91, 0x86, 0x76, 0x6a, 0x6a, 0x79, 0x88, 0x95, 0x95,
    0x87, 0x79, 0x6c, 0x6d, 0x7c, 0x8c, 0x96, 0x90, 0x83, 0x74, 0x6a, 0x6a,
    0x75, 0x87, 0x92, 0x93, 0x85, 0x76, 0x69, 0x6b, 0x79, 0x8b, 0x92, 0x92,
    0x88, 0x75, 0x6b, 0x68, 0x77, 0x88, 0x94, 0x95, 0x89, 0x79, 0x6d, 0x6b,
    0x79, 0x8a, 0x96, 0x96, 0x8a, 0x7a, 0x6b, 0x6a, 0x79, 0x88, 0x94, 0x95,
    0x88, 0x78, 0x6b, 0x6b, 0x78, 0x88, 0x92, 0x93, 0x86, 0x74, 0x69, 0x69,
    0x77, 0x89, 0x94, 0x95, 0x87, 0x77, 0x6c, 0x6c, 0x7b, 0x8c, 0x96, 0x94,
    0x88, 0x73, 0x67, 0x69, 0x78, 0x8a, 0x93, 0x91, 0x84, 0x75, 0x68, 0x6c,
    0x77, 0x89, 0x96, 0x93, 0x87, 0x73, 0x6a, 0x6d, 0x7b, 0x8d, 0x97, 0x93,
    0x86, 0x74, 0x6b, 0x70, 0x7d, 0x8c, 0x95, 0x93, 0x85, 0x76, 0x6a, 0x6d,
    0x7a, 0x89, 0x95, 0x91, 0x85, 0x76, 0x69, 0x69, 0x79, 0x87, 0x93, 0x95,
    0x8a, 0x79, 0x6d, 0x6b, 0x74, 0x85, 0x8f, 0x94, 0x8b, 0x7b, 0x6d, 0x6b,
    0x73, 0x81, 0x8e, 0x95, 0x92, 0x7f, 0x72, 0x6b, 0x6f, 0x7d, 0x8c, 0x97,
    0x92, 0x83, 0x73, 0x6b, 0x6c, 0x7b, 0x8c, 0x94, 0x91, 0x86, 0x75, 0x6a,
    0x6c, 0x78, 0x8a, 0x95, 0x94, 0x87, 0x77, 0x6c, 0x6b, 0x76, 0x88, 0x94,
    0x95, 0x8a, 0x77, 0x6b, 0x69, 0x74, 0x86, 0x91, 0x94, 0x8b, 0x78, 0x69,
    0x68, 0x72, 0x83, 0x91, 0x93, 0x8d, 0x7d, 0x6e, 0x68, 0x73, 0x83, 0x92,
    0x97, 0x8f, 0x7f, 0x70, 0x6a, 0x72, 0x82, 0x90, 0x98, 0x93, 0x85, 0x75,
    0x6c, 0x6e, 0x7d, 0x8c, 0x96, 0x92, 0x82, 0x74, 0x68, 0x69, 0x76, 0x86,
    0x90, 0x91, 0x86, 0x76, 0x6a, 0x68, 0x74, 0x82, 0x91, 0x92, 0x8b, 0x7b,
    0x6c, 0x6a, 0x73, 0x85, 0x91, 0x96, 0x8e, 0x80, 0x71, 0x6f, 0x75, 0x81,
    0x90, 0x97, 0x91, 0x81, 0x74, 0x6b, 0x6f, 0x7f, 0x8d, 0x95, 0x91, 0x83,
    0x73, 0x6c, 0x6e, 0x7a, 0x8b, 0x91, 0x8e, 0x82, 0x72, 0x68, 0x6c, 0x77,
    0x89, 0x94, 0x8f, 0x83, 0x73, 0x6b, 0x6d, 0x78, 0x87, 0x94, 0x94, 0x8a,
    0x7b, 0x6d, 0x6f, 0x7a, 0x89, 0x95, 0x96, 0x8c, 0x7b, 0x6e, 0x6d, 0x74,
    0x83, 0x90, 0x95, 0x8d, 0x7f, 0x70, 0x69, 0x72, 0x80, 0x8d, 0x93, 0x8d,
    0x81, 0x71, 0x68, 0x70, 0x7c, 0x8b, 0x93, 0x90, 0x82, 0x72, 0x69, 0x6c,
    0x7b, 0x8a, 0x94, 0x94, 0x87, 0x76, 0x6a, 0x6c, 0x77, 0x88, 0x94, 0x94,
    0x89, 0x76, 0x6d, 0x6b, 0x78, 0x88, 0x92, 0x96, 0x8b, 0x7a, 0x6c, 0x6c,
    0x75, 0x86, 0x91, 0x95, 0x8b, 0x7a, 0x6f, 0x69, 0x73, 0x81, 0x90, 0x95,
    0x8d, 0x7d, 0x6f, 0x6a, 0x70, 0x7e, 0x8d, 0x96, 0x8f, 0x80, 0x71, 0x6b,
    0x71, 0x7e, 0x8d, 0x96, 0x93, 0x85, 0x74, 0x6c, 0x71, 0x7b, 0x8a, 0x94,
    0x91, 0x84, 0x75, 0x6c, 0x6a, 0x75, 0x86, 0x90, 0x91, 0x89, 0x7a, 0x6e,
    0x6c, 0x75, 0x83, 0x8e, 0x93, 0x8b, 0x7d, 0x71, 0x6b, 0x72, 0x80, 0x8d,
    0x94, 0x90, 0x82, 0x73, 0x6d, 0x70, 0x7e, 0x8c, 0x93, 0x90, 0x86, 0x79,
    0x6d, 0x6f, 0x7c, 0x8a, 0x91, 0x90, 0x84, 0x76, 0x6c, 0x69, 0x75, 0x84,
    0x8f, 0x92, 0x88, 0x78, 0x6d, 0x6d, 0x76, 0x85, 0x92, 0x97, 0x8e, 0x7d,
    0x72, 0x6a, 0x72, 0x81, 0x8d, 0x93, 0x8c, 0x7e, 0x70, 0x69, 0x70, 0x7e,
    0x8d, 0x95, 0x90, 0x82, 0x76, 0x6d, 0x72, 0x80, 0x8f, 0x98, 0x92, 0x83,
    0x73, 0x6b, 0x6d, 0x7a, 0x88, 0x94, 0x92, 0x84, 0x74, 0x6a, 0x6a, 0x77,
    0x87, 0x92, 0x94, 0x87, 0x78, 0x6c, 0x6c, 0x77, 0x85, 0x90, 0x92, 0x89,
    0x7a, 0x6c, 0x6b, 0x75, 0x85, 0x91, 0x95, 0x8c, 0x7c, 0x70, 0x6c, 0x76,
    0x82, 0x8f, 0x94, 0x8e, 0x7e, 0x71, 0x6c, 0x72, 0x80, 0x8e, 0x94, 0x8e,
    0x7f, 0x70, 0x6b, 0x71, 0x7f, 0x8c, 0x94, 0x90, 0x83, 0x72, 0x6a, 0x6d,
    0x7a, 0x8a, 0x93, 0x91, 0x86, 0x77, 0x6a, 0x6b, 0x77, 0x86, 0x92, 0x94,
    0x8a, 0x79, 0x6d, 0x6c, 0x77, 0x87, 0x92, 0x97, 0x8d, 0x7d, 0x6f, 0x6d,
    0x75, 0x83, 0x90, 0x94, 0x8c, 0x7d, 0x6f, 0x6b, 0x70, 0x80, 0x8f, 0x91,
    0x8b, 0x7c, 0x70, 0x6b, 0x72, 0x80, 0x8d, 0x94, 0x8c, 0x7f, 0x73, 0x6a,
    0x70, 0x7f, 0x8a, 0x92, 0x8e, 0x80, 0x73, 0x6e, 0x72, 0x81, 0x8e, 0x94,
    0x91, 0x84, 0x77, 0x6f, 0x73, 0x7d, 0x8a, 0x92, 0x90, 0x83, 0x74, 0x6d,
    0x70, 0x7c, 0x8b, 0x92, 0x8f, 0x86, 0x74, 0x6a, 0x6b, 0x76, 0x85, 0x90,
    0x8f, 0x84, 0x76, 0x6b, 0x6b, 0x75, 0x87, 0x92, 0x94, 0x8a, 0x7b, 0x6f,
    0x6b, 0x75, 0x85, 0x91, 0x94, 0x8e, 0x7f, 0x70, 0x6e, 0x75, 0x83, 0x91,
    0x95, 0x8e, 0x80, 0x72, 0x6b, 0x73, 0x80, 0x8e, 0x94, 0x8e, 0x7f, 0x71,
    0x6a, 0x6f, 0x7b, 0x8c, 0x94, 0x8e, 0x81, 0x71, 0x6a, 0x6d, 0x7b, 0x88,
    0x91, 0x8e, 0x81, 0x74, 0x6b, 0x6e, 0x7c, 0x8c, 0x95, 0x92, 0x87, 0x78,
    0x6d, 0x6f, 0x7c, 0x8b, 0x94, 0x93, 0x87, 0x77, 0x6a, 0x6f, 0x78, 0x89,
    0x94, 0x94, 0x87, 0x77, 0x6c, 0x6b, 0x76, 0x85, 0x93, 0x91, 0x88, 0x79,
    0x6e, 0x68, 0x71, 0x82, 0x8e, 0x94, 0x8c, 0x7b, 0x6f, 0x6c, 0x73, 0x83,
    0x90, 0x95, 0x90, 0x81, 0x71, 0x6c, 0x74, 0x7e, 0x8d, 0x94, 0x8f, 0x83,
    0x74, 0x6c, 0x73, 0x80, 0x8b, 0x93, 0x90, 0x81, 0x72, 0x6b, 0x6e, 0x7a,
    0x88, 0x92, 0x8f, 0x85, 0x77, 0x6c, 0x6f, 0x7a, 0x88, 0x8f, 0x8f, 0x86,
    0x77, 0x6e, 0x70, 0x7b, 0x88, 0x92, 0x91, 0x87, 0x7a, 0x6f, 0x6e, 0x79,
    0x88, 0x90, 0x90, 0x87, 0x76, 0x6d, 0x6d, 0x78, 0x86, 0x8f, 0x91, 0x87,
    0x7a, 0x6f, 0x70, 0x79, 0x85, 0x92, 0x92, 0x89, 0x7b, 0x6d, 0x6d, 0x77,
    0x83, 0x90, 0x92, 0x89, 0x7c, 0x6f, 0x6d, 0x74, 0x81, 0x8e, 0x92, 0x8c,
    0x7e, 0x70, 0x6b, 0x71, 0x80, 0x8d, 0x93, 0x8e, 0x80, 0x72, 0x6b, 0x71,
    0x7f, 0x8d, 0x94, 0x92, 0x84, 0x75, 0x6e, 0x6e, 0x7e, 0x8c, 0x93, 0x8e,
    0x83, 0x74, 0x6b, 0x6f, 0x79, 0x89, 0x91, 0x8f, 0x84, 0x75, 0x6c, 0x6d,
    0x79, 0x88, 0x92, 0x92, 0x88, 0x79, 0x6e, 0x6e, 0x79, 0x87, 0x92, 0x90,
    0x87, 0x79, 0x6d, 0x6e, 0x77, 0x86, 0x90, 0x92, 0x8b, 0x7d, 0x71, 0x6e,
    0x74, 0x7f, 0x8c, 0x91, 0x8b, 0x7f, 0x73, 0x6e, 0x71, 0x7e, 0x8b, 0x90,
    0x8e, 0x82, 0x74, 0x6c, 0x71, 0x7c, 0x89, 0x91, 0x90, 0x86, 0x78, 0x6f,
    0x6e, 0x78, 0x86, 0x91, 0x90, 0x8a, 0x7d, 0x6f, 0x6d, 0x75, 0x82, 0x8e,
    0x91, 0x8b, 0x7e, 0x72, 0x6d, 0x74, 0x81, 0x8e, 0x92, 0x8d, 0x80, 0x72,
    0x6c, 0x70, 0x7d, 0x8a, 0x92, 0x90, 0x83, 0x76, 0x6e, 0x70, 0x7a, 0x89,
    0x92, 0x8e, 0x86, 0x77, 0x6c, 0x6f, 0x79, 0x89, 0x92, 0x92, 0x87, 0x7a,
    0x6d, 0x6c, 0x77, 0x84, 0x90, 0x92, 0x8c, 0x7a, 0x6e, 0x6e, 0x74, 0x82,
    0x8d, 0x93, 0x8b, 0x7b, 0x70, 0x6b, 0x72, 0x80, 0x8c, 0x91, 0x8e, 0x81,
    0x74, 0x6d, 0x6f, 0x7e, 0x8c, 0x95, 0x93, 0x85, 0x78, 0x6e, 0x72, 0x7c,
    0x89, 0x95, 0x93, 0x88, 0x76, 0x6c, 0x6d, 0x76, 0x86, 0x92, 0x92, 0x86,
    0x75, 0x6a, 0x6a, 0x75, 0x82, 0x8e, 0x92, 0x87, 0x79, 0x6e, 0x6c, 0x76,
    0x85, 0x92, 0x94, 0x8b, 0x7b, 0x6f, 0x6b, 0x73, 0x82, 0x8f, 0x95, 0x8c,
    0x7d, 0x71, 0x6c, 0x73, 0x84, 0x91, 0x96, 0x8f, 0x7f, 0x6e, 0x6a, 0x74,
    0x81, 0x90, 0x95, 0x8f, 0x7f, 0x71, 0x6c, 0x70, 0x7e, 0x8c, 0x92, 0x90,
    0x80, 0x70, 0x69, 0x70, 0x7c, 0x8a, 0x92, 0x8e, 0x84, 0x73, 0x6c, 0x6e,
    0x7b, 0x8b, 0x92, 0x90, 0x86, 0x78, 0x6d, 0x6f, 0x7a, 0x89, 0x91, 0x93,
    0x8a, 0x7a, 0x6f, 0x6c, 0x78, 0x86, 0x91, 0x93, 0x89, 0x7d, 0x70, 0x6e,
    0x75, 0x82, 0x8f, 0x92, 0x8c, 0x7c, 0x6f, 0x6b, 0x72, 0x7f, 0x8a, 0x90,
    0x8b, 0x80, 0x73, 0x6d, 0x73, 0x7e, 0x8b, 0x92, 0x8e, 0x83, 0x77, 0x6e,
    0x70, 0x7b, 0x88, 0x90, 0x90, 0x86, 0x75, 0x6d, 0x6e, 0x7b, 0x89, 0x8f,
    0x90, 0x87, 0x79, 0x6c, 0x6e, 0x7a, 0x89, 0x92, 0x92, 0x86, 0x77, 0x6d,
    0x6c, 0x79, 0x89, 0x93, 0x93, 0x8a, 0x7a, 0x6f, 0x6d, 0x77, 0x84, 0x8f,
    0x93, 0x8b, 0x7b, 0x70, 0x6c, 0x73, 0x81, 0x8d, 0x90, 0x8b, 0x7d, 0x6e,
    0x6a, 0x70, 0x7e, 0x8e, 0x95, 0x8f, 0x83, 0x75, 0x6e, 0x71, 0x7b, 0x8a,
    0x94, 0x92, 0x87, 0x78, 0x6c, 0x6d, 0x79, 0x89, 0x93, 0x94, 0x8b, 0x7a,
    0x6d, 0x6c, 0x75, 0x83, 0x90, 0x94, 0x8a, 0x7a, 0x6b, 0x68, 0x70, 0x81,
    0x90, 0x95, 0x8c, 0x7e, 0x6e, 0x67, 0x6f, 0x7d, 0x8d, 0x96, 0x93, 0x82,
    0x74, 0x69, 0x6d, 0x7d, 0x8c, 0x95, 0x95, 0x86, 0x75, 0x6c, 0x6e, 0x7b,
    0x8b, 0x96, 0x95, 0x89, 0x78, 0x6d, 0x6d, 0x77, 0x89, 0x93, 0x93, 0x88,
    0x76, 0x69, 0x69, 0x75, 0x87, 0x95, 0x95, 0x8a, 0x7b, 0x6b, 0x69, 0x75,
    0x84, 0x93, 0x96, 0x89, 0x79, 0x6b, 0x66, 0x71, 0x81, 0x90, 0x94, 0x8d,
    0x7e, 0x70, 0x6a, 0x72, 0x82, 0x90, 0x97, 0x8f, 0x80, 0x72, 0x69, 0x6e,
    0x7f, 0x8f, 0x96, 0x90, 0x82, 0x71, 0x69, 0x6e, 0x7f, 0x8d, 0x94, 0x94,
    0x84, 0x73, 0x68, 0x6c, 0x7a, 0x8b, 0x97, 0x94, 0x88, 0x75, 0x6a, 0x6a,
    0x76, 0x88, 0x92, 0x93, 0x88, 0x78, 0x6a, 0x69, 0x75, 0x85, 0x93, 0x94,
    0x8a, 0x79, 0x6b, 0x6a, 0x74, 0x83, 0x92, 0x98, 0x8e, 0x7d, 0x71, 0x6b,
    0x74, 0x85, 0x93, 0x97, 0x8e, 0x81, 0x70, 0x69, 0x6e, 0x7f, 0x8c, 0x92,
    0x8e, 0x80, 0x70, 0x66, 0x6c, 0x7a, 0x8a, 0x96, 0x94, 0x86, 0x76, 0x6a,
    0x6a, 0x79, 0x8a, 0x95, 0x96, 0x87, 0x78, 0x6d, 0x6a, 0x77, 0x87, 0x94,
    0x95, 0x8a, 0x78, 0x6b, 0x6a, 0x75, 0x86, 0x93, 0x94, 0x8b, 0x7a, 0x6b,
    0x68, 0x73, 0x85, 0x91, 0x94, 0x8c, 0x7d, 0x70, 0x6b, 0x74, 0x84, 0x90,
    0x96, 0x8e, 0x7d, 0x6d, 0x68, 0x6e, 0x80, 0x8f, 0x95, 0x8f, 0x7e, 0x6f,
    0x67, 0x6f, 0x7e, 0x90, 0x98, 0x93, 0x83, 0x73, 0x68, 0x70, 0x81, 0x90,
    0x9a, 0x92, 0x83, 0x70, 0x67, 0x6d, 0x7c, 0x8c, 0x96, 0x90, 0x82, 0x70,
    0x67, 0x6c, 0x7b, 0x8d, 0x95, 0x92, 0x81, 0x70, 0x67, 0x6f, 0x82, 0x91,
    0x97, 0x91, 0x83, 0x70, 0x68, 0x6e, 0x7e, 0x8d, 0x98, 0x94, 0x84, 0x73,
    0x68, 0x6d, 0x7b, 0x8a, 0x92, 0x92, 0x84, 0x74, 0x68, 0x6a, 0x74, 0x86,
    0x95, 0x95, 0x8a, 0x79, 0x6b, 0x6a, 0x75, 0x87, 0x95, 0x98, 0x8f, 0x7e,
    0x70, 0x6b, 0x72, 0x82, 0x8e, 0x96, 0x92, 0x81, 0x70, 0x69, 0x6e, 0x7d,
    0x8c, 0x94, 0x90, 0x83, 0x72, 0x67, 0x6b, 0x77, 0x89, 0x96, 0x94, 0x86,
    0x73, 0x67, 0x6a, 0x76, 0x8a, 0x96, 0x96, 0x8d, 0x7a, 0x6c, 0x6a, 0x73,
    0x83, 0x94, 0x96, 0x8d, 0x7b, 0x6b, 0x6a, 0x73, 0x81, 0x91, 0x96, 0x8c,
    0x7d, 0x6e, 0x6a, 0x71, 0x80, 0x91, 0x96, 0x91, 0x83, 0x70, 0x68, 0x6f,
    0x7e, 0x8e, 0x95, 0x94, 0x84, 0x73, 0x68, 0x6b, 0x7a, 0x8b, 0x96, 0x93,
    0x86, 0x74, 0x69, 0x6a, 0x7a, 0x8a, 0x95, 0x95, 0x89, 0x77, 0x69, 0x68,
    0x73, 0x85, 0x92, 0x96, 0x8a, 0x79, 0x6c, 0x6a, 0x74, 0x85, 0x95, 0x98,
    0x8e, 0x7d, 0x6d, 0x67, 0x71, 0x80, 0x8f, 0x97, 0x92, 0x83, 0x70, 0x68,
    0x6e, 0x7c, 0x8b, 0x95, 0x92, 0x83, 0x73, 0x67, 0x6b, 0x77, 0x88, 0x94,
    0x95, 0x8b, 0x78, 0x6a, 0x6b, 0x76, 0x88, 0x97, 0x96, 0x8a, 0x79, 0x6c,
    0x69, 0x78, 0x86, 0x94, 0x97, 0x8c, 0x7c, 0x6b, 0x69, 0x73, 0x84, 0x92,
    0x95, 0x8b, 0x7a, 0x6c, 0x68, 0x6e, 0x80, 0x91, 0x97, 0x90, 0x7f, 0x6f,
    0x68, 0x6f, 0x80, 0x8f, 0x99, 0x92, 0x80, 0x72, 0x69, 0x6f, 0x7e, 0x8e,
    0x96, 0x93, 0x84, 0x73, 0x68, 0x6c, 0x7b, 0x8f, 0x97, 0x93, 0x85, 0x71,
    0x68, 0x69, 0x7a, 0x8c, 0x97, 0x94, 0x87, 0x72, 0x67, 0x69, 0x77, 0x8b,
    0x97, 0x97, 0x88, 0x75, 0x69, 0x68, 0x76, 0x89, 0x94, 0x98, 0x8c, 0x79,
    0x6a, 0x68, 0x73, 0x85, 0x94, 0x98, 0x90, 0x7e, 0x6d, 0x69, 0x71, 0x81,
    0x90, 0x96, 0x8e, 0x80, 0x6f, 0x67, 0x6f, 0x7e, 0x8e, 0x95, 0x8e, 0x80,
    0x71, 0x6a, 0x6d, 0x7b, 0x8e, 0x95, 0x94, 0x85, 0x73, 0x69, 0x6b, 0x7a,
    0x8a, 0x96, 0x92, 0x85, 0x75, 0x6a, 0x6b, 0x7a, 0x8a, 0x97, 0x98, 0x8d,
    0x7c, 0x6d, 0x6a, 0x73, 0x85, 0x93, 0x96, 0x8d, 0x7e, 0x6e, 0x68, 0x70,
    0x7f, 0x8f, 0x96, 0x91, 0x80, 0x71, 0x67, 0x6b, 0x7c, 0x8c, 0x94, 0x93,
    0x83, 0x72, 0x67, 0x6a, 0x79, 0x87, 0x93, 0x93, 0x8a, 0x78, 0x6a, 0x6a,
    0x75, 0x87, 0x95, 0x98, 0x8d, 0x7b, 0x6d, 0x68, 0x73, 0x83, 0x92, 0x98,
    0x91, 0x7f, 0x6d, 0x68, 0x6f, 0x7f, 0x92, 0x99, 0x93, 0x83, 0x72, 0x69,
    0x6d, 0x7e, 0x8d, 0x97, 0x94, 0x83, 0x70, 0x65, 0x68, 0x76, 0x8b, 0x98,
    0x95, 0x88, 0x75, 0x68, 0x68, 0x75, 0x88, 0x96, 0x97, 0x8b, 0x78, 0x6b,
    0x66, 0x74, 0x86, 0x95, 0x98, 0x8d, 0x7b, 0x6d, 0x68, 0x71, 0x83, 0x91,
    0x98, 0x91, 0x81, 0x70, 0x6a, 0x6e, 0x7d, 0x90, 0x96, 0x92, 0x84, 0x71,
    0x67, 0x6a, 0x7a, 0x8a, 0x97, 0x94, 0x87, 0x75, 0x68, 0x6b, 0x77, 0x89,
    0x96, 0x97, 0x8c, 0x7a, 0x6b, 0x67, 0x72, 0x82, 0x92, 0x97, 0x8d, 0x7c,
    0x6c, 0x68, 0x6f, 0x80, 0x91, 0x98, 0x92, 0x83, 0x73, 0x68, 0x6d, 0x79,
    0x8b, 0x94, 0x94, 0x88, 0x78, 0x6d, 0x69, 0x71, 0x82, 0x92, 0x98, 0x90,
    0x81, 0x71, 0x69, 0x6f, 0x7e, 0x8d, 0x94, 0x90, 0x84, 0x74, 0x68, 0x6e,
    0x7a, 0x8b, 0x95, 0x93, 0x86, 0x74, 0x6b, 0x6a, 0x77, 0x89, 0x96, 0x95,
    0x89, 0x77, 0x68, 0x68, 0x76, 0x88, 0x96, 0x97, 0x89, 0x79, 0x6a, 0x68,
    0x75, 0x85, 0x93, 0x96, 0x8d, 0x7c, 0x6b, 0x67, 0x72, 0x84, 0x94, 0x99,
    0x92, 0x80, 0x6f, 0x69, 0x6f, 0x7e, 0x8f, 0x98, 0x93, 0x85, 0x72, 0x6a,
    0x6b, 0x79, 0x8c, 0x96, 0x94, 0x84, 0x72, 0x66, 0x69, 0x76, 0x87, 0x93,
    0x94, 0x89, 0x77, 0x6a, 0x68, 0x73, 0x85, 0x93, 0x98, 0x8f, 0x7d, 0x6e,
    0x69, 0x71, 0x83, 0x92, 0x99, 0x90, 0x7f, 0x70, 0x69, 0x70, 0x80, 0x91,
    0x96, 0x90, 0x80, 0x70, 0x67, 0x6d, 0x7b, 0x8d, 0x95, 0x92, 0x83, 0x71,
    0x67, 0x6a, 0x7a, 0x8c, 0x98, 0x95, 0x88, 0x75, 0x69, 0x6a, 0x78, 0x89,
    0x96, 0x95, 0x88, 0x77, 0x6a, 0x6a, 0x76, 0x88, 0x96, 0x97, 0x89, 0x79,
    0x6b, 0x6c, 0x74, 0x86, 0x92, 0x93, 0x8b, 0x7a, 0x6d, 0x6a, 0x73, 0x85,
    0x92, 0x95, 0x8d, 0x7d, 0x70, 0x6a, 0x72, 0x82, 0x8f, 0x93, 0x8e, 0x7e,
    0x6f, 0x69, 0x71, 0x7f, 0x8e, 0x94, 0x8f, 0x81, 0x73, 0x6c, 0x71, 0x7e,
    0x8d, 0x93, 0x8e, 0x82, 0x72, 0x69, 0x6c, 0x7c, 0x8b, 0x95, 0x93, 0x85,
    0x76, 0x6c, 0x6e, 0x7b, 0x89, 0x94, 0x95, 0x88, 0x78, 0x6c, 0x6d, 0x77,
    0x88, 0x93, 0x93, 0x89, 0x79, 0x6b, 0x69, 0x75, 0x85, 0x91, 0x95, 0x8b,
    0x7a, 0x6d, 0x68, 0x72, 0x81, 0x90, 0x97, 0x91, 0x7f, 0x6f, 0x6a, 0x70,
    0x7e, 0x8f, 0x95, 0x8e, 0x7f, 0x6f, 0x69, 0x6e, 0x7d, 0x8e, 0x95, 0x91,
    0x84, 0x70, 0x69, 0x70, 0x7e, 0x8b, 0x94, 0x92, 0x86, 0x76, 0x6b, 0x6f,
    0x7b, 0x8c, 0x95, 0x92, 0x85, 0x73, 0x6b, 0x6c, 0x79, 0x8b, 0x94, 0x92,
    0x86, 0x76, 0x6a, 0x6d, 0x77, 0x87, 0x91, 0x92, 0x89, 0x78, 0x6a, 0x6b,
    0x75, 0x85, 0x92, 0x94, 0x8a, 0x7a, 0x6e, 0x6b, 0x74, 0x82, 0x91, 0x94,
    0x8c, 0x7b, 0x6e, 0x6b, 0x74, 0x84, 0x91, 0x97, 0x91, 0x81, 0x71, 0x6c,
    0x70, 0x7f, 0x8e, 0x96, 0x92, 0x82, 0x73, 0x6a, 0x6f, 0x7c, 0x8a, 0x92,
    0x92, 0x83, 0x74, 0x6a, 0x6b, 0x78, 0x88, 0x91, 0x92, 0x85, 0x77, 0x6d,
    0x6d, 0x78, 0x87, 0x90, 0x93, 0x8a, 0x7a, 0x70, 0x6c, 0x77, 0x84, 0x90,
    0x92, 0x8a, 0x7c, 0x71, 0x6d, 0x76, 0x83, 0x8e, 0x93, 0x8c, 0x81, 0x71,
    0x6d, 0x72, 0x7e, 0x8c, 0x91, 0x8f, 0x81, 0x73, 0x6c, 0x72, 0x7c, 0x89,
    0x91, 0x8e, 0x84, 0x76, 0x6d, 0x6e, 0x77, 0x86, 0x91, 0x90, 0x87, 0x79,
    0x6e, 0x6d, 0x78, 0x86, 0x91, 0x92, 0x8a, 0x7c, 0x71, 0x71, 0x77, 0x82,
    0x8e, 0x91, 0x8a, 0x7e, 0x72, 0x6f, 0x73, 0x7e, 0x8a, 0x91, 0x8d, 0x81,
    0x74, 0x6c, 0x70, 0x7b, 0x88, 0x8f, 0x8d, 0x83, 0x76, 0x6d, 0x71, 0x7d,
    0x8a, 0x95, 0x94, 0x87, 0x7b, 0x6f, 0x70, 0x79, 0x84, 0x92, 0x93, 0x8b,
    0x7b, 0x6f, 0x6b, 0x74, 0x82, 0x8d, 0x91, 0x8a, 0x7c, 0x6f, 0x6a, 0x71,
    0x7e, 0x8c, 0x91, 0x8d, 0x7f, 0x71, 0x6d, 0x73, 0x7e, 0x8d, 0x95, 0x8f,
    0x83, 0x75, 0x6e, 0x71, 0x7f, 0x8c, 0x94, 0x91, 0x85, 0x74, 0x6b, 0x6f,
    0x7a, 0x89, 0x90, 0x8f, 0x83, 0x77, 0x6d, 0x6d, 0x79, 0x87, 0x90, 0x91,
    0x86, 0x78, 0x6d, 0x6c, 0x78, 0x87, 0x91, 0x93, 0x8c, 0x7d, 0x70, 0x6c,
    0x74, 0x82, 0x90, 0x94, 0x8d, 0x7f, 0x75, 0x6e, 0x73, 0x82, 0x8a, 0x90,
    0x8d, 0x80, 0x75, 0x6d, 0x6f, 0x7c, 0x88, 0x91, 0x8d, 0x83, 0x75, 0x6c,
    0x70, 0x7a, 0x87, 0x90, 0x90, 0x85, 0x79, 0x6e, 0x6f, 0x78, 0x87, 0x92,
    0x92, 0x8b, 0x7c, 0x6f, 0x6f, 0x77, 0x85, 0x8f, 0x92, 0x8c, 0x7d, 0x71,
    0x6c, 0x75, 0x81, 0x8e, 0x91, 0x8a, 0x7e, 0x71, 0x6d, 0x73, 0x80, 0x8c,
    0x92, 0x8e, 0x81, 0x72, 0x6c, 0x71, 0x7e, 0x8c, 0x92, 0x8f, 0x82, 0x75,
    0x6d, 0x6e, 0x7a, 0x87, 0x90, 0x90, 0x87, 0x7a, 0x6f, 0x6e, 0x76, 0x84,
    0x8f, 0x92, 0x8b, 0x7d, 0x72, 0x6e, 0x75, 0x81, 0x8d, 0x92, 0x8c, 0x80,
    0x74, 0x6e, 0x73, 0x7f, 0x8a, 0x90, 0x8e, 0x84, 0x77, 0x6f, 0x6f, 0x78,
    0x88, 0x8f, 0x8e, 0x86, 0x7a, 0x71, 0x72, 0x78, 0x83, 0x8d, 0x8f, 0x89,
    0x7a, 0x6e, 0x6d, 0x76, 0x82, 0x8d, 0x8f, 0x88, 0x7e, 0x71, 0x6d, 0x73,
    0x7e, 0x8d, 0x94, 0x8d, 0x82, 0x74, 0x6f, 0x73, 0x7e, 0x8a, 0x8f, 0x8d,
    0x81, 0x75, 0x70, 0x71, 0x7c, 0x8a, 0x90, 0x90, 0x86, 0x78, 0x70, 0x71,
    0x7b, 0x88, 0x8f, 0x8f, 0x86, 0x7a, 0x71, 0x70, 0x78, 0x84, 0x8f, 0x90,
    0x88, 0x7c, 0x6f, 0x6e, 0x76, 0x82, 0x8c, 0x8f, 0x8b, 0x7d, 0x72, 0x6d,
    0x74, 0x7f, 0x8a, 0x91, 0x8b, 0x7f, 0x74, 0x6e, 0x74, 0x82, 0x8c, 0x91,
    0x8b, 0x82, 0x76, 0x70, 0x73, 0x7c, 0x88, 0x8e, 0x8c, 0x82, 0x78, 0x72,
    0x74, 0x7d, 0x85, 0x8a, 0x85, 0x7f, 0x7d, 0x7d, 0x7c, 0x7e, 0x83, 0x83,
    0x81, 0x7f, 0x7d, 0x7c, 0x7e, 0x7f, 0x81, 0x80, 0x80, 0x7e, 0x7e, 0x7f,
    0x81, 0x82, 0x83, 0x82, 0x80, 0x81, 0x7e, 0x7f, 0x7f, 0x81, 0x82, 0x80,
    0x7e, 0x7d, 0x7f, 0x7f, 0x7e, 0x7f, 0x7e, 0x7d, 0x7f, 0x7f, 0x80, 0x7e,
    0x7e, 0x80, 0x80, 0x81, 0x80, 0x7f, 0x7e, 0x7f, 0x81, 0x81, 0x81, 0x82,
    0x7e, 0x7f, 0x80, 0x80, 0x81, 0x7f, 0x7f, 0x81, 0x7f, 0x81, 0x7e, 0x7d,
    0x7e, 0x80, 0x82, 0x82, 0x80, 0x7f, 0x7f, 0x80, 0x7f, 0x80, 0x81, 0x7f,
    0x80, 0x7f, 0x7e, 0x7e, 0x7e, 0x7f, 0x7f, 0x80, 0x80, 0x80, 0x80, 0x7f,
    0x7e, 0x7e, 0x7e, 0x81, 0x81, 0x80, 0x7f, 0x80, 0x82, 0x80, 0x80, 0x7f,
    0x80, 0x81, 0x81, 0x80, 0x7e, 0x7d, 0x80, 0x80, 0x80, 0x7f, 0x7f, 0x7f,
    0x7e, 0x7f, 0x7f, 0x80, 0x80, 0x80, 0x82, 0x7f, 0x7f, 0x7f, 0x7f, 0x82,
    0x82, 0x83, 0x81, 0x80, 0x7f, 0x81, 0x80, 0x7d, 0x7e, 0x7f, 0x80, 0x80,
    0x7d, 0x7d, 0x7d, 0x7e, 0x7f, 0x7f, 0x7f, 0x7f, 0x80, 0x7f, 0x82, 0x81,
    0x80, 0x80, 0x80, 0x80, 0x7f, 0x7e, 0x7f, 0x7f, 0x7e, 0x7e, 0x80, 0x80,
    0x82, 0x80, 0x81, 0x81, 0x7e, 0x7f, 0x81, 0x80, 0x80, 0x80, 0x7f, 0x7f,
    0x7f, 0x7f, 0x7f, 0x7f, 0x7f, 0x7f, 0x81, 0x80, 0x7f, 0x81, 0x81, 0x7f,
    0x7f, 0x80, 0x7e, 0x7f, 0x7f, 0x7e, 0x7d, 0x7f, 0x7f, 0x7f, 0x7e, 0x7d,
    0x7f, 0x80, 0x80, 0x80, 0x7f, 0x7f, 0x7f, 0x81, 0x81, 0x80, 0x7f, 0x82,
    0x83, 0x81, 0x81, 0x7f, 0x80, 0x80, 0x80, 0x7f, 0x7d, 0x7e, 0x80, 0x81,
    0x81, 0x7a, 0x76, 0x7c, 0x87, 0x87, 0x7f, 0x77, 0x77, 0x83, 0x8a, 0x87,
    0x7b, 0x74, 0x7d, 0x89, 0x8a, 0x81, 0x74, 0x76, 0x81, 0x8d, 0x88, 0x79,
    0x73, 0x79, 0x8a, 0x8c, 0x82, 0x74, 0x73, 0x81, 0x8b, 0x89, 0x79, 0x70,
    0x77, 0x88, 0x8d, 0x84, 0x76, 0x73, 0x81, 0x8c, 0x8d, 0x7f, 0x73, 0x78,
    0x87, 0x8e, 0x87, 0x75, 0x6f, 0x7b, 0x8a, 0x8d, 0x7d, 0x72, 0x74, 0x81,
    0x8c, 0x88, 0x78, 0x70, 0x7a, 0x88, 0x8e, 0x83, 0x73, 0x75, 0x80, 0x8c,
    0x8c, 0x7d, 0x74, 0x79, 0x87, 0x8c, 0x86, 0x78, 0x72, 0x7c, 0x8a, 0x8b,
    0x7e, 0x74, 0x76, 0x83, 0x8d, 0x88, 0x79, 0x71, 0x79, 0x87, 0x8b, 0x81,
    0x74, 0x75, 0x80, 0x8c, 0x8a, 0x7c, 0x71, 0x77, 0x87, 0x8f, 0x86, 0x76,
    0x74, 0x7f, 0x8d, 0x8e, 0x7f, 0x72, 0x76, 0x84, 0x8e, 0x88, 0x77, 0x70,
    0x7a, 0x8a, 0x8c, 0x7f, 0x70, 0x72, 0x83, 0x8d, 0x89, 0x79, 0x6f, 0x78,
    0x88, 0x8e, 0x83, 0x73, 0x72, 0x81, 0x8d, 0x88, 0x7b, 0x71, 0x77, 0x88,
    0x90, 0x86, 0x75, 0x71, 0x7c, 0x8b, 0x8b, 0x7e, 0x71, 0x74, 0x85, 0x8f,
    0x89, 0x78, 0x72, 0x7d, 0x8b, 0x8e, 0x7f, 0x71, 0x74, 0x83, 0x90, 0x89,
    0x79, 0x6f, 0x78, 0x87, 0x8e, 0x83, 0x74, 0x72, 0x80, 0x8d, 0x8a, 0x7c,
    0x70, 0x75, 0x84, 0x90, 0x87, 0x77, 0x6f, 0x7b, 0x8d, 0x90, 0x81, 0x70,
    0x72, 0x7f, 0x8d, 0x8b, 0x7a, 0x6e, 0x75, 0x86, 0x91, 0x87, 0x76, 0x6f,
    0x7a, 0x8b, 0x8e, 0x84, 0x75, 0x73, 0x81, 0x8d, 0x8b, 0x7d, 0x70, 0x77,
    0x87, 0x90, 0x89, 0x76, 0x70, 0x7a, 0x8b, 0x8e, 0x7f, 0x71, 0x71, 0x80,
    0x8d, 0x88, 0x77, 0x6e, 0x76, 0x88, 0x8f, 0x84, 0x74, 0x72, 0x7f, 0x8d,
    0x8e, 0x80, 0x73, 0x77, 0x87, 0x8e, 0x87, 0x78, 0x71, 0x7d, 0x8d, 0x8f,
    0x82, 0x71, 0x74, 0x83, 0x8d, 0x87, 0x79, 0x71, 0x78, 0x88, 0x8d, 0x83,
    0x73, 0x71, 0x7d, 0x8b, 0x8b, 0x7e, 0x71, 0x74, 0x85, 0x8f, 0x87, 0x79,
    0x72, 0x7a, 0x8b, 0x8f, 0x84, 0x74, 0x71, 0x7d, 0x8c, 0x8b, 0x7d, 0x72,
    0x77, 0x86, 0x8f, 0x89, 0x77, 0x71, 0x79, 0x8a, 0x8f, 0x83, 0x73, 0x71,
    0x7f, 0x8e, 0x8b, 0x7c, 0x6e, 0x74, 0x83, 0x8e, 0x87, 0x76, 0x71, 0x79,
    0x8a, 0x8d, 0x83, 0x73, 0x73, 0x80, 0x8e, 0x8d, 0x7d, 0x72, 0x77, 0x89,
    0x8f, 0x88, 0x78, 0x74, 0x7c, 0x8b, 0x8b, 0x7d, 0x71, 0x72, 0x82, 0x8d,
    0x87, 0x77, 0x6f, 0x79, 0x89, 0x8c, 0x83, 0x75, 0x75, 0x81, 0x8d, 0x8a,
    0x7c, 0x73, 0x79, 0x87, 0x8f, 0x88, 0x77, 0x71, 0x7c, 0x8c, 0x8d, 0x80,
    0x71, 0x70, 0x80, 0x8b, 0x88, 0x79, 0x6f, 0x79, 0x88, 0x8e, 0x85, 0x75,
    0x71, 0x7b, 0x8b, 0x8e, 0x81, 0x72, 0x73, 0x81, 0x8f, 0x8b, 0x7c, 0x73,
    0x79, 0x89, 0x90, 0x86, 0x77, 0x73, 0x7e, 0x8c, 0x8c, 0x7f, 0x71, 0x73,
    0x82, 0x8d, 0x88, 0x77, 0x6e, 0x77, 0x87, 0x8e, 0x84, 0x74, 0x70, 0x7d,
    0x8c, 0x8d, 0x7c, 0x70, 0x71, 0x83, 0x8f, 0x89, 0x78, 0x70, 0x7c, 0x8b,
    0x8f, 0x81, 0x72, 0x73, 0x82, 0x90, 0x8d, 0x7a, 0x71, 0x7b, 0x8c, 0x91,
    0x83, 0x72, 0x71, 0x7f, 0x8e, 0x8c, 0x7a, 0x70, 0x77, 0x88, 0x8e, 0x83,
    0x74, 0x71, 0x7e, 0x8d, 0x8d, 0x7c, 0x71, 0x76, 0x87, 0x8e, 0x84, 0x75,
    0x71, 0x7f, 0x8b, 0x8a, 0x7b, 0x70, 0x77, 0x86, 0x8d, 0x84, 0x75, 0x72,
    0x7d, 0x8a, 0x89, 0x7c, 0x72, 0x78, 0x87, 0x8e, 0x86, 0x77, 0x73, 0x7f,
    0x8b, 0x8b, 0x7d, 0x73, 0x78, 0x85, 0x8f, 0x87, 0x77, 0x73, 0x7e, 0x8e,
    0x8e, 0x7d, 0x73, 0x77, 0x87, 0x8d, 0x84, 0x73, 0x70, 0x7e, 0x89, 0x8c,
    0x7a, 0x6f, 0x75, 0x85, 0x8d, 0x83, 0x74, 0x6e, 0x7e, 0x8f, 0x8e, 0x7e,
    0x71, 0x78, 0x89, 0x90, 0x86, 0x76, 0x71, 0x80, 0x8d, 0x8c, 0x7b, 0x6f,
    0x75, 0x88, 0x91, 0x84, 0x74, 0x71, 0x80, 0x8f, 0x8b, 0x7b, 0x70, 0x78,
    0x89, 0x8d, 0x81, 0x73, 0x72, 0x81, 0x8c, 0x8a, 0x78, 0x70, 0x7a, 0x88,
    0x8c, 0x80, 0x73, 0x76, 0x83, 0x8e, 0x89, 0x79, 0x73, 0x7d, 0x8a, 0x8b,
    0x80, 0x72, 0x73, 0x83, 0x8e, 0x86, 0x79, 0x72, 0x7c, 0x88, 0x8b, 0x81,
    0x72, 0x74, 0x81, 0x8c, 0x8a, 0x7b, 0x73, 0x7b, 0x8b, 0x8e, 0x83, 0x77,
    0x75, 0x82, 0x8d, 0x87, 0x79, 0x71, 0x77, 0x86, 0x8f, 0x83, 0x74, 0x71,
    0x7e, 0x8c, 0x8b, 0x7b, 0x70, 0x77, 0x87, 0x8f, 0x85, 0x76, 0x74, 0x7f,
    0x8d, 0x8d, 0x7e, 0x72, 0x76, 0x86, 0x8e, 0x84, 0x73, 0x6f, 0x7b, 0x8b,
    0x8c, 0x7c, 0x70, 0x75, 0x85, 0x8f, 0x88, 0x79, 0x71, 0x7d, 0x8d, 0x8e,
    0x7f, 0x73, 0x76, 0x85, 0x8f, 0x87, 0x78, 0x72, 0x7c, 0x8b, 0x8b, 0x7d,
    0x73, 0x74, 0x83, 0x8c, 0x87, 0x77, 0x71, 0x7d, 0x8a, 0x8d, 0x82, 0x73,
    0x75, 0x84, 0x8e, 0x88, 0x7a, 0x72, 0x7b, 0x89, 0x8d, 0x82, 0x74, 0x74,
    0x80, 0x8b, 0x86, 0x78, 0x70, 0x7a, 0x86, 0x8c, 0x82, 0x73, 0x74, 0x7f,
    0x8c, 0x8b, 0x7d, 0x73, 0x78, 0x87, 0x8f, 0x86, 0x77, 0x73, 0x7f, 0x8a,
    0x8a, 0x7c, 0x73, 0x77, 0x84, 0x8d, 0x86, 0x77, 0x72, 0x7c, 0x8b, 0x8d,
    0x80, 0x73, 0x74, 0x83, 0x8c, 0x87, 0x78, 0x73, 0x7c, 0x8b, 0x8d, 0x82,
    0x75, 0x75, 0x81, 0x8a, 0x87, 0x7a, 0x72, 0x78, 0x87, 0x8b, 0x83, 0x74,
    0x75, 0x80, 0x8a, 0x88, 0x7d, 0x74, 0x79, 0x87, 0x8e, 0x87, 0x79, 0x75,
    0x7e, 0x8a, 0x8a, 0x80, 0x74, 0x78, 0x85, 0x8a, 0x86, 0x79, 0x72, 0x7a,
    0x86, 0x89, 0x7f, 0x75, 0x74, 0x80, 0x8b, 0x88, 0x7c, 0x73, 0x79, 0x86,
    0x8d, 0x84, 0x77, 0x75, 0x80, 0x8b, 0x88, 0x7e, 0x74, 0x79, 0x84, 0x8c,
    0x85, 0x79, 0x75, 0x7d, 0x8a, 0x8b, 0x80, 0x74, 0x75, 0x82, 0x8a, 0x86,
    0x79, 0x71, 0x7a, 0x85, 0x8a, 0x81, 0x75, 0x75, 0x80, 0x8b, 0x89, 0x7e,
    0x75, 0x7a, 0x86, 0x8c, 0x84, 0x77, 0x74, 0x7e, 0x89, 0x88, 0x7e, 0x73,
    0x79, 0x85, 0x8c, 0x85, 0x77, 0x74, 0x7b, 0x8b, 0x8d, 0x81, 0x76, 0x76,
    0x83, 0x8d, 0x88, 0x7b, 0x74, 0x7b, 0x87, 0x8b, 0x81, 0x74, 0x73, 0x7f,
    0x8c, 0x89, 0x7c, 0x71, 0x78, 0x87, 0x8b, 0x83, 0x76, 0x73, 0x7f, 0x8a,
    0x8a, 0x7e, 0x72, 0x77, 0x83, 0x8c, 0x87, 0x79, 0x75, 0x7e, 0x8a, 0x8b,
    0x80, 0x75, 0x75, 0x83, 0x8c, 0x85, 0x77, 0x72, 0x7a, 0x88, 0x8b, 0x81,
    0x75, 0x74, 0x83, 0x8d, 0x88, 0x7b, 0x74, 0x7b, 0x89, 0x8c, 0x82, 0x75,
    0x74, 0x82, 0x8b, 0x88, 0x7a, 0x72, 0x7a, 0x86, 0x8e, 0x84, 0x75, 0x74,
    0x80, 0x8c, 0x8c, 0x7f, 0x73, 0x77, 0x84, 0x8e, 0x87, 0x78, 0x72, 0x7b,
    0x88, 0x88, 0x7f, 0x72, 0x73, 0x82, 0x8c, 0x86, 0x79, 0x74, 0x7b, 0x8a,
    0x8c, 0x83, 0x74, 0x73, 0x80, 0x8b, 0x89, 0x7b, 0x73, 0x79, 0x87, 0x8e,
    0x84, 0x77, 0x73, 0x7f, 0x8d, 0x89, 0x7d, 0x74, 0x78, 0x84, 0x8b, 0x84,
    0x78, 0x75, 0x7e, 0x8b, 0x8b, 0x7e, 0x73, 0x76, 0x83, 0x8c, 0x84, 0x77,
    0x73, 0x7e, 0x8a, 0x89, 0x80, 0x75, 0x78, 0x81, 0x89, 0x85, 0x77, 0x73,
    0x7b, 0x88, 0x8a, 0x81, 0x76, 0x76, 0x84, 0x8c, 0x86, 0x7a, 0x72, 0x7b,
    0x86, 0x8c, 0x80, 0x74, 0x75, 0x81, 0x8d, 0x8a, 0x7c, 0x73, 0x7a, 0x87,
    0x8e, 0x83, 0x77, 0x76, 0x81, 0x8d, 0x8b, 0x7c, 0x73, 0x77, 0x85, 0x8b,
    0x84, 0x76, 0x72, 0x7b, 0x89, 0x8a, 0x7e, 0x72, 0x72, 0x81, 0x8b, 0x88,
    0x79, 0x72, 0x7a, 0x89, 0x8d, 0x82, 0x75, 0x75, 0x81, 0x8d, 0x8a, 0x7b,
    0x73, 0x7a, 0x87, 0x8b, 0x83, 0x77, 0x75, 0x7f, 0x8c, 0x89, 0x7d, 0x75,
    0x79, 0x86, 0x8b, 0x83, 0x77, 0x74, 0x7f, 0x89, 0x87, 0x7c, 0x73, 0x79,
    0x83, 0x8b, 0x84, 0x77, 0x75, 0x80, 0x8b, 0x89, 0x7e, 0x74, 0x79, 0x85,
    0x8c, 0x83, 0x76, 0x75, 0x80, 0x8a, 0x89, 0x7d, 0x74, 0x79, 0x85, 0x8a,
    0x82, 0x77, 0x73, 0x7e, 0x8b, 0x8b, 0x7f, 0x75, 0x79, 0x84, 0x8b, 0x86,
    0x78, 0x74, 0x7e, 0x88, 0x89, 0x7e, 0x75, 0x75, 0x82, 0x8b, 0x85, 0x78,
    0x74, 0x7e, 0x89, 0x89, 0x7e, 0x75, 0x77, 0x82, 0x8b, 0x87, 0x7a, 0x72,
    0x7c, 0x89, 0x8b, 0x7f, 0x75, 0x78, 0x84, 0x8c, 0x87, 0x7a, 0x71, 0x7c,
    0x8a, 0x8b, 0x7f, 0x72, 0x74, 0x82, 0x8c, 0x8a, 0x7a, 0x70, 0x78, 0x88,
    0x8d, 0x83, 0x75, 0x74, 0x81, 0x8c, 0x8a, 0x7b, 0x74, 0x7b, 0x88, 0x8c,
    0x84, 0x76, 0x74, 0x80, 0x8a, 0x87, 0x7a, 0x71, 0x78, 0x85, 0x8b, 0x82,
    0x76, 0x76, 0x80, 0x8d, 0x8a, 0x7c, 0x73, 0x7a, 0x89, 0x8d, 0x84, 0x76,
    0x74, 0x7f, 0x8a, 0x88, 0x7c, 0x73, 0x78, 0x85, 0x8a, 0x82, 0x74, 0x72,
    0x7f, 0x8b, 0x89, 0x7b, 0x72, 0x78, 0x86, 0x8d, 0x84, 0x76, 0x75, 0x81,
    0x8c, 0x8b, 0x7e, 0x73, 0x7a, 0x88, 0x8c, 0x83, 0x76, 0x74, 0x80, 0x8b,
    0x87, 0x7c, 0x73, 0x78, 0x87, 0x8d, 0x82, 0x76, 0x74, 0x7f, 0x8c, 0x89,
    0x7a, 0x70, 0x78, 0x86, 0x8c, 0x83, 0x76, 0x74, 0x7f, 0x8b, 0x8b, 0x7c,
    0x72, 0x7a, 0x88, 0x8d, 0x82, 0x76, 0x74, 0x7f, 0x8c, 0x8a, 0x7b, 0x73,
    0x7b, 0x89, 0x8d, 0x83, 0x73, 0x73, 0x7e, 0x8b, 0x89, 0x79, 0x71, 0x77,
    0x88, 0x8e, 0x84, 0x75, 0x72, 0x7e, 0x8c, 0x8b, 0x7d, 0x72, 0x77, 0x87,
    0x8d, 0x82, 0x75, 0x74, 0x80, 0x8b, 0x8a, 0x7d, 0x72, 0x79, 0x85, 0x8d,
    0x84, 0x78, 0x76, 0x80, 0x8d, 0x8b, 0x7c, 0x72, 0x79, 0x86, 0x8e, 0x85,
    0x74, 0x72, 0x7e, 0x88, 0x88, 0x7c, 0x71, 0x76, 0x84, 0x8b, 0x84, 0x76,
    0x73, 0x7e, 0x8a, 0x8a, 0x7f, 0x75, 0x76, 0x86, 0x8c, 0x86, 0x7a, 0x75,
    0x7d, 0x8b, 0x8d, 0x81, 0x76, 0x76, 0x82, 0x8a, 0x87, 0x7c, 0x73, 0x79,
    0x87, 0x8b, 0x83, 0x74, 0x71, 0x7c, 0x8a, 0x8a, 0x7d, 0x73, 0x75, 0x84,
    0x8c, 0x86, 0x7a, 0x75, 0x7c, 0x88, 0x8b, 0x80, 0x75, 0x76, 0x83, 0x8c,
    0x88, 0x79, 0x71, 0x7a, 0x8a, 0x8d, 0x81, 0x74, 0x75, 0x83, 0x8c, 0x88,
    0x79, 0x73, 0x7b, 0x89, 0x8c, 0x80, 0x73, 0x73, 0x83, 0x8d, 0x88, 0x79,
    0x74, 0x7c, 0x8a, 0x8d, 0x80, 0x73, 0x74, 0x81, 0x8b, 0x89, 0x79, 0x71,
    0x7a, 0x88, 0x8d, 0x80, 0x73, 0x74, 0x82, 0x8c, 0x88, 0x7b, 0x72, 0x79,
    0x86, 0x8c, 0x82, 0x76, 0x75, 0x82, 0x8d, 0x8a, 0x7d, 0x73, 0x78, 0x87,
    0x8c, 0x82, 0x76, 0x73, 0x80, 0x8c, 0x89, 0x7d, 0x73, 0x79, 0x86, 0x8b,
    0x83, 0x76, 0x73, 0x7e, 0x8b, 0x89, 0x7e, 0x74, 0x78, 0x85, 0x8c, 0x85,
    0x78, 0x72, 0x7d, 0x8a, 0x8c, 0x80, 0x73, 0x76, 0x82, 0x8c, 0x88, 0x7a,
    0x72, 0x79, 0x86, 0x8c, 0x82, 0x75, 0x73, 0x7f, 0x8b, 0x8a, 0x7c, 0x72,
    0x79, 0x85, 0x8e, 0x87, 0x79, 0x74, 0x7d, 0x8a, 0x8b, 0x81, 0x74, 0x75,
    0x81, 0x8b, 0x87, 0x79, 0x71, 0x79, 0x89, 0x8d, 0x84, 0x76, 0x74, 0x7f,
    0x8c, 0x8a, 0x7b, 0x72, 0x77, 0x84, 0x8c, 0x85, 0x77, 0x73, 0x7d, 0x89,
    0x8b, 0x7e, 0x72, 0x77, 0x85, 0x8c, 0x87, 0x79, 0x72, 0x7c, 0x8a, 0x8c,
    0x80, 0x75, 0x74, 0x82, 0x8d, 0x87, 0x78, 0x74, 0x7c, 0x8b, 0x8e, 0x82,
    0x76, 0x76, 0x83, 0x8b, 0x87, 0x79, 0x74, 0x7a, 0x88, 0x8c, 0x80, 0x73,
    0x74, 0x81, 0x8c, 0x89, 0x7a, 0x72, 0x79, 0x88, 0x8d, 0x83, 0x75, 0x73,
    0x7e, 0x8a, 0x89, 0x7b, 0x71, 0x76, 0x85, 0x8d, 0x86, 0x79, 0x75, 0x81,
    0x8b, 0x8a, 0x7f, 0x75, 0x77, 0x83, 0x8b, 0x86, 0x77, 0x72, 0x7c, 0x88,
    0x8d, 0x82, 0x75, 0x75, 0x82, 0x8c, 0x8a, 0x7d, 0x71, 0x77, 0x84, 0x8c,
    0x83, 0x77, 0x70, 0x79, 0x88, 0x8b, 0x80, 0x73, 0x76, 0x82, 0x8d, 0x89,
    0x7b, 0x72, 0x79, 0x87, 0x8b, 0x85, 0x79, 0x76, 0x81, 0x8c, 0x8a, 0x7f,
    0x74, 0x78, 0x85, 0x8e, 0x86, 0x7a, 0x75, 0x7e, 0x88, 0x88, 0x7f, 0x72,
    0x75, 0x80, 0x89, 0x84, 0x78, 0x71, 0x7a, 0x86, 0x8a, 0x82, 0x76, 0x75,
    0x80, 0x89, 0x88, 0x7d, 0x74, 0x79, 0x86, 0x8e, 0x85, 0x77, 0x73, 0x7e,
    0x8c, 0x8c, 0x7d, 0x73, 0x77, 0x85, 0x8e, 0x89, 0x7c, 0x74, 0x7b, 0x88,
    0x8c, 0x81, 0x75, 0x75, 0x82, 0x8c, 0x8a, 0x79, 0x72, 0x7a, 0x85, 0x8c,
    0x82, 0x72, 0x72, 0x7f, 0x8b, 0x8a, 0x7d, 0x73, 0x78, 0x86, 0x8d, 0x85,
    0x75, 0x73, 0x7d, 0x89, 0x8a, 0x7c, 0x71, 0x76, 0x85, 0x8e, 0x86, 0x78,
    0x73, 0x7d, 0x8a, 0x8c, 0x80, 0x73, 0x77, 0x85, 0x8f, 0x87, 0x78, 0x75,
    0x7d, 0x8a, 0x8c, 0x81, 0x75, 0x75, 0x81, 0x8b, 0x87, 0x79, 0x72, 0x7a,
    0x86, 0x8b, 0x82, 0x76, 0x75, 0x81, 0x8b, 0x87, 0x7b, 0x74, 0x77, 0x83,
    0x8a, 0x85, 0x79, 0x73, 0x7d, 0x89, 0x8c, 0x81, 0x77, 0x78, 0x82, 0x8c,
    0x88, 0x7d, 0x74, 0x79, 0x86, 0x8a, 0x83, 0x77, 0x73, 0x7c, 0x89, 0x89,
    0x7f, 0x75, 0x74, 0x82, 0x8b, 0x87, 0x7b, 0x75, 0x7c, 0x88, 0x8c, 0x83,
    0x77, 0x75, 0x7e, 0x8a, 0x88, 0x7b, 0x72, 0x77, 0x84, 0x8c, 0x85, 0x78,
    0x74, 0x7d, 0x8b, 0x8b, 0x80, 0x75, 0x77, 0x83, 0x8c, 0x88, 0x78, 0x73,
    0x7b, 0x88, 0x8b, 0x7e, 0x73, 0x75, 0x82, 0x8b, 0x87, 0x7c, 0x73, 0x7a,
    0x88, 0x8d, 0x82, 0x76, 0x74, 0x7e, 0x8c, 0x8c, 0x7f, 0x76, 0x7a, 0x85,
    0x8e, 0x87, 0x79, 0x74, 0x7c, 0x87, 0x88, 0x7f, 0x74, 0x74, 0x7e, 0x89,
    0x85, 0x79, 0x73, 0x78, 0x84, 0x8a, 0x81, 0x77, 0x76, 0x7f, 0x88, 0x88,
    0x7f, 0x78, 0x7b, 0x85, 0x8c, 0x85, 0x7c, 0x78, 0x7e, 0x8a, 0x8a, 0x81,
    0x76, 0x78, 0x85, 0x8c, 0x86, 0x7a, 0x74, 0x7a, 0x84, 0x88, 0x7f, 0x74,
    0x75, 0x80, 0x88, 0x86, 0x7c, 0x74, 0x79, 0x85, 0x8c, 0x84, 0x78, 0x74,
    0x7f, 0x89, 0x8a, 0x81, 0x76, 0x79, 0x85, 0x8b, 0x86, 0x7c, 0x75, 0x7c,
    0x87, 0x8a, 0x80, 0x73, 0x73, 0x80, 0x8a, 0x86, 0x7b, 0x74, 0x79, 0x87,
    0x8c, 0x84, 0x79, 0x76, 0x80, 0x8a, 0x89, 0x7e, 0x75, 0x78, 0x84, 0x8b,
    0x84, 0x78, 0x73, 0x7e, 0x87, 0x84, 0x7c, 0x73, 0x77, 0x84, 0x8a, 0x83,
    0x76, 0x73, 0x7e, 0x88, 0x8a, 0x7e, 0x75, 0x79, 0x84, 0x8c, 0x85, 0x7b,
    0x76, 0x7f, 0x8b, 0x8b, 0x81, 0x75, 0x79, 0x84, 0x8c, 0x87, 0x7b, 0x78,
    0x7e, 0x88, 0x89, 0x80, 0x74, 0x76, 0x81, 0x89, 0x86, 0x79, 0x73, 0x7a,
    0x86, 0x88, 0x81, 0x74, 0x75, 0x7f, 0x89, 0x89, 0x7b, 0x74, 0x79, 0x86,
    0x8b, 0x82, 0x78, 0x77, 0x81, 0x8a, 0x89, 0x7d, 0x75, 0x7a, 0x86, 0x8b,
    0x83, 0x79, 0x75, 0x7d, 0x89, 0x88, 0x7a, 0x72, 0x78, 0x85, 0x8c, 0x86,
    0x7a, 0x76, 0x7e, 0x89, 0x89, 0x7f, 0x75, 0x79, 0x85, 0x8b, 0x84, 0x78,
    0x75, 0x7d, 0x89, 0x87, 0x7d, 0x75, 0x7a, 0x86, 0x8b, 0x84, 0x77, 0x76,
    0x7f, 0x89, 0x88, 0x7d, 0x74, 0x76, 0x83, 0x8a, 0x83, 0x77, 0x72, 0x7c,
    0x87, 0x89, 0x80, 0x76, 0x7a, 0x84, 0x8b, 0x88, 0x7c, 0x75, 0x7d, 0x88,
    0x8b, 0x81, 0x77, 0x76, 0x81, 0x8a, 0x87, 0x7b, 0x73, 0x77, 0x82, 0x88,
    0x82, 0x79, 0x75, 0x7e, 0x88, 0x88, 0x7f, 0x77, 0x79, 0x85, 0x8a, 0x86,
    0x79, 0x74, 0x7d, 0x86, 0x8a, 0x80, 0x76, 0x76, 0x81, 0x8a, 0x87, 0x7d,
    0x75, 0x7a, 0x86, 0x8c, 0x82, 0x77, 0x76, 0x7f, 0x8a, 0x88, 0x7f, 0x75,
    0x7a, 0x84, 0x89, 0x84, 0x77, 0x74, 0x7d, 0x89, 0x88, 0x7d, 0x73, 0x78,
    0x85, 0x8b, 0x84, 0x79, 0x76, 0x7f, 0x8a, 0x8a, 0x7f, 0x75, 0x79, 0x83,
    0x8b, 0x86, 0x78, 0x75, 0x7a, 0x87, 0x89, 0x7f, 0x76, 0x75, 0x81, 0x8a,
    0x88, 0x7c, 0x75, 0x7b, 0x85, 0x8b, 0x84, 0x78, 0x76, 0x7f, 0x8a, 0x89,
    0x7e, 0x75, 0x78, 0x84, 0x8c, 0x87, 0x7b, 0x76, 0x7c, 0x85, 0x8a, 0x81,
    0x76, 0x74, 0x7e, 0x87, 0x87, 0x7d, 0x73, 0x77, 0x83, 0x89, 0x84, 0x7a,
    0x77, 0x7e, 0x87, 0x89, 0x7e, 0x76, 0x78, 0x83, 0x8a, 0x85, 0x7b, 0x77,
    0x7d, 0x86, 0x89, 0x81, 0x77, 0x76, 0x81, 0x88, 0x85, 0x7d, 0x77, 0x7c,
    0x84, 0x87, 0x81, 0x77, 0x77, 0x80, 0x88, 0x87, 0x7e, 0x77, 0x7b, 0x84,
    0x88, 0x84, 0x78, 0x76, 0x7e, 0x87, 0x87, 0x80, 0x78, 0x7b, 0x84, 0x87,
    0x85, 0x7a, 0x76, 0x7d, 0x88, 0x89, 0x82, 0x76, 0x76, 0x81, 0x8c, 0x88,
    0x7b, 0x75, 0x77, 0x84, 0x8a, 0x82, 0x75, 0x72, 0x7d, 0x88, 0x87, 0x7e,
    0x74, 0x75, 0x82, 0x8b, 0x87, 0x7b, 0x76, 0x7b, 0x88, 0x8d, 0x82, 0x78,
    0x74, 0x7f, 0x8a, 0x89, 0x7d, 0x73, 0x77, 0x85, 0x8d, 0x85, 0x78, 0x74,
    0x7d, 0x89, 0x8b, 0x81, 0x75, 0x74, 0x81, 0x8c, 0x8a, 0x7c, 0x73, 0x79,
    0x86, 0x8d, 0x85, 0x76, 0x73, 0x7b, 0x8a, 0x8a, 0x7e, 0x72, 0x74, 0x82,
    0x8c, 0x88, 0x78, 0x72, 0x7a, 0x87, 0x8b, 0x82, 0x75, 0x74, 0x81, 0x8c,
    0x88, 0x7b, 0x75, 0x7a, 0x87, 0x8c, 0x83, 0x77, 0x76, 0x80, 0x8a, 0x89,
    0x7f, 0x76, 0x78, 0x85, 0x8b, 0x83, 0x78, 0x75, 0x7c, 0x85, 0x87, 0x7e,
    0x76, 0x78, 0x82, 0x8b, 0x86, 0x7a, 0x75, 0x7b, 0x88, 0x89, 0x81, 0x77,
    0x76, 0x81, 0x89, 0x86, 0x7c, 0x74, 0x7a, 0x86, 0x8b, 0x83, 0x77, 0x75,
    0x7f, 0x89, 0x89, 0x7d, 0x73, 0x78, 0x85, 0x8c, 0x85, 0x77, 0x75, 0x7d,
    0x87, 0x8a, 0x7f, 0x76, 0x79, 0x83, 0x8b, 0x87, 0x7d, 0x76, 0x7b, 0x87,
    0x8b, 0x82, 0x76, 0x73, 0x7d, 0x88, 0x86, 0x7c, 0x73, 0x77, 0x84, 0x8a,
    0x85, 0x78, 0x74, 0x7e, 0x89, 0x8b, 0x7f, 0x76, 0x76, 0x80, 0x89, 0x87,
    0x7b, 0x74, 0x7b, 0x86, 0x8b, 0x83, 0x78, 0x76, 0x80, 0x89, 0x8a, 0x7e,
    0x74, 0x7a, 0x84, 0x8a, 0x84, 0x79, 0x75, 0x7d, 0x88, 0x8a, 0x7f, 0x74,
    0x77, 0x82, 0x8a, 0x85, 0x77, 0x73, 0x7b, 0x87, 0x89, 0x80, 0x76, 0x77,
    0x82, 0x8a, 0x86, 0x7d, 0x76, 0x7a, 0x86, 0x8b, 0x83, 0x78, 0x78, 0x80,
    0x89, 0x88, 0x7f, 0x76, 0x79, 0x83, 0x89, 0x85, 0x7a, 0x74, 0x7c, 0x86,
    0x88, 0x81, 0x75, 0x77, 0x80, 0x88, 0x84, 0x7b, 0x76, 0x7b, 0x86, 0x8b,
    0x83, 0x78, 0x79, 0x81, 0x88, 0x86, 0x7c, 0x77, 0x7c, 0x85, 0x89, 0x83,
    0x77, 0x76, 0x80, 0x88, 0x86, 0x7c, 0x74, 0x79, 0x83, 0x87, 0x80, 0x76,
    0x76, 0x7f, 0x88, 0x87, 0x7e, 0x77, 0x79, 0x85, 0x8c, 0x85, 0x79, 0x76,
    0x7d, 0x8a, 0x8b, 0x80, 0x78, 0x79, 0x82, 0x89, 0x85, 0x7b, 0x75, 0x7a,
    0x85, 0x89, 0x81, 0x77, 0x77, 0x7e, 0x87, 0x87, 0x7d, 0x76, 0x79, 0x83,
    0x89, 0x86, 0x7b, 0x76, 0x7e, 0x88, 0x89, 0x83, 0x78, 0x77, 0x80, 0x86,
    0x85, 0x7c, 0x77, 0x79, 0x83, 0x89, 0x82, 0x79, 0x77, 0x7e, 0x86, 0x86,
    0x7e, 0x76, 0x78, 0x82, 0x88, 0x85, 0x7c, 0x76, 0x7d, 0x86, 0x8a, 0x84,
    0x7a, 0x79, 0x81, 0x87, 0x85, 0x7c, 0x77, 0x7a, 0x83, 0x87, 0x81, 0x7a,
    0x77, 0x7f, 0x87, 0x85, 0x7f, 0x79, 0x7a, 0x82, 0x86, 0x81, 0x7b, 0x7c,
    0x7f, 0x7f, 0x81, 0x81, 0x80, 0x80, 0x81, 0x82, 0x81, 0x81, 0x81, 0x80,
    0x81, 0x80, 0x80, 0x7f, 0x7e, 0x7e, 0x7e, 0x7e, 0x7f, 0x7f, 0x7e, 0x7e,
    0x7f, 0x7f, 0x7e, 0x7f, 0x81, 0x81, 0x81, 0x81, 0x7f, 0x80, 0x80, 0x81,
    0x80, 0x7f, 0x81, 0x80, 0x81, 0x80, 0x80, 0x81, 0x80, 0x80, 0x7f, 0x80,
    0x7f, 0x7e, 0x7d, 0x80, 0x7f, 0x7e, 0x7f, 0x7e, 0x7e, 0x7e, 0x7e, 0x7e,
    0x7f, 0x7f, 0x7f, 0x80, 0x80, 0x80, 0x7e, 0x7f, 0x81, 0x80, 0x80, 0x80,
    0x81, 0x81, 0x81, 0x80, 0x80, 0x81, 0x82, 0x80, 0x7f, 0x80, 0x7f, 0x7f,
    0x7f, 0x80, 0x7f, 0x7e, 0x7f, 0x7f, 0x80, 0x80, 0x80, 0x7f, 0x7f, 0x80,
    0x80, 0x7f, 0x80, 0x80, 0x7e, 0x80, 0x80, 0x7f, 0x7e, 0x80, 0x80, 0x80,
    0x80, 0x7f, 0x7f, 0x80, 0x81, 0x7f, 0x7e, 0x7f, 0x7f, 0x7f, 0x7e, 0x7e,
    0x7e, 0x7f, 0x80, 0x80, 0x7e, 0x7e, 0x7e, 0x80, 0x80, 0x80, 0x81, 0x80,
    0x81, 0x81, 0x80, 0x80, 0x81, 0x7f, 0x80, 0x80, 0x7f, 0x7e, 0x7f, 0x80,
    0x80, 0x80, 0x80, 0x7f, 0x7f, 0x82, 0x80, 0x7d, 0x80, 0x80, 0x7f, 0x7e,
    0x7e, 0x81, 0x80, 0x80, 0x7f, 0x80, 0x81, 0x7e, 0x7e, 0x7f, 0x81, 0x80,
    0x7e, 0x7f, 0x81, 0x80, 0x80, 0x7f, 0x7f, 0x80, 0x7e, 0x7d, 0x80, 0x81,
    0x80, 0x7e, 0x7f, 0x80, 0x80, 0x7f, 0x7e, 0x81, 0x81, 0x81, 0x81, 0x81,
    0x81, 0x80, 0x81, 0x81, 0x82, 0x81, 0x81, 0x7f, 0x7e, 0x7f, 0x7e, 0x7f,
    0x7f, 0x7f, 0x7f, 0x7f, 0x7e, 0x7d, 0x7e, 0x80, 0x80, 0x7d, 0x7b, 0x80,
    0x85, 0x81, 0x7a, 0x7d, 0x86, 0x84, 0x7b, 0x79, 0x82, 0x85, 0x7d, 0x78,
    0x81, 0x88, 0x83, 0x79, 0x7d, 0x87, 0x87, 0x7b, 0x78, 0x83, 0x87, 0x7e,
    0x77, 0x7f, 0x87, 0x83, 0x76, 0x79, 0x87, 0x88, 0x7b, 0x78, 0x83, 0x8b,
    0x81, 0x77, 0x7e, 0x8a, 0x85, 0x79, 0x7b, 0x85, 0x85, 0x79, 0x76, 0x81,
    0x87, 0x7c, 0x76, 0x7e, 0x88, 0x81, 0x77, 0x7a, 0x85, 0x87, 0x7a, 0x78,
    0x84, 0x89, 0x7d, 0x76, 0x7f, 0x89, 0x82, 0x78, 0x7a, 0x87, 0x86, 0x7a,
    0x76, 0x82, 0x8b, 0x7e, 0x74, 0x7e, 0x8a, 0x83, 0x76, 0x78, 0x87, 0x87,
    0x7b, 0x77, 0x82, 0x8a, 0x7c, 0x77, 0x7f, 0x8a, 0x83, 0x77, 0x7c, 0x88,
    0x87, 0x7b, 0x79, 0x84, 0x89, 0x7f, 0x76, 0x80, 0x8a, 0x82, 0x77, 0x7a,
    0x87, 0x86, 0x79, 0x75, 0x83, 0x89, 0x7e, 0x75, 0x7d, 0x87, 0x81, 0x75,
    0x78, 0x87, 0x86, 0x79, 0x76, 0x84, 0x8a, 0x7f, 0x75, 0x7e, 0x8a, 0x84,
    0x77, 0x78, 0x84, 0x86, 0x7b, 0x76, 0x82, 0x8a, 0x82, 0x78, 0x7d, 0x89,
    0x85, 0x7a, 0x7a, 0x87, 0x89, 0x7b, 0x74, 0x81, 0x8a, 0x81, 0x77, 0x7c,
    0x89, 0x86, 0x79, 0x77, 0x82, 0x88, 0x7c, 0x75, 0x7f, 0x89, 0x83, 0x75,
    0x7b, 0x88, 0x88, 0x7b, 0x75, 0x82, 0x89, 0x7e, 0x73, 0x7d, 0x8a, 0x84,
    0x77, 0x78, 0x87, 0x88, 0x7b, 0x76, 0x81, 0x8b, 0x81, 0x75, 0x7e, 0x8a,
    0x86, 0x78, 0x79, 0x87, 0x88, 0x7d, 0x74, 0x7f, 0x8a, 0x81, 0x75, 0x79,
    0x8a, 0x87, 0x77, 0x76, 0x84, 0x88, 0x7b, 0x74, 0x7d, 0x88, 0x81, 0x75,
    0x79, 0x88, 0x88, 0x79, 0x77, 0x84, 0x8b, 0x81, 0x76, 0x7f, 0x8a, 0x85,
    0x79, 0x7a, 0x87, 0x87, 0x7a, 0x77, 0x82, 0x8b, 0x81, 0x76, 0x7d, 0x8a,
    0x84, 0x77, 0x79, 0x84, 0x88, 0x7b, 0x75, 0x81, 0x89, 0x81, 0x75, 0x7c,
    0x89, 0x85, 0x76, 0x77, 0x86, 0x88, 0x7b, 0x74, 0x81, 0x8b, 0x82, 0x77,
    0x7c, 0x8c, 0x87, 0x79, 0x77, 0x86, 0x89, 0x7b, 0x73, 0x7e, 0x8a, 0x80,
    0x75, 0x7a, 0x88, 0x83, 0x76, 0x77, 0x86, 0x8b, 0x7e, 0x76, 0x80, 0x8a,
    0x81, 0x75, 0x78, 0x89, 0x87, 0x77, 0x76, 0x85, 0x8c, 0x7d, 0x74, 0x81,
    0x8c, 0x83, 0x75, 0x79, 0x8a, 0x89, 0x79, 0x76, 0x86, 0x8c, 0x7e, 0x74,
    0x80, 0x8c, 0x81, 0x73, 0x78, 0x87, 0x88, 0x76, 0x74, 0x84, 0x89, 0x7e,
    0x73, 0x80, 0x8c, 0x84, 0x75, 0x79, 0x8a, 0x88, 0x77, 0x74, 0x84, 0x8a,
    0x7e, 0x74, 0x7e, 0x8b, 0x83, 0x75, 0x7b, 0x8a, 0x89, 0x79, 0x74, 0x87,
    0x8d, 0x7d, 0x73, 0x7e, 0x8c, 0x82, 0x74, 0x77, 0x89, 0x87, 0x78, 0x75,
    0x85, 0x8e, 0x7f, 0x72, 0x7c, 0x8a, 0x84, 0x75, 0x77, 0x88, 0x8b, 0x7b,
    0x74, 0x83, 0x8d, 0x81, 0x73, 0x7d, 0x8c, 0x86, 0x75, 0x76, 0x87, 0x8b,
    0x79, 0x72, 0x81, 0x8b, 0x80, 0x71, 0x7b, 0x8a, 0x85, 0x75, 0x76, 0x88,
    0x8b, 0x7a, 0x73, 0x83, 0x8f, 0x82, 0x73, 0x7e, 0x8b, 0x87, 0x76, 0x75,
    0x88, 0x8a, 0x7c, 0x73, 0x81, 0x8c, 0x7f, 0x71, 0x7a, 0x8a, 0x86, 0x75,
    0x74, 0x85, 0x8a, 0x7b, 0x73, 0x83, 0x8e, 0x82, 0x76, 0x7c, 0x8b, 0x89,
    0x77, 0x76, 0x86, 0x8b, 0x7c, 0x72, 0x7f, 0x8b, 0x82, 0x74, 0x78, 0x8b,
    0x88, 0x78, 0x75, 0x84, 0x8d, 0x7d, 0x73, 0x7e, 0x8c, 0x85, 0x74, 0x78,
    0x8a, 0x8a, 0x7a, 0x75, 0x84, 0x8e, 0x7f, 0x72, 0x7c, 0x8d, 0x83, 0x73,
    0x76, 0x86, 0x89, 0x78, 0x74, 0x83, 0x8a, 0x7d, 0x74, 0x7c, 0x8a, 0x84,
    0x74, 0x79, 0x89, 0x89, 0x7b, 0x78, 0x86, 0x8e, 0x7f, 0x75, 0x82, 0x8e,
    0x83, 0x75, 0x7c, 0x8b, 0x8a, 0x79, 0x76, 0x83, 0x8a, 0x7c, 0x70, 0x7d,
    0x89, 0x82, 0x71, 0x77, 0x89, 0x88, 0x77, 0x72, 0x83, 0x8c, 0x7c, 0x70,
    0x7c, 0x8b, 0x86, 0x74, 0x76, 0x89, 0x8c, 0x7b, 0x73, 0x82, 0x8e, 0x83,
    0x74, 0x7c, 0x8d, 0x8b, 0x78, 0x74, 0x86, 0x8f, 0x7e, 0x73, 0x7d, 0x8e,
    0x87, 0x73, 0x76, 0x89, 0x8b, 0x79, 0x72, 0x7f, 0x8b, 0x81, 0x71, 0x79,
    0x8b, 0x87, 0x75, 0x74, 0x85, 0x8c, 0x7c, 0x71, 0x7e, 0x8d, 0x83, 0x71,
    0x78, 0x8b, 0x8a, 0x76, 0x74, 0x87, 0x8f, 0x7e, 0x70, 0x7f, 0x8d, 0x86,
    0x74, 0x77, 0x89, 0x8a, 0x78, 0x72, 0x84, 0x8e, 0x7f, 0x72, 0x7d, 0x8e,
    0x86, 0x73, 0x77, 0x8a, 0x8c, 0x78, 0x71, 0x82, 0x8d, 0x7f, 0x70, 0x7b,
    0x8c, 0x86, 0x74, 0x75, 0x89, 0x8d, 0x7d, 0x74, 0x81, 0x8e, 0x83, 0x73,
    0x78, 0x89, 0x8a, 0x78, 0x72, 0x83, 0x8d, 0x80, 0x72, 0x7d, 0x8c, 0x86,
    0x76, 0x75, 0x86, 0x8a, 0x7a, 0x71, 0x7e, 0x8a, 0x82, 0x71, 0x78, 0x8a,
    0x8a, 0x78, 0x74, 0x85, 0x8d, 0x7f, 0x74, 0x7f, 0x8c, 0x87, 0x76, 0x76,
    0x89, 0x8a, 0x79, 0x72, 0x82, 0x8c, 0x7f, 0x72, 0x7a, 0x8c, 0x89, 0x77,
    0x75, 0x88, 0x8e, 0x7e, 0x73, 0x80, 0x8f, 0x83, 0x73, 0x78, 0x8a, 0x89,
    0x76, 0x72, 0x85, 0x8d, 0x7d, 0x71, 0x7d, 0x8d, 0x86, 0x72, 0x76, 0x87,
    0x8b, 0x7a, 0x71, 0x81, 0x8f, 0x82, 0x73, 0x7a, 0x8a, 0x8a, 0x76, 0x73,
    0x84, 0x8c, 0x7f, 0x71, 0x7e, 0x8d, 0x87, 0x74, 0x74, 0x88, 0x8b, 0x7a,
    0x71, 0x80, 0x8d, 0x82, 0x72, 0x78, 0x8a, 0x8b, 0x76, 0x73, 0x84, 0x8b,
    0x7f, 0x72, 0x7c, 0x8a, 0x86, 0x76, 0x75, 0x85, 0x8b, 0x7c, 0x74, 0x80,
    0x8f, 0x87, 0x74, 0x79, 0x8a, 0x8a, 0x79, 0x75, 0x83, 0x8d, 0x7f, 0x70,
    0x7b, 0x8b, 0x86, 0x77, 0x75, 0x88, 0x8c, 0x79, 0x70, 0x80, 0x8c, 0x80,
    0x73, 0x79, 0x8b, 0x89, 0x76, 0x75, 0x87, 0x8c, 0x7c, 0x74, 0x81, 0x8e,
    0x82, 0x73, 0x7b, 0x8a, 0x88, 0x78, 0x77, 0x88, 0x8d, 0x7e, 0x73, 0x81,
    0x8b, 0x80, 0x73, 0x7a, 0x89, 0x86, 0x76, 0x75, 0x86, 0x89, 0x79, 0x72,
    0x81, 0x8c, 0x80, 0x72, 0x7c, 0x8b, 0x87, 0x75, 0x78, 0x8a, 0x88, 0x7a,
    0x74, 0x83, 0x8d, 0x7e, 0x71, 0x7e, 0x8c, 0x84, 0x73, 0x79, 0x8b, 0x88,
    0x77, 0x75, 0x87, 0x8c, 0x7b, 0x72, 0x80, 0x8c, 0x80, 0x71, 0x7a, 0x8b,
    0x86, 0x76, 0x76, 0x89, 0x8c, 0x79, 0x75, 0x84, 0x8e, 0x7f, 0x72, 0x7e,
    0x8c, 0x84, 0x71, 0x78, 0x8b, 0x8a, 0x77, 0x76, 0x87, 0x8e, 0x7d, 0x72,
    0x81, 0x8e, 0x84, 0x72, 0x7b, 0x8d, 0x87, 0x74, 0x73, 0x86, 0x89, 0x77,
    0x6f, 0x80, 0x8c, 0x7e, 0x71, 0x7b, 0x8d, 0x85, 0x72, 0x75, 0x89, 0x8c,
    0x7a, 0x74, 0x85, 0x8f, 0x80, 0x73, 0x7f, 0x91, 0x85, 0x73, 0x79, 0x8b,
    0x8a, 0x77, 0x74, 0x86, 0x8d, 0x79, 0x70, 0x7f, 0x8b, 0x80, 0x70, 0x7a,
    0x8d, 0x86, 0x73, 0x74, 0x88, 0x8b, 0x76, 0x71, 0x85, 0x90, 0x7f, 0x71,
    0x80, 0x8f, 0x84, 0x72, 0x79, 0x8d, 0x88, 0x74, 0x73, 0x87, 0x8f, 0x7b,
    0x72, 0x84, 0x8f, 0x7f, 0x71, 0x7b, 0x8e, 0x86, 0x72, 0x77, 0x89, 0x8a,
    0x76, 0x70, 0x84, 0x8e, 0x7b, 0x71, 0x80, 0x8e, 0x82, 0x71, 0x7b, 0x8d,
    0x87, 0x74, 0x75, 0x89, 0x8d, 0x77, 0x70, 0x83, 0x8d, 0x7e, 0x70, 0x7e,
    0x8e, 0x84, 0x72, 0x79, 0x8d, 0x8b, 0x77, 0x75, 0x89, 0x8f, 0x7d, 0x72,
    0x80, 0x8f, 0x82, 0x70, 0x79, 0x8d, 0x88, 0x73, 0x74, 0x87, 0x8d, 0x79,
    0x70, 0x81, 0x8d, 0x7f, 0x6f, 0x79, 0x8c, 0x87, 0x73, 0x76, 0x89, 0x8c,
    0x78, 0x71, 0x84, 0x8e, 0x81, 0x72, 0x7e, 0x91, 0x87, 0x71, 0x76, 0x8b,
    0x8a, 0x77, 0x71, 0x85, 0x8f, 0x7e, 0x71, 0x7e, 0x8e, 0x85, 0x70, 0x76,
    0x8c, 0x8b, 0x76, 0x72, 0x86, 0x8d, 0x7e, 0x71, 0x7e, 0x8e, 0x83, 0x71,
    0x77, 0x8b, 0x89, 0x75, 0x73, 0x88, 0x8e, 0x7c, 0x71, 0x81, 0x8e, 0x81,
    0x72, 0x79, 0x8c, 0x87, 0x74, 0x77, 0x8a, 0x8d, 0x7a, 0x73, 0x84, 0x8b,
    0x7c, 0x71, 0x7c, 0x8c, 0x82, 0x74, 0x79, 0x8a, 0x88, 0x76, 0x76, 0x87,
    0x8c, 0x7b, 0x73, 0x81, 0x8d, 0x81, 0x72, 0x7d, 0x8c, 0x86, 0x75, 0x78,
    0x8a, 0x8a, 0x79, 0x75, 0x85, 0x8c, 0x7c, 0x73, 0x80, 0x8b, 0x81, 0x72,
    0x7b, 0x8b, 0x87, 0x75, 0x77, 0x8a, 0x8c, 0x7a, 0x72, 0x83, 0x8e, 0x7d,
    0x6f, 0x7c, 0x8e, 0x85, 0x71, 0x76, 0x8a, 0x89, 0x76, 0x74, 0x85, 0x8d,
    0x7b, 0x71, 0x80, 0x8f, 0x83, 0x73, 0x7c, 0x8e, 0x89, 0x73, 0x74, 0x89,
    0x8d, 0x79, 0x72, 0x84, 0x90, 0x80, 0x71, 0x7c, 0x8f, 0x86, 0x72, 0x76,
    0x8b, 0x8a, 0x75, 0x71, 0x85, 0x8e, 0x7c, 0x70, 0x7f, 0x90, 0x85, 0x71,
    0x77, 0x8d, 0x8a, 0x77, 0x73, 0x87, 0x8e, 0x7a, 0x70, 0x81, 0x8e, 0x80,
    0x71, 0x7b, 0x8c, 0x87, 0x73, 0x76, 0x8a, 0x8a, 0x76, 0x73, 0x86, 0x8f,
    0x7d, 0x72, 0x80, 0x8e, 0x84, 0x72, 0x7a, 0x8c, 0x87, 0x74, 0x76, 0x88,
    0x8a, 0x79, 0x72, 0x82, 0x8c, 0x7d, 0x6f, 0x7e, 0x8d, 0x81, 0x72, 0x7a,
    0x8b, 0x88, 0x76, 0x77, 0x8a, 0x8c, 0x79, 0x73, 0x84, 0x8d, 0x7e, 0x73,
    0x80, 0x8e, 0x82, 0x73, 0x7b, 0x8b, 0x87, 0x74, 0x76, 0x89, 0x8b, 0x79,
    0x74, 0x84, 0x8d, 0x7c, 0x70, 0x7e, 0x8e, 0x82, 0x72, 0x7a, 0x8a, 0x89,
    0x75, 0x75, 0x88, 0x8c, 0x7a, 0x72, 0x82, 0x8e, 0x81, 0x71, 0x7e, 0x8e,
    0x86, 0x74, 0x77, 0x89, 0x88, 0x76, 0x73, 0x85, 0x8b, 0x7c, 0x70, 0x80,
    0x8f, 0x81, 0x72, 0x7c, 0x8c, 0x86, 0x75, 0x75, 0x86, 0x8b, 0x79, 0x73,
    0x84, 0x8e, 0x7e, 0x70, 0x7e, 0x8d, 0x82, 0x72, 0x7b, 0x8d, 0x87, 0x74,
    0x75, 0x89, 0x8c, 0x78, 0x74, 0x85, 0x8f, 0x7e, 0x70, 0x7f, 0x8e, 0x84,
    0x72, 0x7b, 0x8c, 0x89, 0x76, 0x75, 0x87, 0x89, 0x79, 0x72, 0x81, 0x8c,
    0x81, 0x73, 0x7b, 0x8c, 0x85, 0x75, 0x77, 0x8a, 0x8b, 0x78, 0x73, 0x84,
    0x8d, 0x7e, 0x72, 0x7d, 0x8c, 0x84, 0x74, 0x78, 0x89, 0x88, 0x79, 0x74,
    0x84, 0x8c, 0x80, 0x74, 0x7d, 0x8c, 0x86, 0x75, 0x76, 0x8a, 0x8b, 0x7a,
    0x74, 0x81, 0x8b, 0x81, 0x72, 0x79, 0x8b, 0x87, 0x76, 0x75, 0x88, 0x8d,
    0x7d, 0x72, 0x7f, 0x8e, 0x81, 0x71, 0x78, 0x89, 0x87, 0x75, 0x73, 0x86,
    0x8d, 0x7b, 0x70, 0x7f, 0x8d, 0x82, 0x73, 0x7a, 0x8b, 0x88, 0x75, 0x78,
    0x88, 0x8d, 0x7e, 0x74, 0x82, 0x8d, 0x80, 0x70, 0x7b, 0x8b, 0x86, 0x74,
    0x78, 0x89, 0x8c, 0x7a, 0x75, 0x87, 0x8d, 0x7d, 0x72, 0x7f, 0x8b, 0x81,
    0x73, 0x7c, 0x8a, 0x86, 0x75, 0x76, 0x87, 0x89, 0x78, 0x72, 0x83, 0x8b,
    0x7e, 0x71, 0x7c, 0x8d, 0x85, 0x73, 0x79, 0x8a, 0x8a, 0x77, 0x73, 0x84,
    0x8c, 0x7e, 0x72, 0x80, 0x8c, 0x83, 0x74, 0x79, 0x8c, 0x89, 0x78, 0x77,
    0x87, 0x8d, 0x7e, 0x73, 0x80, 0x8e, 0x83, 0x72, 0x79, 0x8a, 0x87, 0x73,
    0x74, 0x87, 0x8c, 0x79, 0x70, 0x81, 0x8d, 0x80, 0x71, 0x7c, 0x8c, 0x86,
    0x72, 0x76, 0x8a, 0x8c, 0x79, 0x72, 0x83, 0x8d, 0x7e, 0x70, 0x7c, 0x8e,
    0x87, 0x74, 0x76, 0x89, 0x8d, 0x7c, 0x73, 0x83, 0x8e, 0x80, 0x73, 0x7c,
    0x8d, 0x88, 0x75, 0x75, 0x87, 0x8d, 0x7c, 0x71, 0x80, 0x8c, 0x82, 0x73,
    0x78, 0x88, 0x88, 0x77, 0x73, 0x84, 0x8c, 0x80, 0x74, 0x7e, 0x8b, 0x84,
    0x76, 0x76, 0x86, 0x8a, 0x79, 0x71, 0x80, 0x8c, 0x81, 0x72, 0x79, 0x8a,
    0x89, 0x78, 0x75, 0x85, 0x8d, 0x7f, 0x75, 0x7f, 0x8c, 0x86, 0x74, 0x78,
    0x89, 0x8b, 0x78, 0x73, 0x83, 0x8d, 0x81, 0x73, 0x7d, 0x8c, 0x86, 0x74,
    0x75, 0x86, 0x89, 0x78, 0x72, 0x81, 0x8c, 0x80, 0x70, 0x7a, 0x8d, 0x89,
    0x76, 0x75, 0x89, 0x8d, 0x7d, 0x73, 0x80, 0x8e, 0x84, 0x75, 0x7a, 0x8b,
    0x89, 0x78, 0x73, 0x85, 0x8c, 0x7c, 0x71, 0x7d, 0x8d, 0x83, 0x73, 0x77,
    0x89, 0x89, 0x77, 0x72, 0x84, 0x8e, 0x7f, 0x70, 0x7b, 0x8c, 0x84, 0x74,
    0x79, 0x8a, 0x8b, 0x7a, 0x72, 0x83, 0x8e, 0x82, 0x75, 0x7e, 0x8d, 0x87,
    0x74, 0x76, 0x88, 0x89, 0x79, 0x72, 0x82, 0x8c, 0x80, 0x73, 0x7d, 0x8c,
    0x83, 0x73, 0x75, 0x89, 0x8a, 0x78, 0x74, 0x84, 0x8d, 0x7e, 0x73, 0x7f,
    0x8c, 0x83, 0x75, 0x7a, 0x8b, 0x88, 0x77, 0x75, 0x85, 0x8a, 0x7c, 0x73,
    0x81, 0x8d, 0x81, 0x74, 0x7b, 0x8a, 0x87, 0x76, 0x76, 0x87, 0x8b, 0x7a,
    0x74, 0x84, 0x8c, 0x7f, 0x73, 0x7e, 0x8c, 0x86, 0x74, 0x78, 0x88, 0x8a,
    0x76, 0x72, 0x83, 0x8a, 0x7d, 0x70, 0x7e, 0x8b, 0x82, 0x73, 0x7c, 0x8b,
    0x88, 0x77, 0x75, 0x88, 0x8d, 0x7b, 0x73, 0x82, 0x8c, 0x81, 0x73, 0x7c,
    0x8b, 0x88, 0x76, 0x78, 0x89, 0x8a, 0x7b, 0x75, 0x83, 0x8d, 0x7f, 0x73,
    0x7e, 0x89, 0x83, 0x76, 0x78, 0x85, 0x87, 0x78, 0x74, 0x81, 0x8a, 0x7e,
    0x73, 0x7d, 0x8a, 0x86, 0x75, 0x79, 0x89, 0x8a, 0x7a, 0x75, 0x84, 0x8d,
    0x7f, 0x74, 0x7f, 0x8b, 0x84, 0x73, 0x78, 0x88, 0x88, 0x79, 0x74, 0x83,
    0x8b, 0x7d, 0x72, 0x7e, 0x8b, 0x83, 0x75, 0x78, 0x8a, 0x88, 0x79, 0x76,
    0x85, 0x8c, 0x7d, 0x74, 0x80, 0x8c, 0x81, 0x74, 0x7c, 0x8a, 0x87, 0x77,
    0x76, 0x86, 0x89, 0x7c, 0x75, 0x81, 0x8b, 0x80, 0x73, 0x7b, 0x88, 0x85,
    0x77, 0x76, 0x86, 0x88, 0x7c, 0x76, 0x85, 0x8d, 0x81, 0x76, 0x7e, 0x8b,
    0x83, 0x76, 0x77, 0x87, 0x88, 0x79, 0x74, 0x82, 0x8b, 0x7f, 0x74, 0x7d,
    0x89, 0x85, 0x76, 0x76, 0x85, 0x88, 0x79, 0x74, 0x82, 0x8a, 0x80, 0x74,
    0x7d, 0x8a, 0x86, 0x76, 0x78, 0x87, 0x89, 0x7a, 0x76, 0x84, 0x8c, 0x82,
    0x75, 0x7e, 0x8c, 0x88, 0x77, 0x78, 0x87, 0x8a, 0x7a, 0x75, 0x83, 0x8b,
    0x7e, 0x73, 0x7b, 0x89, 0x82, 0x73, 0x77, 0x86, 0x89, 0x79, 0x74, 0x82,
    0x8b, 0x80, 0x73, 0x7d, 0x8b, 0x85, 0x75, 0x78, 0x89, 0x8b, 0x7a, 0x75,
    0x85, 0x8b, 0x7d, 0x74, 0x7e, 0x8a, 0x82, 0x73, 0x79, 0x89, 0x86, 0x78,
    0x78, 0x87, 0x89, 0x7d, 0x76, 0x81, 0x8b, 0x81, 0x75, 0x7b, 0x88, 0x85,
    0x75, 0x77, 0x85, 0x87, 0x7b, 0x73, 0x81, 0x8b, 0x7f, 0x73, 0x7c, 0x89,
    0x86, 0x76, 0x79, 0x89, 0x8a, 0x7c, 0x77, 0x85, 0x8d, 0x7f, 0x73, 0x7d,
    0x8a, 0x83, 0x74, 0x79, 0x88, 0x88, 0x77, 0x76, 0x85, 0x8a, 0x7e, 0x74,
    0x7f, 0x8b, 0x83, 0x74, 0x7b, 0x8a, 0x85, 0x77, 0x77, 0x84, 0x88, 0x7b,
    0x74, 0x81, 0x8a, 0x81, 0x76, 0x7e, 0x8b, 0x86, 0x78, 0x77, 0x86, 0x8a,
    0x7c, 0x73, 0x7f, 0x8c, 0x82, 0x75, 0x7a, 0x8b, 0x88, 0x77, 0x77, 0x85,
    0x89, 0x7d, 0x74, 0x7e, 0x8c, 0x83, 0x77, 0x7b, 0x88, 0x86, 0x79, 0x76,
    0x82, 0x89, 0x7d, 0x74, 0x7e, 0x8a, 0x83, 0x77, 0x78, 0x89, 0x8a, 0x7a,
    0x76, 0x83, 0x8a, 0x7e, 0x73, 0x7c, 0x8b, 0x85, 0x74, 0x79, 0x88, 0x89,
    0x7a, 0x75, 0x84, 0x8a, 0x7e, 0x72, 0x7f, 0x8c, 0x82, 0x74, 0x7c, 0x8b,
    0x88, 0x78, 0x76, 0x86, 0x8a, 0x7c, 0x75, 0x7f, 0x88, 0x80, 0x73, 0x7d,
    0x8c, 0x87, 0x76, 0x78, 0x85, 0x87, 0x7a, 0x75, 0x83, 0x89, 0x7e, 0x74,
    0x7c, 0x89, 0x84, 0x76, 0x78, 0x86, 0x88, 0x7b, 0x79, 0x82, 0x89, 0x80,
    0x77, 0x80, 0x89, 0x85, 0x78, 0x7a, 0x85, 0x87, 0x7b, 0x77, 0x82, 0x88,
    0x7e, 0x77, 0x7e, 0x88, 0x83, 0x76, 0x7b, 0x87, 0x87, 0x7a, 0x77, 0x83,
    0x8a, 0x7e, 0x75, 0x7e, 0x89, 0x82, 0x76, 0x78, 0x87, 0x88, 0x78, 0x76,
    0x83, 0x8a, 0x7f, 0x75, 0x7f, 0x8c, 0x83, 0x77, 0x7a, 0x8a, 0x88, 0x7a,
    0x77, 0x84, 0x8b, 0x7d, 0x74, 0x7f, 0x8c, 0x81, 0x75, 0x7a, 0x8b, 0x87,
    0x76, 0x76, 0x84, 0x89, 0x7b, 0x72, 0x7d, 0x8b, 0x82, 0x75, 0x7b, 0x89,
    0x86, 0x77, 0x77, 0x85, 0x8a, 0x7d, 0x75, 0x7e, 0x8a, 0x83, 0x77, 0x7c,
    0x8a, 0x89, 0x7a, 0x78, 0x83, 0x8b, 0x82, 0x75, 0x7f, 0x8b, 0x84, 0x76,
    0x79, 0x86, 0x86, 0x78, 0x74, 0x83, 0x8a, 0x7e, 0x73, 0x7b, 0x88, 0x83,
    0x73, 0x76, 0x88, 0x8a, 0x7c, 0x75, 0x82, 0x8c, 0x81, 0x75, 0x7c, 0x8a,
    0x87, 0x77, 0x78, 0x85, 0x87, 0x7b, 0x75, 0x82, 0x8a, 0x81, 0x75, 0x7e,
    0x8c, 0x88, 0x77, 0x77, 0x85, 0x88, 0x7a, 0x75, 0x81, 0x87, 0x7f, 0x73,
    0x7b, 0x86, 0x85, 0x77, 0x77, 0x84, 0x88, 0x7c, 0x75, 0x82, 0x8b, 0x83,
    0x78, 0x7d, 0x8b, 0x88, 0x7a, 0x7a, 0x87, 0x8a, 0x7c, 0x75, 0x80, 0x8a,
    0x81, 0x75, 0x7c, 0x87, 0x85, 0x78, 0x77, 0x84, 0x88, 0x7c, 0x75, 0x7f,
    0x89, 0x80, 0x74, 0x7a, 0x88, 0x84, 0x78, 0x79, 0x85, 0x89, 0x7d, 0x77,
    0x81, 0x89, 0x83, 0x77, 0x7d, 0x88, 0x85, 0x79, 0x79, 0x85, 0x87, 0x7b,
    0x75, 0x82, 0x8a, 0x81, 0x79, 0x7f, 0x87, 0x83, 0x79, 0x7a, 0x83, 0x84,
    0x7b, 0x78, 0x81, 0x87, 0x7e, 0x76, 0x7f, 0x88, 0x82, 0x78, 0x7b, 0x86,
    0x85, 0x79, 0x78, 0x83, 0x87, 0x7f, 0x78, 0x7f, 0x88, 0x81, 0x78, 0x7d,
    0x87, 0x85, 0x78, 0x79, 0x83, 0x86, 0x7d, 0x77, 0x81, 0x89, 0x82, 0x78,
    0x7e, 0x89, 0x85, 0x79, 0x78, 0x86, 0x89, 0x7c, 0x76, 0x81, 0x89, 0x7f,
    0x75, 0x7c, 0x88, 0x84, 0x79, 0x7a, 0x84, 0x88, 0x7d, 0x78, 0x82, 0x88,
    0x7f, 0x75, 0x7d, 0x88, 0x83, 0x76, 0x78, 0x84, 0x86, 0x7a, 0x75, 0x82,
    0x88, 0x7f, 0x76, 0x7e, 0x89, 0x85, 0x79, 0x7c, 0x87, 0x86, 0x7b, 0x78,
    0x81, 0x87, 0x7f, 0x75, 0x7d, 0x87, 0x81, 0x78, 0x7b, 0x85, 0x87, 0x7d,
    0x78, 0x82, 0x88, 0x81, 0x78, 0x80, 0x89, 0x85, 0x79, 0x7b, 0x87, 0x87,
    0x7c, 0x77, 0x80, 0x87, 0x81, 0x77, 0x7c, 0x86, 0x82, 0x77, 0x78, 0x83,
    0x86, 0x7c, 0x77, 0x81, 0x89, 0x82, 0x76, 0x7c, 0x88, 0x84, 0x78, 0x79,
    0x86, 0x8a, 0x7e, 0x79, 0x82, 0x88, 0x80, 0x77, 0x7e, 0x88, 0x84, 0x78,
    0x79, 0x86, 0x88, 0x7a, 0x77, 0x83, 0x86, 0x7f, 0x75, 0x7f, 0x87, 0x7f,
    0x75, 0x7a, 0x88, 0x84, 0x79, 0x79, 0x85, 0x88, 0x7e, 0x78, 0x84, 0x8a,
    0x80, 0x78, 0x7f, 0x88, 0x81, 0x77, 0x7a, 0x87, 0x86, 0x7a, 0x78, 0x84,
    0x87, 0x7e, 0x78, 0x80, 0x87, 0x80, 0x77, 0x7c, 0x88, 0x83, 0x77, 0x7a,
    0x86, 0x86, 0x7a, 0x77, 0x83, 0x8a, 0x7e, 0x76, 0x80, 0x89, 0x84, 0x79,
    0x7b, 0x88, 0x85, 0x7a, 0x77, 0x83, 0x88, 0x7d, 0x76, 0x7f, 0x88, 0x81,
    0x76, 0x7b, 0x86, 0x85, 0x77, 0x77, 0x85, 0x86, 0x7c, 0x75, 0x7e, 0x87,
    0x81, 0x76, 0x7d, 0x87, 0x84, 0x79, 0x7c, 0x88, 0x87, 0x7d, 0x7a, 0x85,
    0x8a, 0x7e, 0x77, 0x80, 0x87, 0x82, 0x78, 0x7d, 0x86, 0x85, 0x79, 0x79,
    0x83, 0x84, 0x7b, 0x77, 0x7f, 0x85, 0x7f, 0x78, 0x7d, 0x87, 0x83, 0x79,
    0x7c, 0x85, 0x87, 0x7d, 0x7c, 0x85, 0x8a, 0x7f, 0x77, 0x80, 0x86, 0x80,
    0x76, 0x7a, 0x86, 0x86, 0x7b, 0x79, 0x83, 0x88, 0x7d, 0x77, 0x7f, 0x86,
    0x7f, 0x76, 0x7c, 0x86, 0x86, 0x7c, 0x7a, 0x84, 0x88, 0x7f, 0x78, 0x80,
    0x88, 0x82, 0x77, 0x7c, 0x86, 0x84, 0x79, 0x79, 0x82, 0x84, 0x7c, 0x75,
    0x80, 0x88, 0x7f, 0x75, 0x7c, 0x87, 0x86, 0x7c, 0x7c, 0x85, 0x85, 0x7e,
    0x79, 0x82, 0x85, 0x80, 0x78, 0x7e, 0x87, 0x82, 0x7c, 0x7b, 0x83, 0x83,
    0x7d, 0x79, 0x81, 0x87, 0x7e, 0x7b, 0x7d, 0x84, 0x82, 0x7e, 0x7e, 0x82,
    0x82, 0x80, 0x80, 0x81, 0x81, 0x7f, 0x80, 0x81, 0x80, 0x7e, 0x7f, 0x7d,
    0x7e, 0x7f, 0x7d, 0x7d, 0x7f, 0x7f, 0x7d, 0x7f, 0x7e, 0x7f, 0x81, 0x7e,
    0x80, 0x80, 0x82, 0x81, 0x80, 0x81, 0x80, 0x81, 0x80, 0x80, 0x82, 0x81,
    0x7f, 0x7e, 0x7d, 0x80, 0x7f, 0x7f, 0x7d, 0x80, 0x7f, 0x7d, 0x7e, 0x7f,
    0x7f, 0x7f, 0x7f, 0x7f, 0x80, 0x80, 0x82, 0x7e, 0x7e, 0x80, 0x80, 0x80,
    0x7f, 0x80, 0x7f, 0x80, 0x7f, 0x80, 0x80, 0x82, 0x80, 0x80, 0x81, 0x80,
    0x81, 0x81, 0x80, 0x7f, 0x7f, 0x7e, 0x7e, 0x7e, 0x7f, 0x80, 0x7f, 0x7e,
    0x7f, 0x7f, 0x81, 0x80, 0x80, 0x80, 0x80, 0x7f, 0x80, 0x80, 0x7f, 0x80,
    0x81, 0x80, 0x7f, 0x80, 0x7e, 0x7f, 0x7f, 0x7e, 0x7f, 0x80, 0x7f, 0x80,
    0x7d, 0x7d, 0x80, 0x80, 0x81, 0x7d, 0x7e, 0x7d, 0x81, 0x81, 0x80, 0x82,
    0x80, 0x81, 0x80, 0x80, 0x7f, 0x80, 0x7f, 0x7f, 0x80, 0x80, 0x81, 0x81,
    0x81, 0x7e, 0x7f, 0x7f, 0x7f, 0x80, 0x7f, 0x80, 0x80, 0x81, 0x80, 0x7f,
    0x7f, 0x7e, 0x80, 0x7e, 0x80, 0x80, 0x7e, 0x7e, 0x7e, 0x7e, 0x7e, 0x80,
    0x7f, 0x80, 0x80, 0x82, 0x82, 0x82, 0x82, 0x81, 0x82, 0x7f, 0x80, 0x81,
    0x80, 0x80, 0x80, 0x80, 0x81, 0x80, 0x7e, 0x7e, 0x7d, 0x7d, 0x7d, 0x7d,
    0x7e, 0x7f, 0x7e, 0x7d, 0x7c, 0x80, 0x7e, 0x80, 0x80, 0x7f, 0x80, 0x7f,
    0x80, 0x80, 0x7f, 0x7f, 0x7f, 0x80, 0x80, 0x7e, 0x82, 0x7f, 0x80, 0x81,
    0x7f, 0x80, 0x80, 0x80, 0x81, 0x80, 0x80, 0x81, 0x81, 0x81, 0x7f, 0x7f,
    0x7e, 0x7f, 0x7d, 0x7e, 0x7f, 0x7e, 0x7e, 0x7f, 0x7f, 0x80, 0x80, 0x80,
    0x81, 0x7f, 0x80, 0x82, 0x81, 0x80, 0x7f, 0x7f, 0x80, 0x80, 0x80, 0x7f,
    0x7f, 0x80, 0x7f, 0x80, 0x80, 0x81, 0x80, 0x80, 0x81, 0x7f, 0x80, 0x7f,
    0x81, 0x81, 0x7f, 0x7e, 0x7e, 0x7d, 0x7e, 0x80, 0x7d, 0x7f, 0x7f, 0x80,
    0x80, 0x7f, 0x7f, 0x7d, 0x7f, 0x7e, 0x7f, 0x80, 0x80, 0x80, 0x81, 0x81,
    0x81, 0x81, 0x81, 0x82, 0x80, 0x80, 0x81, 0x80, 0x7f, 0x7e, 0x7f, 0x82,
    0x80, 0x7f, 0x7f, 0x7f, 0x81, 0x7f, 0x7d, 0x7f, 0x7f, 0x7d, 0x7c, 0x7e,
    0x81, 0x7f, 0x7e, 0x7f, 0x7f, 0x7f, 0x7f, 0x7f, 0x80, 0x81, 0x82, 0x81,
    0x80, 0x7f, 0x7f, 0x7e, 0x80, 0x80, 0x7e, 0x7e, 0x7f, 0x80, 0x81, 0x82,
    0x81, 0x81, 0x80, 0x80, 0x81, 0x80, 0x81, 0x81, 0x7f, 0x81, 0x7f, 0x7f,
    0x7e, 0x7d, 0x7d, 0x7d, 0x7e, 0x7d, 0x7e, 0x7f, 0x80, 0x7f, 0x81, 0x7f,
    0x80, 0x80, 0x80, 0x7f, 0x80, 0x80, 0x7e, 0x80, 0x80, 0x80, 0x7f, 0x80,
    0x81, 0x7e, 0x7f, 0x80, 0x7f, 0x7f, 0x81, 0x80, 0x7e, 0x7e, 0x7e, 0x81,
    0x80, 0x80, 0x7f, 0x7f, 0x81, 0x80, 0x7f, 0x80, 0x7f, 0x80, 0x7e, 0x7e,
    0x7f, 0x7f, 0x80, 0x80, 0x80, 0x7f, 0x80, 0x80, 0x81, 0x80, 0x7f, 0x7f,
    0x80, 0x81, 0x80, 0x82, 0x81, 0x81, 0x7f, 0x7f, 0x7f, 0x7e, 0x7e, 0x7f,
    0x7f, 0x80, 0x80, 0x80, 0x80, 0x7f, 0x7f, 0x7f, 0x80, 0x80, 0x81, 0x80,
    0x80, 0x81, 0x80, 0x80, 0x80, 0x7d, 0x7d, 0x7e, 0x7f, 0x7d, 0x7f, 0x82,
    0x7f, 0x7d, 0x80, 0x80, 0x80, 0x80, 0x7e, 0x81, 0x80, 0x7e, 0x7f, 0x7f,
    0x7f, 0x80, 0x7f, 0x7f, 0x82, 0x81, 0x81, 0x80, 0x81, 0x81, 0x80, 0x7f,
    0x7f, 0x80, 0x80, 0x80, 0x80, 0x80, 0x80, 0x7f, 0x80, 0x80, 0x80, 0x7f,
    0x7f, 0x7f, 0x7e, 0x7f, 0x7e, 0x7e, 0x7e, 0x80, 0x7f, 0x80, 0x80, 0x7f,
    0x80, 0x80, 0x81, 0x7f, 0x80, 0x81, 0x81, 0x80, 0x7f, 0x80, 0x80, 0x7e,
    0x80, 0x7f, 0x7f, 0x7f, 0x7e, 0x7e, 0x7f, 0x7f, 0x7e, 0x7e, 0x7f, 0x7f,
    0x7f, 0x7f, 0x80, 0x82, 0x81, 0x81, 0x81, 0x80, 0x7f, 0x81, 0x82, 0x80,
    0x7f, 0x80, 0x7f, 0x7e, 0x7e, 0x7f, 0x80, 0x7e, 0x7f, 0x7f, 0x7f, 0x80,
    0x80, 0x7e, 0x7f, 0x80, 0x7e, 0x80, 0x80, 0x80, 0x80, 0x80, 0x81, 0x80,
    0x7f, 0x7f, 0x80, 0x81, 0x7f, 0x7e, 0x81, 0x80, 0x7f, 0x7f, 0x7e, 0x7f,
    0x7d, 0x7d, 0x7f, 0x80, 0x7f, 0x7d, 0x80, 0x81, 0x80, 0x80, 0x7f, 0x81,
    0x82, 0x80, 0x80, 0x81, 0x80, 0x7f, 0x7f, 0x7f, 0x80, 0x80, 0x80, 0x81,
    0x7f, 0x7f, 0x80, 0x80, 0x7e, 0x7f, 0x80, 0x7d, 0x7f, 0x7f, 0x7f, 0x81,
    0x80, 0x7e, 0x7f, 0x80, 0x80, 0x80, 0x80, 0x82, 0x7f, 0x7d, 0x7e, 0x7d,
    0x7f, 0x80, 0x80, 0x80, 0x82, 0x82, 0x81, 0x81, 0x81, 0x80, 0x7f, 0x7f,
    0x7f, 0x7e, 0x7d, 0x7f, 0x7e, 0x7e, 0x80, 0x80, 0x7f, 0x7e, 0x80, 0x80,
    0x7f, 0x80, 0x7f, 0x7f, 0x7f, 0x7f, 0x7f, 0x7f, 0x80, 0x80, 0x81, 0x81,
    0x81, 0x82, 0x80, 0x81, 0x80, 0x80, 0x80, 0x81, 0x80, 0x80, 0x7e, 0x7d,
    0x7f, 0x7f, 0x7f, 0x7f, 0x7d, 0x7f, 0x7e, 0x7f, 0x80, 0x80, 0x81, 0x80,
    0x80, 0x81, 0x80, 0x7f, 0x81, 0x80, 0x80, 0x7f, 0x7f, 0x7f, 0x7f, 0x7f,
    0x7f, 0x7f, 0x7f, 0x80, 0x7e, 0x81, 0x7f, 0x7e, 0x7f, 0x80, 0x80, 0x7f,
    0x7e, 0x7f, 0x7f, 0x7f, 0x7f, 0x7e, 0x7f, 0x7e, 0x7f, 0x80, 0x82, 0x82,
    0x80, 0x81, 0x80, 0x7f, 0x7f, 0x80, 0x7f, 0x80, 0x7f, 0x80, 0x81, 0x81,
    0x7f, 0x81, 0x81, 0x7f, 0x80, 0x7f, 0x7f, 0x7f, 0x80, 0x80, 0x80, 0x7f,
    0x7e, 0x7e, 0x7f, 0x7e, 0x7f, 0x7f, 0x7f, 0x80, 0x7f, 0x7f, 0x81, 0x81,
    0x80, 0x82, 0x82, 0x80, 0x80, 0x80, 0x80, 0x81, 0x81, 0x80, 0x81, 0x81,
    0x81, 0x7f, 0x7c, 0x7f, 0x7f, 0x7e, 0x7e, 0x7e, 0x7e, 0x7d, 0x7d, 0x7f,
    0x7e, 0x7e, 0x7f, 0x7e, 0x7f, 0x80, 0x80, 0x81, 0x80, 0x80, 0x80, 0x81,
    0x82, 0x81, 0x81, 0x83, 0x80, 0x80, 0x80, 0x7f, 0x80, 0x80, 0x7f, 0x7f,
    0x7e, 0x7c, 0x7c, 0x7f, 0x7d, 0x7f, 0x81, 0x80, 0x80, 0x80, 0x80, 0x81,
    0x80, 0x82, 0x80, 0x7f, 0x80, 0x7f, 0x7f, 0x7f, 0x80, 0x7f, 0x7f, 0x7f,
    0x80, 0x81, 0x81, 0x80, 0x7f, 0x80, 0x80, 0x7f, 0x80, 0x80, 0x7f, 0x80,
    0x7e, 0x7e, 0x80, 0x7f, 0x7e, 0x7f, 0x7f, 0x7f, 0x7f, 0x7f, 0x83, 0x82,
    0x80, 0x80, 0x7f, 0x7f, 0x7f, 0x7f, 0x7f, 0x7f, 0x7f, 0x7f, 0x7f, 0x80,
    0x7e, 0x7d, 0x7f, 0x80, 0x7f, 0x7f, 0x80, 0x80, 0x7e, 0x7e, 0x7f, 0x81,
    0x80, 0x7f, 0x7f, 0x7e, 0x7f, 0x7e, 0x7f, 0x80, 0x81, 0x7f, 0x80, 0x80,
    0x80, 0x7f, 0x80, 0x81, 0x81, 0x82, 0x81, 0x81, 0x81, 0x80, 0x80, 0x80,
    0x7f, 0x80, 0x7f, 0x7f, 0x7f, 0x80, 0x7f, 0x7e, 0x7e, 0x7f, 0x80, 0x80,
    0x7f, 0x7e, 0x7f, 0x7e, 0x80, 0x80, 0x7f, 0x7f, 0x80, 0x81, 0x82, 0x80,
    0x80, 0x81, 0x81, 0x81, 0x80, 0x7e, 0x7f, 0x7f, 0x7e, 0x7e, 0x7e, 0x7f,
    0x80, 0x80, 0x7d, 0x7f, 0x7f, 0x80, 0x7f, 0x7d, 0x7e, 0x7e, 0x80, 0x7f,
    0x81, 0x81, 0x80, 0x80, 0x81, 0x80, 0x81, 0x80, 0x81, 0x81, 0x7f, 0x7f,
    0x7e, 0x80, 0x7f, 0x80, 0x80, 0x7f, 0x81, 0x80, 0x81, 0x81, 0x80, 0x7f,
    0x7f, 0x7f, 0x80, 0x7f, 0x7e, 0x80, 0x7f, 0x7e, 0x7f, 0x7e, 0x7e, 0x7e,
    0x7f, 0x80, 0x81, 0x80, 0x7f, 0x81, 0x81, 0x80, 0x80, 0x81, 0x80, 0x80,
    0x7f, 0x80, 0x81, 0x7e, 0x7f, 0x7f, 0x7f, 0x81, 0x80, 0x80, 0x7e, 0x7f,
    0x7f, 0x80, 0x80, 0x7f, 0x80, 0x7e, 0x7f, 0x7e, 0x7f, 0x7d, 0x7e, 0x7f,
    0x7f, 0x80, 0x80, 0x81, 0x80, 0x81, 0x81, 0x81, 0x81, 0x80, 0x80, 0x81,
    0x80, 0x82, 0x80, 0x80, 0x82, 0x80, 0x80, 0x7d, 0x7f, 0x7f, 0x7e, 0x7d,
    0x7c, 0x7c, 0x7d, 0x7e, 0x7e, 0x7e, 0x7e, 0x7e, 0x80, 0x80, 0x80, 0x80,
    0x80, 0x81, 0x81, 0x82, 0x82, 0x82, 0x81, 0x80, 0x80, 0x80, 0x80, 0x81,
    0x82, 0x7f, 0x80, 0x81, 0x81, 0x80, 0x7e, 0x7f, 0x7e, 0x80, 0x7f, 0x7d,
    0x7f, 0x7f, 0x7f, 0x80, 0x80, 0x7f, 0x80, 0x80, 0x80, 0x7f, 0x80, 0x7f,
    0x7e, 0x7d, 0x7e, 0x7f, 0x7e, 0x7f, 0x7f, 0x80, 0x80, 0x80, 0x80, 0x7f,
    0x81, 0x80, 0x80, 0x82, 0x82, 0x82, 0x82, 0x81, 0x80, 0x81, 0x80, 0x80,
    0x7f, 0x81, 0x7f, 0x7e, 0x80, 0x7e, 0x7e, 0x7e, 0x7e, 0x7f, 0x7e, 0x7d,
    0x7f, 0x7f, 0x80, 0x7e, 0x80, 0x7f, 0x80, 0x7f, 0x80, 0x80, 0x7f, 0x80,
    0x7f, 0x82, 0x80, 0x80, 0x80, 0x80, 0x7f, 0x80, 0x81, 0x7f, 0x81, 0x7f,
    0x7f, 0x80, 0x80, 0x80, 0x80, 0x7f, 0x80, 0x7f, 0x80, 0x7f, 0x80, 0x80,
    0x7e, 0x7f, 0x80, 0x80, 0x7f, 0x7e, 0x7d, 0x7e, 0x7f, 0x7f, 0x7e, 0x7e,
    0x7f, 0x7f, 0x80, 0x80, 0x81, 0x80, 0x7f, 0x81, 0x80, 0x7f, 0x7f, 0x81,
    0x80, 0x7f, 0x80, 0x82, 0x80, 0x7f, 0x7f, 0x7f, 0x7f, 0x80, 0x80, 0x7f,
    0x7f, 0x7f, 0x7f, 0x7f, 0x81, 0x7f, 0x80, 0x7e, 0x7f, 0x7f, 0x7d, 0x7f,
    0x7e, 0x80, 0x80, 0x7f, 0x81, 0x81, 0x80, 0x7f, 0x81, 0x82, 0x81, 0x80,
    0x7f, 0x7e, 0x7e, 0x7e, 0x7f, 0x7f, 0x7f, 0x7e, 0x7f, 0x7f, 0x80, 0x80,
    0x7f, 0x80, 0x81, 0x80, 0x81, 0x80, 0x80, 0x81, 0x7f, 0x81, 0x80, 0x7f,
    0x7f, 0x7f, 0x7f, 0x80, 0x7f, 0x7f, 0x7e, 0x7e, 0x80, 0x7f, 0x82, 0x7f,
    0x7f, 0x7e, 0x7e, 0x7f, 0x7e, 0x7f, 0x7f, 0x80, 0x81, 0x80, 0x80, 0x80,
    0x7f, 0x81, 0x7e, 0x80, 0x7f, 0x7f, 0x80, 0x7f, 0x80, 0x80, 0x80, 0x80,
    0x81, 0x80, 0x80, 0x7f, 0x7f, 0x81, 0x81, 0x80, 0x81, 0x81, 0x7f, 0x80,
    0x80, 0x80, 0x81, 0x80, 0x7f, 0x81, 0x80, 0x7f, 0x7f, 0x80, 0x7f, 0x7f,
    0x7f, 0x7e, 0x7e, 0x7e, 0x80, 0x80, 0x80, 0x7f, 0x80, 0x7f, 0x7f, 0x7f,
    0x7f, 0x80, 0x7f, 0x80, 0x7f, 0x7e, 0x80, 0x80, 0x7e, 0x7e, 0x7f, 0x7f,
    0x7e, 0x7f, 0x80, 0x80, 0x80, 0x80, 0x81, 0x81, 0x80, 0x80, 0x80, 0x81,
    0x80, 0x80, 0x80, 0x7d, 0x80, 0x7f, 0x7f, 0x80, 0x7f, 0x80, 0x81, 0x82,
    0x81, 0x80, 0x7f, 0x80, 0x7e, 0x80, 0x7e, 0x7f, 0x80, 0x7f, 0x7f, 0x7f,
    0x80, 0x7e, 0x7f, 0x7e, 0x7e, 0x7f, 0x7e, 0x7f, 0x7f, 0x7f, 0x81, 0x80,
    0x80, 0x80, 0x80, 0x7e, 0x80, 0x80, 0x81, 0x82, 0x80, 0x80, 0x80, 0x80,
    0x7f, 0x7f, 0x80, 0x81, 0x81, 0x82, 0x81, 0x81, 0x7f, 0x7e, 0x7f, 0x80,
    0x7e, 0x7e, 0x7e, 0x7e, 0x7f, 0x7e, 0x80, 0x7e, 0x7f, 0x80, 0x80, 0x7f,
    0x80, 0x80, 0x80, 0x80, 0x80, 0x7f, 0x7f, 0x80, 0x7f, 0x7e, 0x80, 0x81,
    0x7e, 0x7f, 0x7f, 0x7f, 0x7e, 0x80, 0x81, 0x80, 0x80, 0x80, 0x80, 0x7e,
    0x7f, 0x7f, 0x80, 0x7f, 0x7e, 0x81, 0x7e, 0x7e, 0x80, 0x7e, 0x7f, 0x80,
    0x80, 0x81, 0x80, 0x7f, 0x7f, 0x81, 0x81, 0x81, 0x81, 0x7f, 0x7f, 0x7f,
    0x7f, 0x7f, 0x7e, 0x7f, 0x7f, 0x7e, 0x7f, 0x80, 0x80, 0x80, 0x80, 0x81,
    0x81, 0x80, 0x80, 0x80, 0x80, 0x80, 0x7e, 0x7f, 0x7f, 0x7f, 0x7f, 0x81,
    0x7e, 0x7d, 0x7e, 0x80, 0x80, 0x80, 0x81, 0x81, 0x81, 0x81, 0x81, 0x7f,
    0x80, 0x80, 0x80, 0x81, 0x7f, 0x7e, 0x7f, 0x7e, 0x7f, 0x7f, 0x7e, 0x7f,
    0x7e, 0x7e, 0x7f, 0x7f, 0x7f, 0x80, 0x7e, 0x7f, 0x7e, 0x7e, 0x7f, 0x7f,
    0x80, 0x80, 0x81, 0x81, 0x80, 0x80, 0x81, 0x81, 0x83, 0x81, 0x81, 0x81,
    0x80, 0x81, 0x81, 0x81, 0x80, 0x81, 0x80, 0x7f, 0x80, 0x7e, 0x7e, 0x7e,
    0x7c, 0x7e, 0x7f, 0x7f, 0x7e, 0x7f, 0x7e, 0x7f, 0x80, 0x80, 0x81, 0x80,
    0x80, 0x7f, 0x80, 0x7f, 0x7f, 0x7f, 0x7f, 0x80, 0x7f, 0x80, 0x80, 0x7f,
    0x80, 0x80, 0x7f, 0x81, 0x80, 0x7f, 0x80, 0x81, 0x80, 0x7f, 0x80, 0x7f,
    0x80, 0x7f, 0x7d, 0x7e, 0x7f, 0x7e, 0x80, 0x7f, 0x7f, 0x80, 0x81, 0x80,
    0x81, 0x81, 0x81, 0x80, 0x80, 0x80, 0x7f, 0x7f, 0x7e, 0x80, 0x81, 0x7f,
    0x7f, 0x80, 0x7f, 0x7e, 0x80, 0x7f, 0x7f, 0x80, 0x7f, 0x80, 0x80, 0x80,
    0x80, 0x81, 0x7f, 0x80, 0x80, 0x80, 0x80, 0x80, 0x81, 0x80, 0x81, 0x80,
    0x7f, 0x81, 0x80, 0x80, 0x80, 0x7f, 0x81, 0x7d, 0x7d, 0x7d, 0x7d, 0x7f,
    0x7e, 0x7f, 0x7e, 0x80, 0x80, 0x81, 0x80, 0x81, 0x80, 0x80, 0x7f, 0x7f,
    0x7f, 0x7f, 0x7f, 0x7e, 0x7f, 0x7f, 0x7f, 0x80, 0x82, 0x80, 0x82, 0x81,
    0x81, 0x7f, 0x7e, 0x7f, 0x7f, 0x80, 0x80, 0x80, 0x80, 0x7f, 0x7f, 0x7f,
    0x7f, 0x7e, 0x7d, 0x7e, 0x7f, 0x80, 0x7f, 0x7f, 0x80, 0x80, 0x80, 0x7f,
    0x7f, 0x7f, 0x80, 0x82, 0x81, 0x81, 0x81, 0x7f, 0x80, 0x7f, 0x81, 0x80,
    0x81, 0x81, 0x7f, 0x80, 0x7e, 0x7f, 0x7f, 0x7f, 0x7f, 0x80, 0x81, 0x7f,
    0x7f, 0x7e, 0x80, 0x7e, 0x7f, 0x7f, 0x7e, 0x80, 0x7f, 0x7f, 0x7e, 0x81,
    0x81, 0x81, 0x81, 0x80, 0x80, 0x80, 0x80, 0x7e, 0x7f, 0x81, 0x7f, 0x7f,
    0x81, 0x7f, 0x80, 0x81, 0x7f, 0x80, 0x7f, 0x7e, 0x7f, 0x7e, 0x7e, 0x7f,
    0x80, 0x7f, 0x7f, 0x7e, 0x7f, 0x81, 0x7f, 0x80, 0x82, 0x81, 0x7f, 0x81,
    0x80, 0x7e, 0x80, 0x81, 0x7f, 0x80, 0x7f, 0x7e, 0x7e, 0x7f, 0x7f, 0x80,
    0x80, 0x7f, 0x80, 0x80, 0x81, 0x80, 0x80, 0x80, 0x80, 0x7f, 0x7f, 0x7e,
    0x7e, 0x80, 0x7f, 0x80, 0x80, 0x7f, 0x7f, 0x7f, 0x7f, 0x80, 0x7f, 0x80,
    0x81, 0x7f, 0x81, 0x81, 0x80, 0x7f, 0x7e, 0x7e, 0x7e, 0x7f, 0x7f, 0x80,
    0x7f, 0x7f, 0x7f, 0x7e, 0x7f, 0x80, 0x7f, 0x80, 0x80, 0x7f, 0x80, 0x80,
    0x80, 0x83, 0x82, 0x80, 0x80, 0x80, 0x7f, 0x7f, 0x7e, 0x7e, 0x7f, 0x7f,
    0x80, 0x7f, 0x7f, 0x80, 0x7f, 0x7e, 0x7f, 0x7e, 0x7f, 0x7f, 0x7f, 0x7f,
    0x7f, 0x80, 0x7f, 0x80, 0x80, 0x80, 0x80, 0x81, 0x82, 0x81, 0x81, 0x80,
    0x80, 0x81, 0x80, 0x80, 0x80, 0x81, 0x81, 0x7f, 0x80, 0x7f, 0x7f, 0x7e,
    0x7e, 0x7e, 0x7e, 0x7d, 0x7d, 0x7e, 0x7e, 0x7e, 0x7d, 0x7e, 0x7e, 0x7e,
    0x80, 0x7f, 0x80, 0x82, 0x82, 0x81, 0x82, 0x82, 0x81, 0x81, 0x82, 0x82,
    0x82, 0x82, 0x82, 0x82, 0x81, 0x80, 0x81, 0x7f, 0x7e, 0x7e, 0x7d, 0x7e,
    0x7d, 0x7d, 0x7e, 0x7d, 0x7d, 0x7d, 0x7d, 0x7e, 0x7d, 0x7e, 0x7f, 0x7f,
    0x7f, 0x80, 0x80, 0x80, 0x80, 0x7f, 0x80, 0x82, 0x81, 0x81, 0x81, 0x83,
    0x82, 0x82, 0x81, 0x80, 0x82, 0x81, 0x81, 0x80, 0x80, 0x80, 0x7f, 0x7f,
    0x7d, 0x7d, 0x7f, 0x7e, 0x7d, 0x7f, 0x7f, 0x7f, 0x7f, 0x7f, 0x7e, 0x7e,
    0x7d, 0x7e, 0x7f, 0x80, 0x81, 0x7f, 0x81, 0x81, 0x81, 0x7f, 0x80, 0x81,
    0x80, 0x7f, 0x80, 0x80, 0x81, 0x7f, 0x80, 0x82, 0x80, 0x80, 0x80, 0x80,
    0x80, 0x7f, 0x80, 0x80, 0x7f, 0x7f, 0x80, 0x7f, 0x7e, 0x7f, 0x7f, 0x7e,
    0x7f, 0x7f, 0x7f, 0x7e, 0x7e, 0x7f, 0x7f, 0x80, 0x7e, 0x7e, 0x7e, 0x7e,
    0x7f, 0x7e, 0x7f, 0x80, 0x80, 0x81, 0x81, 0x81, 0x81, 0x81, 0x81, 0x7f,
    0x81, 0x80, 0x7e, 0x7f, 0x7d, 0x80, 0x81, 0x7f, 0x81, 0x80, 0x7e, 0x80,
    0x80, 0x7f, 0x80, 0x7f, 0x81, 0x80, 0x80, 0x7f, 0x7e, 0x7e, 0x7e, 0x7f,
    0x80, 0x7f, 0x7f, 0x81, 0x7f, 0x80, 0x7f, 0x81, 0x80, 0x80, 0x7f, 0x7f,
    0x7f, 0x7f, 0x80, 0x80, 0x7f, 0x7f, 0x80, 0x7f, 0x7f, 0x7f, 0x80, 0x80,
    0x80, 0x81, 0x80, 0x7f, 0x7f, 0x7f, 0x7f, 0x80, 0x81, 0x80, 0x80, 0x7f,
    0x81, 0x80, 0x80, 0x80, 0x80, 0x82, 0x81, 0x81, 0x80, 0x80, 0x80, 0x80,
    0x7f, 0x7e, 0x7e, 0x7e, 0x7e, 0x7f, 0x7e, 0x7e, 0x7f, 0x7f, 0x80, 0x7f,
    0x7e, 0x80, 0x81, 0x80, 0x7f, 0x7e, 0x81, 0x81, 0x80, 0x80, 0x81, 0x80,
    0x7f, 0x81, 0x7f, 0x7f, 0x7f, 0x7f, 0x7f, 0x7f, 0x7e, 0x7f, 0x80, 0x7e,
    0x7f, 0x81, 0x81, 0x81, 0x81, 0x81, 0x80, 0x7f, 0x81, 0x80, 0x7f, 0x80,
    0x7e, 0x7e, 0x7e, 0x7f, 0x7d, 0x7f, 0x7f, 0x7f, 0x81, 0x80, 0x81, 0x80,
    0x80, 0x7e, 0x7e, 0x7e, 0x7e, 0x7f, 0x7f, 0x7d, 0x7f, 0x80, 0x7f, 0x7e,
    0x81, 0x81, 0x7f, 0x81, 0x81, 0x83, 0x81, 0x82, 0x82, 0x81, 0x81, 0x81,
    0x7f, 0x7f, 0x7f, 0x81, 0x81, 0x80, 0x7e, 0x7e, 0x80, 0x7e, 0x7d, 0x7f,
    0x80, 0x7f, 0x7f, 0x7f, 0x7e, 0x7f, 0x7e, 0x7f, 0x80, 0x7d, 0x7e, 0x80,
    0x81, 0x80, 0x7f, 0x80, 0x7f, 0x80, 0x80, 0x7f, 0x81, 0x80, 0x80, 0x81,
    0x7e, 0x7f, 0x7d, 0x80, 0x80, 0x80, 0x7f, 0x7f, 0x80, 0x80, 0x81, 0x80,
    0x7f, 0x80, 0x80, 0x80, 0x80, 0x7f, 0x80, 0x7f, 0x7f, 0x80, 0x80, 0x81,
    0x7f, 0x80, 0x7f, 0x7f, 0x81, 0x80, 0x7e, 0x7e, 0x7f, 0x80, 0x80, 0x7f,
    0x7f, 0x80, 0x7f, 0x7f, 0x7f, 0x7e, 0x80, 0x80, 0x7f, 0x7f, 0x80, 0x7f,
    0x81, 0x81, 0x7f, 0x80, 0x80, 0x81, 0x7d, 0x7e, 0x7f, 0x7f, 0x80, 0x7f,
    0x7f, 0x80, 0x80, 0x80, 0x80, 0x80, 0x80, 0x80, 0x81, 0x80, 0x80, 0x81,
    0x80, 0x7f, 0x80, 0x7f, 0x7e, 0x7f, 0x7e, 0x7e, 0x7f, 0x7f, 0x7f, 0x7f,
    0x80, 0x7f, 0x7f, 0x7f, 0x7f, 0x7f, 0x80, 0x80, 0x7f, 0x7f, 0x7f, 0x80,
    0x7e, 0x81, 0x80, 0x7d, 0x80, 0x7f, 0x81, 0x80, 0x7f, 0x80, 0x7e, 0x80,
    0x80, 0x7f, 0x81, 0x80, 0x82, 0x80, 0x80, 0x7f, 0x80, 0x80, 0x7f, 0x80,
    0x80, 0x80, 0x7f, 0x7f, 0x7e, 0x7e, 0x7e, 0x80, 0x7f, 0x80, 0x81, 0x81,
    0x80, 0x81, 0x81, 0x80, 0x7f, 0x7f, 0x7f, 0x7f, 0x80, 0x80, 0x80, 0x7f,
    0x7f, 0x7f, 0x7f, 0x7f, 0x81, 0x80, 0x7f, 0x7d, 0x7d, 0x7f, 0x7e, 0x7d,
    0x7d, 0x7d, 0x7d, 0x7e, 0x80, 0x80, 0x80, 0x81, 0x80, 0x82, 0x81, 0x80,
    0x83, 0x81, 0x82, 0x82, 0x81, 0x81, 0x80, 0x80, 0x7f, 0x80, 0x80, 0x7f,
    0x7f, 0x7d, 0x7d, 0x7e, 0x7d, 0x7d, 0x7d, 0x7d, 0x7e, 0x7f, 0x7f, 0x80,
    0x7f, 0x80, 0x81, 0x80, 0x80, 0x81, 0x80, 0x80, 0x81, 0x81, 0x81, 0x80,
    0x81, 0x82, 0x80, 0x81, 0x81, 0x81, 0x81, 0x80, 0x7f, 0x7d, 0x7e, 0x7e,
    0x7d, 0x7e, 0x7e, 0x7e, 0x7e, 0x7e, 0x7f, 0x7f, 0x80, 0x80, 0x7f, 0x80,
    0x80, 0x7f, 0x7f, 0x80, 0x81, 0x81, 0x80, 0x80, 0x82, 0x81, 0x80, 0x81,
    0x7f, 0x80, 0x7f, 0x7e, 0x80, 0x7e, 0x7d, 0x80, 0x80, 0x7e, 0x7d, 0x7d,
    0x7f, 0x7d, 0x7e, 0x80, 0x80, 0x81, 0x81, 0x80, 0x82, 0x7f, 0x7f, 0x81,
    0x7f, 0x80, 0x7f, 0x80, 0x7f, 0x7e, 0x80, 0x7f, 0x81, 0x80, 0x80, 0x81,
    0x80, 0x7f, 0x7f, 0x80, 0x7f, 0x7e, 0x7f, 0x7f, 0x7f, 0x80, 0x80, 0x7f,
    0x80, 0x7f, 0x7f, 0x80, 0x81, 0x81, 0x81, 0x80, 0x7f, 0x81, 0x81, 0x81,
    0x81, 0x80, 0x80, 0x7f, 0x7e, 0x7f, 0x7e, 0x7e, 0x7e, 0x7d, 0x7f, 0x7e,
    0x7e, 0x80, 0x80, 0x80, 0x80, 0x80, 0x7f, 0x7f, 0x7f, 0x80, 0x7f, 0x80,
    0x80, 0x80, 0x80, 0x81, 0x80, 0x81, 0x81, 0x80, 0x7f, 0x7f, 0x7e, 0x7e,
    0x7e, 0x7e, 0x7f, 0x7d, 0x7d, 0x7f, 0x80, 0x7f, 0x80, 0x7f, 0x7f, 0x7f,
    0x81, 0x82, 0x82, 0x82, 0x80, 0x81, 0x80, 0x80, 0x82, 0x82, 0x80, 0x80,
    0x81, 0x81, 0x7e, 0x7f, 0x7e, 0x7e, 0x7f, 0x7d, 0x7e, 0x7e, 0x7c, 0x7c,
    0x7e, 0x7e, 0x7e, 0x7f, 0x7f, 0x7f, 0x7e, 0x7f, 0x81, 0x81, 0x81, 0x82,
    0x82, 0x80, 0x80, 0x82, 0x82, 0x81, 0x81, 0x80, 0x80, 0x7f, 0x80, 0x7f,
    0x7e, 0x7f, 0x7e, 0x7f, 0x7f, 0x7f, 0x7f, 0x7d, 0x7f, 0x7e, 0x7b, 0x7d,
    0x7f, 0x7f, 0x7e, 0x82, 0x80, 0x80, 0x80, 0x81, 0x81, 0x80, 0x81, 0x7f,
    0x80, 0x7f, 0x81, 0x81, 0x80, 0x80, 0x80, 0x80, 0x80, 0x82, 0x81, 0x80,
    0x80, 0x7f, 0x7f, 0x7e, 0x7e, 0x7f, 0x80, 0x7e, 0x7d, 0x7e, 0x7f, 0x7d,
    0x7d, 0x7f, 0x7f, 0x7f, 0x80, 0x7f, 0x7e, 0x80, 0x7f, 0x7f, 0x7f, 0x80,
    0x81, 0x82, 0x82, 0x81, 0x81, 0x80, 0x7f, 0x7f, 0x7f, 0x7e, 0x80, 0x80,
    0x80, 0x82, 0x80, 0x80, 0x80, 0x7f, 0x80, 0x80, 0x80, 0x80, 0x80, 0x80,
    0x7f, 0x80, 0x81, 0x80, 0x80, 0x7e, 0x80, 0x7e, 0x80, 0x7f, 0x7e, 0x7e,
    0x7e, 0x7f, 0x7e, 0x7e, 0x7d, 0x7e, 0x7e, 0x7f, 0x7f, 0x7f, 0x82, 0x81,
    0x81, 0x7f, 0x7f, 0x80, 0x80, 0x80, 0x81, 0x81, 0x82, 0x83, 0x81, 0x84,
    0x82, 0x80, 0x81, 0x7f, 0x7e, 0x7f, 0x7f, 0x7f, 0x7e, 0x7e, 0x7f, 0x7e,
    0x7d, 0x7d, 0x7f, 0x80, 0x7f, 0x7e, 0x7e, 0x7e, 0x7f, 0x80, 0x81, 0x7d,
    0x7e, 0x7f, 0x7e, 0x7f, 0x7f, 0x81, 0x81, 0x84, 0x82, 0x82, 0x83, 0x82,
    0x81, 0x80, 0x80, 0x7e, 0x7e, 0x7f, 0x7d, 0x7e, 0x80, 0x7f, 0x7e, 0x7e,
    0x7e, 0x7d, 0x7f, 0x7e, 0x7e, 0x7f, 0x7f, 0x7f, 0x7e, 0x7f, 0x82, 0x82,
    0x81, 0x82, 0x81, 0x7f, 0x7f, 0x80, 0x81, 0x80, 0x7f, 0x7f, 0x81, 0x80,
    0x81, 0x80, 0x7f, 0x7f, 0x80, 0x80, 0x7f, 0x7f, 0x7e, 0x80, 0x7f, 0x80,
    0x80, 0x7f, 0x80, 0x80, 0x81, 0x7f, 0x80, 0x81, 0x80, 0x7e, 0x7f, 0x80,
    0x7f, 0x80, 0x7e, 0x7f, 0x80, 0x7f, 0x7e, 0x7f, 0x7f, 0x7e, 0x7f, 0x80,
    0x80, 0x7f, 0x80, 0x81, 0x7f, 0x80, 0x7f, 0x7e, 0x7f, 0x80, 0x80, 0x80,
    0x80, 0x81, 0x80, 0x80, 0x80, 0x81, 0x80, 0x81, 0x80, 0x80, 0x7f, 0x7f,
    0x7f, 0x80, 0x80, 0x7f, 0x80, 0x7f, 0x80, 0x7f, 0x7f, 0x81, 0x7e, 0x7e,
    0x7f, 0x7e, 0x7f, 0x7f, 0x81, 0x80, 0x80, 0x80, 0x81, 0x81, 0x80, 0x7f,
    0x7f, 0x81, 0x7e, 0x7f, 0x7d, 0x7e, 0x7e, 0x7e, 0x7f, 0x80, 0x80, 0x7f,
    0x7f, 0x7e, 0x80, 0x7f, 0x80, 0x80, 0x80, 0x81, 0x81, 0x81, 0x81, 0x81,
    0x81, 0x81, 0x81, 0x82, 0x81, 0x80, 0x7f, 0x81, 0x7f, 0x80, 0x7f, 0x7f,
    0x7e, 0x7d, 0x7d, 0x7e, 0x7e, 0x7d, 0x7f, 0x7e, 0x7f, 0x7f, 0x7c, 0x80,
    0x80, 0x80, 0x80, 0x7f, 0x80, 0x83, 0x82, 0x7f, 0x81, 0x82, 0x81, 0x80,
    0x80, 0x7f, 0x80, 0x7e, 0x7e, 0x7e, 0x7e, 0x7f, 0x7d, 0x7e, 0x7e, 0x7e,
    0x7e, 0x7f, 0x7f, 0x7f, 0x7e, 0x7e, 0x7f, 0x81, 0x80, 0x81, 0x82, 0x82,
    0x81, 0x81, 0x81, 0x82, 0x83, 0x80, 0x81, 0x81, 0x80, 0x7f, 0x7e, 0x80,
    0x81, 0x7f, 0x7d, 0x7d, 0x7d, 0x7d, 0x7d, 0x7e, 0x7f, 0x80, 0x7f, 0x7e,
    0x80, 0x7f, 0x7f, 0x7f, 0x7f, 0x7f, 0x7f, 0x7e, 0x80, 0x81, 0x81, 0x82,
    0x80, 0x81, 0x80, 0x7f, 0x80, 0x81, 0x81, 0x81, 0x80, 0x80, 0x80, 0x80,
    0x80, 0x7e, 0x80, 0x80, 0x7e, 0x7f, 0x7f, 0x80, 0x7d, 0x7f, 0x80, 0x7f,
    0x80, 0x7f, 0x80, 0x7f, 0x7f, 0x7f, 0x80, 0x7f, 0x7f, 0x7e, 0x7d, 0x7e,
    0x7f, 0x7e, 0x7f, 0x81, 0x7e, 0x80, 0x82, 0x80, 0x80, 0x80, 0x80, 0x80,
    0x81, 0x80, 0x7f, 0x80, 0x7f, 0x80, 0x80, 0x81, 0x7e, 0x7f, 0x80, 0x80,
    0x82, 0x7f, 0x80, 0x80, 0x80, 0x80, 0x7f, 0x7f, 0x7f, 0x7f, 0x80, 0x7e,
    0x7f, 0x7d, 0x7d, 0x7d, 0x7e, 0x7f, 0x7e, 0x7f, 0x7f, 0x7f, 0x7f, 0x80,
    0x80, 0x80, 0x81, 0x82, 0x80, 0x80, 0x80, 0x80, 0x80, 0x80, 0x7f, 0x7f,
    0x7f, 0x7c, 0x80, 0x81, 0x7f, 0x7f, 0x7f, 0x7f, 0x7e, 0x80, 0x80, 0x7e,
    0x7f, 0x80, 0x81, 0x81, 0x81, 0x82, 0x80, 0x80, 0x80, 0x7f, 0x7f, 0x80,
    0x7f, 0x80, 0x80, 0x7f, 0x80, 0x80, 0x80, 0x7f, 0x7f, 0x7f, 0x7f, 0x81,
    0x81, 0x81, 0x80, 0x80, 0x80, 0x80, 0x80, 0x81, 0x7f, 0x7e, 0x7e, 0x7d,
    0x7e, 0x7e, 0x80, 0x7f, 0x7f, 0x7f, 0x7f, 0x81, 0x80, 0x80, 0x80, 0x80,
    0x7f, 0x7f, 0x80, 0x7f, 0x7f, 0x7e, 0x7f, 0x82, 0x80, 0x81, 0x7f, 0x80,
    0x7f, 0x7f, 0x80, 0x81, 0x81, 0x80, 0x80, 0x7f, 0x7f, 0x7f, 0x80, 0x7f,
    0x80, 0x7f, 0x7f, 0x81, 0x80, 0x7f, 0x7f, 0x7e, 0x80, 0x80, 0x7f, 0x80,
    0x7f, 0x7f, 0x80, 0x80, 0x7f, 0x80, 0x7f, 0x81, 0x80, 0x7e, 0x80, 0x7e,
    0x81, 0x7f, 0x80, 0x7f, 0x7f, 0x80, 0x81, 0x7f, 0x7f, 0x7f, 0x7e, 0x80,
    0x7e, 0x7f, 0x81, 0x7f, 0x80, 0x80, 0x7f, 0x81, 0x80, 0x82, 0x80, 0x81,
    0x81, 0x81, 0x81, 0x7f, 0x7f, 0x7f, 0x80, 0x7d, 0x7d, 0x7f, 0x7e, 0x7e,
    0x7d, 0x7d, 0x7f, 0x7f, 0x80, 0x7f, 0x80, 0x7f, 0x80, 0x82, 0x80, 0x80,
    0x7f, 0x80, 0x7f, 0x80, 0x7f, 0x81, 0x7f, 0x80, 0x80, 0x7e, 0x7f, 0x7f,
    0x82, 0x81, 0x80, 0x80, 0x7f, 0x7f, 0x81, 0x7f, 0x7f, 0x7f, 0x7e, 0x7f,
    0x7f, 0x7d, 0x7e, 0x7f, 0x81, 0x80, 0x7e, 0x7f, 0x81, 0x80, 0x80, 0x81,
    0x7f, 0x80, 0x80, 0x7e, 0x80, 0x7f, 0x7f, 0x7f, 0x7f, 0x82, 0x7f, 0x7f,
    0x7e, 0x7f, 0x81, 0x80, 0x81, 0x7e, 0x80, 0x81, 0x82, 0x80, 0x7f, 0x7f,
    0x80, 0x81, 0x80, 0x7f, 0x7e, 0x7d, 0x7e, 0x7e, 0x7f, 0x80, 0x7f, 0x7f,
    0x7f, 0x7f, 0x7e, 0x7e, 0x7f, 0x81, 0x7e, 0x7e, 0x7f, 0x82, 0x82, 0x7f,
    0x80, 0x80, 0x83, 0x82, 0x80, 0x7d, 0x80, 0x7f, 0x7e, 0x7d, 0x7c, 0x80,
    0x7d, 0x7c, 0x7f, 0x80, 0x81, 0x82, 0x80, 0x81, 0x81, 0x82, 0x82, 0x81,
    0x80, 0x81, 0x82, 0x80, 0x81, 0x7f, 0x7e, 0x7f, 0x7e, 0x7d, 0x7e, 0x80,
    0x80, 0x7e, 0x7e, 0x7e, 0x81, 0x80, 0x7e, 0x7f, 0x80, 0x81, 0x7f, 0x7e,
    0x7e, 0x80, 0x7f, 0x7e, 0x7f, 0x7f, 0x80, 0x80, 0x80, 0x81, 0x81, 0x7f,
    0x80, 0x7f, 0x81, 0x81, 0x81, 0x82, 0x81, 0x80, 0x81, 0x81, 0x81, 0x80,
    0x7f, 0x7d, 0x7e, 0x7d, 0x7d, 0x7f, 0x7e, 0x7e, 0x7e, 0x7e, 0x7e, 0x7d,
    0x7e, 0x7e, 0x7e, 0x7d, 0x7e, 0x7f, 0x80, 0x80, 0x80, 0x81, 0x80, 0x80,
    0x7f, 0x80, 0x81, 0x7f, 0x80, 0x80, 0x81, 0x80, 0x82, 0x81, 0x80, 0x80,
    0x80, 0x82, 0x82, 0x81, 0x80, 0x81, 0x80, 0x80, 0x80, 0x7e, 0x80, 0x7e,
    0x7a, 0x7d, 0x7e, 0x80, 0x80, 0x7e, 0x7f, 0x80, 0x80, 0x80, 0x7e, 0x7f,
    0x7f, 0x7e, 0x80, 0x82, 0x80, 0x7d, 0x80, 0x82, 0x83, 0x82, 0x7f, 0x80,
    0x81, 0x7e, 0x7d, 0x7f, 0x7f, 0x7f, 0x7f, 0x7b, 0x7e, 0x83, 0x82, 0x7f,
    0x7e, 0x80, 0x81, 0x80, 0x80, 0x81, 0x81, 0x7e, 0x7b, 0x7e, 0x83, 0x83,
    0x7d, 0x7c, 0x82, 0x84, 0x7e, 0x78, 0x83, 0x8d, 0x80, 0x69, 0x75, 0x94,
    0x9e, 0x78, 0x60, 0x86, 0x9a, 0x7e, 0x53, 0x60, 0x9c, 0xa9, 0x74, 0x60,
    0x89, 0xa5, 0x8a, 0x65, 0x70, 0x8c, 0x84, 0x63, 0x67, 0x92, 0x9b, 0x7a,
    0x6c, 0x84, 0xab, 0xa1, 0x73, 0x61, 0x72, 0x87, 0x7a, 0x69, 0x72, 0x8d,
    0xa1, 0x8b, 0x6a, 0x71, 0x8d, 0x9a, 0x86, 0x69, 0x66, 0x79, 0x85, 0x86,
    0x81, 0x80, 0x73, 0x66, 0x7f, 0xa3, 0xa4, 0x82, 0x67, 0x73, 0x82, 0x7d,
    0x77, 0x78, 0x87, 0x85, 0x74, 0x79, 0x91, 0x9d, 0x8f, 0x78, 0x76, 0x7e,
    0x7a, 0x72, 0x77, 0x83, 0x84, 0x7c, 0x78, 0x85, 0x8d, 0x89, 0x7e, 0x7d,
    0x81, 0x7a, 0x76, 0x79, 0x7d, 0x82, 0x80, 0x79, 0x82, 0x87, 0x82, 0x87,
    0x7e, 0x73, 0x80, 0x88, 0x83, 0x7f, 0x7e, 0x7f, 0x86, 0x85, 0x7c, 0x7f,
    0x80, 0x7f, 0x86, 0x81, 0x76, 0x72, 0x75, 0x89, 0x91, 0x81, 0x74, 0x7a,
    0x82, 0x80, 0x82, 0x7c, 0x79, 0x7f, 0x7f, 0x7e, 0x80, 0x81, 0x7d, 0x7d,
    0x84, 0x81, 0x83, 0x86, 0x7f, 0x7f, 0x7d, 0x7c, 0x7e, 0x85, 0x87, 0x84,
    0x85, 0x7a, 0x77, 0x81, 0x84, 0x87, 0x7d, 0x76, 0x80, 0x7b, 0x79, 0x87,
    0x86, 0x85, 0x81, 0x69, 0x7d, 0x93, 0x80, 0x76, 0x72, 0x82, 0x93, 0x7c,
    0x7a, 0x85, 0x86, 0x87, 0x72, 0x6f, 0x8a, 0x8c, 0x79, 0x7a, 0x82, 0x8c,
    0x82, 0x6f, 0x78, 0x82, 0x82, 0x85, 0x83, 0x80, 0x7b, 0x66, 0x73, 0x91,
    0x9f, 0x8e, 0x62, 0x63, 0x82, 0x85, 0x86, 0x87, 0x82, 0x91, 0x84, 0x76,
    0x91, 0x89, 0x79, 0x77, 0x6c, 0x89, 0x91, 0x78, 0x78, 0x75, 0x7f, 0x8b,
    0x78, 0x70, 0x73, 0x76, 0x91, 0x96, 0x7c, 0x6c, 0x62, 0x77, 0x96, 0x84,
    0x9b, 0xa1, 0x67, 0x6c, 0x78, 0x88, 0xad, 0x8a, 0x69, 0x83, 0x79, 0x79,
    0x80, 0x81, 0xa5, 0x8f, 0x59, 0x58, 0x6d, 0x85, 0x8b, 0x75, 0x82, 0x93,
    0x81, 0x6f, 0x73, 0x7e, 0x7b, 0x73, 0x78, 0x8c, 0xa0, 0x92, 0x79, 0x81,
    0x82, 0x8f, 0x8f, 0x73, 0x7a, 0x85, 0x83, 0x83, 0x73, 0x78, 0x8d, 0x84,
    0x7b, 0x74, 0x6d, 0x80, 0x7f, 0x70, 0x7a, 0x83, 0x90, 0x89, 0x73, 0x7a,
    0x79, 0x65, 0x6b, 0x7b, 0x92, 0xa0, 0x84, 0x82, 0x9f, 0x93, 0x7a, 0x6b,
    0x71, 0x95, 0x8d, 0x71, 0x83, 0x9a, 0x91, 0x6e, 0x56, 0x73, 0x95, 0x78,
    0x56, 0x79, 0xa7, 0x9f, 0x74, 0x56, 0x79, 0x8f, 0x67, 0x56, 0x6b, 0x9c,
    0xbc, 0x9b, 0x87, 0x84, 0x6f, 0x6c, 0x6a, 0x84, 0xb2, 0x94, 0x60, 0x69,
    0x86, 0xa2, 0x8e, 0x6f, 0x76, 0x6d, 0x61, 0x71, 0x99, 0xaf, 0x93, 0x69,
    0x6d, 0x71, 0x58, 0x64, 0x7b, 0xa4, 0xba, 0x85, 0x6b, 0x87, 0x8b, 0x79,
    0x63, 0x7b, 0xab, 0x94, 0x62, 0x5e, 0x8b, 0xb3, 0x94, 0x5b, 0x53, 0x6a,
    0x82, 0x8a, 0x8a, 0x97, 0x95, 0x7e, 0x63, 0x45, 0x4a, 0x7e, 0xad, 0xc5,
    0xaf, 0x6e, 0x57, 0x6e, 0x7e, 0x8a, 0x97, 0x9d, 0x8a, 0x63, 0x5a, 0x7b,
    0xa5, 0xab, 0x81, 0x5f, 0x4f, 0x5b, 0x85, 0xa1, 0xab, 0x9d, 0x74, 0x5e,
    0x4e, 0x40, 0x6e, 0xa3, 0xc6, 0xc9, 0x7d, 0x49, 0x5e, 0x69, 0x7d, 0x9d,
    0xaf, 0xb3, 0x71, 0x38, 0x62, 0x9f, 0xb2, 0x96, 0x64, 0x61, 0x67, 0x61,
    0x84, 0xa9, 0xa9, 0x92, 0x6d, 0x4b, 0x44, 0x5c, 0x89, 0xb8, 0xc9, 0xaa,
    0x71, 0x55, 0x63, 0x6a, 0x79, 0x9c, 0xad, 0x9a, 0x6e, 0x60, 0x7d, 0x91,
    0x8c, 0x7d, 0x75, 0x71, 0x62, 0x64, 0x85, 0xa7, 0xa7, 0x85, 0x64, 0x50,
    0x47, 0x5e, 0x8b, 0xb2, 0xcd, 0xb0, 0x67, 0x43, 0x5f, 0x90, 0xa0, 0x95,
    0x8d, 0x86, 0x73, 0x6d, 0x86, 0x9f, 0x9a, 0x79, 0x55, 0x54, 0x65, 0x77,
    0x95, 0xa3, 0x9c, 0x8a, 0x6a, 0x55, 0x44, 0x49, 0x83, 0xb4, 0xc8, 0xb7,
    0x75, 0x59, 0x76, 0x81, 0x8e, 0x97, 0x85, 0x73, 0x6b, 0x7d, 0xa7, 0xab,
    0x84, 0x65, 0x54, 0x5b, 0x66, 0x7c, 0xa1, 0xa4, 0x88, 0x80, 0x7d, 0x75,
    0x4f, 0x28, 0x5f, 0xad, 0xdf, 0xcb, 0x76, 0x55, 0x66, 0x5c, 0x68, 0x9e,
    0xcb, 0xb3, 0x50, 0x41, 0x85, 0xb0, 0x9b, 0x6c, 0x7a, 0x90, 0x56, 0x42,
    0x78, 0xac, 0xbb, 0x91, 0x72, 0x72, 0x4b, 0x2e, 0x66, 0xac, 0xdc, 0xb7,
    0x5b, 0x59, 0x73, 0x6b, 0x72, 0x8f, 0xbd, 0xb6, 0x58, 0x41, 0x7d, 0xa9,
    0xa7, 0x7c, 0x72, 0x89, 0x74, 0x4b, 0x5a, 0x95, 0xba, 0xa5, 0x7d, 0x70,
    0x69, 0x3c, 0x36, 0x78, 0xb2, 0xdc, 0xb4, 0x64, 0x5a, 0x53, 0x57, 0x81,
    0xaa, 0xd2, 0xaf, 0x51, 0x40, 0x72, 0xa0, 0xaa, 0x96, 0x89, 0x75, 0x63,
    0x50, 0x60, 0x93, 0xa5, 0xa6, 0x8c, 0x73, 0x6f, 0x54, 0x2e, 0x4f, 0x94,
    0xcb, 0xde, 0x9d, 0x58, 0x42, 0x4d, 0x74, 0xa4, 0xca, 0xc1, 0x67, 0x2f,
    0x5c, 0x99, 0xba, 0xaa, 0x7e, 0x67, 0x4b, 0x47, 0x74, 0x9c, 0xb2, 0xa2,
    0x82, 0x74, 0x70, 0x4e, 0x2f, 0x5a, 0x98, 0xd2, 0xdd, 0x99, 0x5b, 0x3e,
    0x49, 0x79, 0xa5, 0xce, 0xc2, 0x6c, 0x3d, 0x56, 0x89, 0xa9, 0x9a, 0x91,
    0x85, 0x5e, 0x57, 0x6a, 0x86, 0x9b, 0x8b, 0x80, 0x8d, 0x85, 0x72, 0x46,
    0x2e, 0x68, 0xa5, 0xd1, 0xd1, 0x8e, 0x5b, 0x3e, 0x3c, 0x75, 0xad, 0xd2,
    0xbd, 0x65, 0x3f, 0x5d, 0x77, 0x93, 0xaf, 0xb1, 0x97, 0x53, 0x37, 0x65,
    0x90, 0x9d, 0x96, 0x93, 0x95, 0x81, 0x5e, 0x2e, 0x3b, 0x81, 0xb0, 0xd6,
    0xc0, 0x7f, 0x57, 0x32, 0x40, 0x7d, 0xab, 0xcd, 0xc2, 0x78, 0x44, 0x4d,
    0x70, 0x9b, 0xaf, 0x9c, 0x82, 0x70, 0x60, 0x5f, 0x6d, 0x8b, 0xb1, 0xa8,
    0x87, 0x70, 0x58, 0x30, 0x44, 0x85, 0xbc, 0xe1, 0xaf, 0x6e, 0x4b, 0x3a,
    0x55, 0x83, 0xaa, 0xd1, 0xbf, 0x70, 0x43, 0x51, 0x76, 0x94, 0xa3, 0xa2,
    0x97, 0x73, 0x54, 0x5b, 0x78, 0x95, 0xa4, 0x9c, 0x88, 0x78, 0x51, 0x28,
    0x4c, 0x8f, 0xc0, 0xd8, 0xa9, 0x71, 0x4b, 0x32, 0x4f, 0x85, 0xb0, 0xce,
    0xb8, 0x78, 0x4e, 0x4c, 0x67, 0x92, 0xa9, 0xa6, 0x91, 0x6c, 0x69, 0x69,
    0x69, 0x86, 0x9a, 0x94, 0x92, 0x85, 0x6d, 0x3e, 0x2c, 0x6e, 0xa7, 0xcf,
    0xca, 0x8f, 0x67, 0x45, 0x34, 0x64, 0x97, 0xbb, 0xcb, 0xa1, 0x72, 0x54,
    0x48, 0x65, 0x93, 0xaf, 0xb3, 0x8e, 0x69, 0x66, 0x6a, 0x6e, 0x81, 0x9e,
    0xa4, 0x92, 0x74, 0x5a, 0x34, 0x33, 0x75, 0xa6, 0xce, 0xd1, 0x97, 0x64,
    0x3c, 0x37, 0x6c, 0x9b, 0xb7, 0xc6, 0xaa, 0x75, 0x4a, 0x40, 0x63, 0x91,
    0xa5, 0xab, 0x96, 0x76, 0x5a, 0x5d, 0x6f, 0x88, 0x9b, 0xa0, 0x97, 0x75,
    0x4b, 0x2b, 0x55, 0x96, 0xc2, 0xd8, 0xb7, 0x7c, 0x43, 0x2c, 0x5d, 0x90,
    0xa7, 0xb9, 0xb6, 0x8c, 0x55, 0x48, 0x60, 0x81, 0x97, 0x9c, 0x93, 0x82,
    0x6c, 0x67, 0x6c, 0x7a, 0x94, 0x98, 0x85, 0x6b, 0x4c, 0x51, 0x74, 0x96,
    0xb4, 0xc1, 0xa8, 0x73, 0x4c, 0x4f, 0x74, 0x92, 0xa0, 0xaa, 0xac, 0x87,
    0x61, 0x5a, 0x64, 0x7a, 0x8e, 0x93, 0x91, 0x85, 0x73, 0x67, 0x60, 0x79,
    0x99, 0x9f, 0x89, 0x64, 0x3b, 0x3d, 0x6e, 0x98, 0xbc, 0xcd, 0xaf, 0x72,
    0x41, 0x45, 0x71, 0x8d, 0x9d, 0xb1, 0xb3, 0x90, 0x6f, 0x5c, 0x5b, 0x72,
    0x8b, 0x9b, 0xa3, 0x90, 0x72, 0x5d, 0x5b, 0x85, 0x9d, 0x8d, 0x76, 0x4a,
    0x3c, 0x62, 0x85, 0xad, 0xca, 0xc2, 0x8d, 0x53, 0x46, 0x5c, 0x80, 0x93,
    0xa0, 0xa9, 0x9f, 0x8b, 0x70, 0x5e, 0x61, 0x74, 0x8e, 0x97, 0x91, 0x83,
    0x65, 0x61, 0x81, 0x8f, 0x8e, 0x77, 0x4f, 0x50, 0x59, 0x75, 0xad, 0xbc,
    0xc1, 0xa1, 0x62, 0x57, 0x5c, 0x6d, 0x86, 0x91, 0xa1, 0xa8, 0x96, 0x82,
    0x6a, 0x5d, 0x69, 0x78, 0x87, 0x97, 0x92, 0x70, 0x68, 0x79, 0x89, 0x8e,
    0x7d, 0x5a, 0x4c, 0x5f, 0x72, 0x9d, 0xb2, 0xaf, 0xac, 0x7e, 0x5d, 0x60,
    0x6b, 0x82, 0x8e, 0x95, 0x9f, 0x9f, 0x9a, 0x84, 0x64, 0x5d, 0x6d, 0x81,
    0x90, 0x8b, 0x72, 0x70, 0x78, 0x7f, 0x89, 0x78, 0x5b, 0x52, 0x4e, 0x6d,
    0xa3, 0xb0, 0xbd, 0xaa, 0x74, 0x62, 0x62, 0x74, 0x85, 0x87, 0x93, 0x9c,
    0x9a, 0x90, 0x86, 0x68, 0x5e, 0x78, 0x7c, 0x8e, 0x8a, 0x6a, 0x71, 0x7d,
    0x8c, 0x90, 0x74, 0x5d, 0x54, 0x4a, 0x6f, 0xa9, 0xb0, 0xb6, 0xab, 0x79,
    0x68, 0x76, 0x73, 0x78, 0x87, 0x8f, 0x90, 0x91, 0x8d, 0x7e, 0x76, 0x79,
    0x79, 0x7d, 0x7b, 0x6d, 0x68, 0x70, 0x8a, 0x9a, 0x89, 0x6f, 0x63, 0x48,
    0x4d, 0x85, 0x9d, 0xac, 0xb2, 0x99, 0x80, 0x73, 0x79, 0x76, 0x76, 0x8b,
    0x90, 0x8e, 0x8e, 0x8b, 0x86, 0x76, 0x7d, 0x82, 0x78, 0x79, 0x6c, 0x60,
    0x71, 0x88, 0x90, 0x86, 0x6e, 0x66, 0x5b, 0x52, 0x83, 0x9f, 0x95, 0xad,
    0x9c, 0x7d, 0x8b, 0x80, 0x77, 0x7b, 0x81, 0x8b, 0x8b, 0x8b, 0x8b, 0x81,
    0x7d, 0x85, 0x7e, 0x7f, 0x7c, 0x62, 0x5f, 0x78, 0x83, 0x83, 0x7e, 0x67,
    0x65, 0x52, 0x61, 0x94, 0x93, 0xa4, 0xa3, 0x8a, 0x8f, 0x8a, 0x7b, 0x78,
    0x83, 0x83, 0x8b, 0x94, 0x88, 0x88, 0x80, 0x74, 0x83, 0x83, 0x79, 0x72,
    0x68, 0x6c, 0x7d, 0x83, 0x7d, 0x6f, 0x65, 0x5e, 0x66, 0x84, 0x91, 0x97,
    0x9e, 0x92, 0x8c, 0x91, 0x88, 0x81, 0x82, 0x84, 0x86, 0x8d, 0x8c, 0x8a,
    0x86, 0x7e, 0x7f, 0x7a, 0x70, 0x67, 0x68, 0x71, 0x79, 0x7e, 0x7c, 0x66,
    0x66, 0x5e, 0x65, 0x94, 0x95, 0x90, 0xa0, 0x93, 0x7f, 0x94, 0x8f, 0x7d,
    0x90, 0x86, 0x7b, 0x8f, 0x8a, 0x80, 0x8a, 0x87, 0x7c, 0x84, 0x74, 0x61,
    0x68, 0x6f, 0x78, 0x83, 0x71, 0x67, 0x67, 0x52, 0x7b, 0x91, 0x86, 0xa0,
    0x93, 0x7e, 0x8d, 0x92, 0x85, 0x8f, 0x8f, 0x80, 0x8f, 0x8d, 0x86, 0x8a,
    0x83, 0x82, 0x84, 0x81, 0x6d, 0x6b, 0x6c, 0x6d, 0x7c, 0x7e, 0x6f, 0x6d,
    0x64, 0x5f, 0x7e, 0x81, 0x8d, 0x9d, 0x88, 0x87, 0x8c, 0x89, 0x89, 0x88,
    0x8b, 0x88, 0x89, 0x8e, 0x87, 0x82, 0x85, 0x7f, 0x81, 0x82, 0x73, 0x6e,
    0x73, 0x73, 0x78, 0x79, 0x68, 0x6c, 0x6b, 0x5d, 0x82, 0x86, 0x7f, 0xa3,
    0x8c, 0x7d, 0x94, 0x87, 0x83, 0x8d, 0x88, 0x85, 0x8a, 0x8e, 0x89, 0x85,
    0x84, 0x7e, 0x83, 0x81, 0x77, 0x70, 0x71, 0x71, 0x78, 0x7b, 0x6e, 0x6c,
    0x6c, 0x5b, 0x79, 0x8c, 0x79, 0x99, 0x92, 0x7b, 0x94, 0x98, 0x86, 0x8e,
    0x90, 0x82, 0x89, 0x8d, 0x85, 0x87, 0x86, 0x7d, 0x81, 0x7d, 0x6f, 0x6c,
    0x6f, 0x6e, 0x76, 0x7c, 0x6e, 0x6e, 0x72, 0x59, 0x7a, 0x8b, 0x7b, 0x9c,
    0x91, 0x81, 0x93, 0x93, 0x89, 0x8d, 0x8f, 0x85, 0x89, 0x90, 0x84, 0x89,
    0x88, 0x81, 0x87, 0x80, 0x73, 0x6b, 0x69, 0x6c, 0x75, 0x78, 0x6d, 0x6d,
    0x6a, 0x5d, 0x79, 0x7f, 0x7f, 0x96, 0x8a, 0x87, 0x8f, 0x8c, 0x89, 0x8d,
    0x90, 0x87, 0x8b, 0x8f, 0x89, 0x8c, 0x88, 0x82, 0x87, 0x86, 0x7b, 0x73,
    0x6e, 0x6a, 0x70, 0x74, 0x6d, 0x69, 0x6b, 0x64, 0x73, 0x83, 0x82, 0x8e,
    0x91, 0x86, 0x8b, 0x99, 0x8e, 0x89, 0x90, 0x85, 0x83, 0x90, 0x86, 0x85,
    0x88, 0x7b, 0x80, 0x82, 0x74, 0x72, 0x73, 0x6c, 0x75, 0x75, 0x66, 0x70,
    0x6b, 0x67, 0x8c, 0x7c, 0x83, 0x97, 0x80, 0x87, 0x91, 0x8e, 0x8a, 0x8f,
    0x8c, 0x88, 0x90, 0x8c, 0x84, 0x85, 0x82, 0x80, 0x82, 0x81, 0x77, 0x74,
    0x72, 0x70, 0x74, 0x6d, 0x6a, 0x6a, 0x62, 0x72, 0x7e, 0x7e, 0x8c, 0x88,
    0x84, 0x89, 0x91, 0x90, 0x90, 0x93, 0x8f, 0x8d, 0x8d, 0x8c, 0x85, 0x84,
    0x82, 0x80, 0x81, 0x7c, 0x72, 0x72, 0x72, 0x72, 0x72, 0x69, 0x6b, 0x65,
    0x69, 0x7a, 0x7b, 0x88, 0x88, 0x83, 0x87, 0x89, 0x8d, 0x8b, 0x8b, 0x8f,
    0x8b, 0x8d, 0x8d, 0x8b, 0x86, 0x83, 0x83, 0x83, 0x86, 0x7d, 0x75, 0x72,
    0x71, 0x73, 0x6f, 0x6b, 0x70, 0x6d, 0x71, 0x7b, 0x7f, 0x81, 0x86, 0x88,
    0x89, 0x90, 0x90, 0x89, 0x8a, 0x8b, 0x8c, 0x8c, 0x89, 0x87, 0x83, 0x81,
    0x83, 0x7e, 0x78, 0x74, 0x6e, 0x70, 0x76, 0x76, 0x72, 0x75, 0x76, 0x74,
    0x79, 0x78, 0x79, 0x7b, 0x7e, 0x83, 0x8b, 0x8f, 0x8f, 0x93, 0x93, 0x91,
    0x90, 0x8f, 0x89, 0x84, 0x82, 0x80, 0x7d, 0x7d, 0x7c, 0x79, 0x7a, 0x79,
    0x7b, 0x76, 0x73, 0x73, 0x6f, 0x6d, 0x6f, 0x70, 0x72, 0x75, 0x77, 0x7f,
    0x86, 0x8f, 0x92, 0x93, 0x93, 0x94, 0x90, 0x8c, 0x8c, 0x88, 0x82, 0x81,
    0x82, 0x7e, 0x7f, 0x7e, 0x7c, 0x7c, 0x79, 0x78, 0x73, 0x70, 0x70, 0x6c,
    0x70, 0x70, 0x71, 0x76, 0x75, 0x7e, 0x84, 0x8c, 0x92, 0x93, 0x92, 0x90,
    0x8f, 0x8d, 0x8b, 0x88, 0x83, 0x83, 0x80, 0x82, 0x80, 0x7e, 0x80, 0x7c,
    0x7b, 0x7b, 0x75, 0x70, 0x71, 0x6e, 0x6d, 0x70, 0x72, 0x74, 0x77, 0x7b,
    0x84, 0x89, 0x8d, 0x90, 0x91, 0x91, 0x91, 0x8f, 0x8a, 0x88, 0x87, 0x84,
    0x85, 0x84, 0x80, 0x7f, 0x7d, 0x7e, 0x79, 0x77, 0x77, 0x70, 0x6f, 0x70,
    0x6c, 0x6f, 0x72, 0x73, 0x76, 0x78, 0x80, 0x85, 0x8b, 0x90, 0x90, 0x92,
    0x91, 0x8e, 0x8c, 0x8b, 0x87, 0x85, 0x82, 0x81, 0x81, 0x7f, 0x80, 0x7f,
    0x80, 0x7c, 0x7a, 0x77, 0x74, 0x72, 0x70, 0x6e, 0x6f, 0x71, 0x71, 0x74,
    0x79, 0x80, 0x85, 0x8a, 0x8e, 0x90, 0x92, 0x91, 0x8d, 0x8d, 0x8b, 0x8a,
    0x88, 0x81, 0x83, 0x81, 0x7d, 0x7d, 0x7f, 0x7d, 0x7d, 0x7a, 0x74, 0x74,
    0x70, 0x6e, 0x70, 0x72, 0x71, 0x71, 0x75, 0x77, 0x7f, 0x85, 0x88, 0x8c,
    0x8e, 0x90, 0x90, 0x90, 0x8d, 0x8b, 0x87, 0x85, 0x84, 0x83, 0x82, 0x82,
    0x82, 0x7f, 0x7e, 0x7c, 0x7a, 0x79, 0x78, 0x74, 0x74, 0x73, 0x71, 0x71,
    0x72, 0x74, 0x74, 0x78, 0x7d, 0x85, 0x8a, 0x8c, 0x8d, 0x8d, 0x8d, 0x8c,
    0x8b, 0x89, 0x85, 0x85, 0x85, 0x82, 0x80, 0x7e, 0x7f, 0x7d, 0x7d, 0x7d,
    0x7b, 0x7c, 0x7b, 0x7a, 0x77, 0x73, 0x75, 0x76, 0x73, 0x76, 0x75, 0x75,
    0x79, 0x7c, 0x86, 0x8f, 0x91, 0x92, 0x92, 0x92, 0x8f, 0x8c, 0x8a, 0x86,
    0x82, 0x7f, 0x7f, 0x7e, 0x7d, 0x7a, 0x79, 0x7a, 0x78, 0x76, 0x75, 0x74,
    0x74, 0x75, 0x76, 0x77, 0x76, 0x78, 0x79, 0x7c, 0x7f, 0x7d, 0x7f, 0x84,
    0x85, 0x8b, 0x90, 0x90, 0x90, 0x8c, 0x8c, 0x8d, 0x8a, 0x86, 0x84, 0x82,
    0x80, 0x7d, 0x7b, 0x7b, 0x77, 0x76, 0x76, 0x76, 0x76, 0x76, 0x75, 0x75,
    0x77, 0x76, 0x79, 0x79, 0x7a, 0x7c, 0x7d, 0x80, 0x83, 0x86, 0x88, 0x8b,
    0x8d, 0x8d, 0x8d, 0x8b, 0x88, 0x86, 0x83, 0x82, 0x82, 0x80, 0x7e, 0x81,
    0x82, 0x81, 0x7d, 0x7a, 0x79, 0x75, 0x74, 0x70, 0x71, 0x70, 0x72, 0x76,
    0x79, 0x82, 0x88, 0x88, 0x8a, 0x8f, 0x8e, 0x8c, 0x88, 0x86, 0x84, 0x85,
    0x82, 0x84, 0x84, 0x80, 0x7e, 0x80, 0x81, 0x7d, 0x79, 0x77, 0x79, 0x7a,
    0x78, 0x78, 0x78, 0x7a, 0x7a, 0x78, 0x7c, 0x7c, 0x7d, 0x7d, 0x80, 0x83,
    0x83, 0x85, 0x84, 0x86, 0x86, 0x84, 0x85, 0x86, 0x85, 0x82, 0x82, 0x84,
    0x84, 0x82, 0x7f, 0x80, 0x81, 0x80, 0x7e, 0x78, 0x77, 0x79, 0x77, 0x75,
    0x76, 0x78, 0x79, 0x7b, 0x7b, 0x7f, 0x85, 0x85, 0x84, 0x86, 0x86, 0x89,
    0x86, 0x84, 0x84, 0x84, 0x85, 0x7f, 0x7f, 0x83, 0x80, 0x7d, 0x7f, 0x80,
    0x81, 0x7d, 0x7a, 0x7c, 0x7b, 0x7b, 0x78, 0x78, 0x7c, 0x7d, 0x7c, 0x7e,
    0x81, 0x7f, 0x7f, 0x7f, 0x82, 0x85, 0x82, 0x81, 0x82, 0x85, 0x85, 0x83,
    0x83, 0x84, 0x82, 0x80, 0x81, 0x80, 0x7f, 0x7e, 0x7e, 0x7c, 0x7e, 0x7c,
    0x7b, 0x7d, 0x7e, 0x7e, 0x7c, 0x7d, 0x7e, 0x7e, 0x7d, 0x7e, 0x7e, 0x7e,
    0x7f, 0x7e, 0x81, 0x83, 0x84, 0x82, 0x83, 0x85, 0x82, 0x83, 0x83, 0x84,
    0x83, 0x80, 0x80, 0x81, 0x80, 0x7c, 0x7d, 0x7f, 0x7d, 0x7d, 0x7d, 0x7a,
    0x7c, 0x7c, 0x7c, 0x7e, 0x7e, 0x80, 0x81, 0x81, 0x80, 0x7f, 0x81, 0x81,
    0x7e, 0x82, 0x83, 0x83, 0x84, 0x83, 0x88, 0x88, 0x7b, 0x7d, 0x81, 0x81,
    0x7b, 0x74, 0x7e, 0x80, 0x7f, 0x79, 0x7c, 0x8b, 0x81, 0x78, 0x78, 0x82,
    0x84, 0x75, 0x7a, 0x82, 0x8a, 0x7f, 0x7b, 0x88, 0x84, 0x7d, 0x71, 0x81,
    0x84, 0x77, 0x7b, 0x83, 0x8e, 0x81, 0x7e, 0x84, 0x83, 0x7e, 0x73, 0x7f,
    0x82, 0x7e, 0x7e, 0x84, 0x8d, 0x82, 0x7f, 0x81, 0x83, 0x7e, 0x79, 0x84,
    0x85, 0x81, 0x7d, 0x81, 0x82, 0x79, 0x77, 0x79, 0x7c, 0x7a, 0x79, 0x80,
    0x80, 0x7f, 0x7e, 0x7f, 0x7f, 0x7c, 0x7d, 0x82, 0x85, 0x81, 0x84, 0x86,
    0x83, 0x81, 0x81, 0x83, 0x83, 0x81, 0x82, 0x84, 0x81, 0x7f, 0x7f, 0x7e,
    0x7c, 0x7a, 0x7d, 0x7f, 0x7d, 0x7e, 0x7e, 0x7e, 0x7e, 0x7b, 0x7d, 0x7f,
    0x7f, 0x7f, 0x81, 0x83, 0x81, 0x82, 0x84, 0x81, 0x7f, 0x80, 0x80, 0x81,
    0x81, 0x80, 0x80, 0x7e, 0x7e, 0x7e, 0x7d, 0x7e, 0x7e, 0x7e, 0x80, 0x7f,
    0x7e, 0x7f, 0x7f, 0x7f, 0x80, 0x81, 0x81, 0x82, 0x82, 0x80, 0x80, 0x7f,
    0x7d, 0x7f, 0x80, 0x81, 0x81, 0x81, 0x80, 0x7f, 0x7f, 0x7f, 0x7f, 0x7f,
    0x82, 0x81, 0x82, 0x80, 0x80, 0x7d, 0x7b, 0x7d, 0x7e, 0x7f, 0x7f, 0x7f,
    0x7d, 0x7f, 0x7d, 0x7f, 0x7f, 0x80, 0x81, 0x81, 0x81, 0x81, 0x81, 0x81,
    0x7e, 0x7c, 0x80, 0x80, 0x80, 0x81, 0x80, 0x7f, 0x7e, 0x7e, 0x80, 0x81,
    0x81, 0x81, 0x81, 0x7f, 0x7f, 0x80, 0x7e, 0x7f, 0x7e, 0x81, 0x82, 0x81,
    0x80, 0x80, 0x80, 0x7e, 0x7f, 0x7f, 0x7e, 0x7f, 0x7f, 0x80, 0x80, 0x7e,
    0x7e, 0x7f, 0x81, 0x7f, 0x7e, 0x7f, 0x7e, 0x80, 0x7f, 0x80, 0x81, 0x82,
    0x80, 0x7f, 0x7e, 0x7e, 0x80, 0x7f, 0x80, 0x7f, 0x81, 0x81, 0x82, 0x81,
    0x7f, 0x80, 0x81, 0x83, 0x82, 0x82, 0x7c, 0x7c, 0x7e, 0x7e, 0x7e, 0x7f,
    0x83, 0x83, 0x81, 0x80, 0x80, 0x7f, 0x7f, 0x7e, 0x7f, 0x80, 0x80, 0x7e,
    0x7c, 0x7e, 0x7e, 0x7d, 0x7f, 0x80, 0x7d, 0x7e, 0x7e, 0x7f, 0x80, 0x80,
    0x81, 0x83, 0x82, 0x81, 0x80, 0x7f, 0x81, 0x81, 0x82, 0x7f, 0x81, 0x80,
    0x7f, 0x7f, 0x80, 0x81, 0x80, 0x80, 0x82, 0x81, 0x80, 0x7f, 0x80, 0x81,
    0x7f, 0x7c, 0x7d, 0x7c, 0x7d, 0x7e, 0x7e, 0x80, 0x7e, 0x7e, 0x7d, 0x80,
    0x81, 0x80, 0x7e, 0x81, 0x84, 0x85, 0x82, 0x7d, 0x7c, 0x7d, 0x80, 0x7f,
    0x7e, 0x80, 0x82, 0x82, 0x81, 0x7d, 0x7e, 0x80, 0x81, 0x82, 0x81, 0x81,
    0x80, 0x7f, 0x7f, 0x7f, 0x7e, 0x7e, 0x81, 0x82, 0x7f, 0x7c, 0x7d, 0x80,
    0x7f, 0x80, 0x80, 0x80, 0x80, 0x81, 0x83, 0x7f, 0x7d, 0x7e, 0x7e, 0x7f,
    0x7e, 0x7c, 0x7c, 0x7e, 0x80, 0x80, 0x82, 0x82, 0x82, 0x82, 0x80, 0x82,
    0x82, 0x81, 0x82, 0x81, 0x81, 0x7f, 0x80, 0x7f, 0x7e, 0x7e, 0x7d, 0x7f,
    0x7f, 0x7d, 0x7c, 0x7d, 0x7f, 0x7f, 0x7e, 0x7e, 0x7f, 0x80, 0x80, 0x80,
    0x81, 0x81, 0x81, 0x81, 0x7f, 0x80, 0x81, 0x81, 0x82, 0x81, 0x7f, 0x7e,
    0x80, 0x7f, 0x7f, 0x7f, 0x80, 0x80, 0x80, 0x80, 0x7f, 0x81, 0x81, 0x81,
    0x80, 0x7d, 0x7d, 0x7d, 0x7e, 0x7e, 0x7e, 0x7d, 0x7d, 0x7e, 0x7e, 0x7e,
    0x7f, 0x7f, 0x7e, 0x80, 0x80, 0x81, 0x81, 0x82, 0x83, 0x81, 0x80, 0x7f,
    0x81, 0x81, 0x82, 0x82, 0x83, 0x84, 0x7f, 0x7e, 0x7e, 0x7f, 0x80, 0x80,
    0x80, 0x80, 0x81, 0x80, 0x80, 0x7e, 0x7d, 0x7f, 0x80, 0x80, 0x7e, 0x7b,
    0x7d, 0x7f, 0x83, 0x81, 0x7d, 0x7d, 0x7a, 0x7d, 0x80, 0x83, 0x85, 0x80,
    0x7f, 0x7f, 0x7f, 0x7e, 0x80, 0x83, 0x85, 0x85, 0x80, 0x7f, 0x7e, 0x7d,
    0x7d, 0x7f, 0x80, 0x80, 0x80, 0x7f, 0x7d, 0x7c, 0x7e, 0x7f, 0x7f, 0x7f,
    0x7e, 0x81, 0x81, 0x82, 0x8a, 0x8b, 0x76, 0x4b, 0x5e, 0xa0, 0xcd, 0xb3,
    0x5b, 0x3a, 0x61, 0x90, 0x94, 0x8c, 0xa4, 0xaa, 0x7e, 0x32, 0x17, 0x68,
    0xca, 0xf8, 0xb4, 0x4e, 0x27, 0x50, 0x7b, 0x73, 0x8b, 0xbd, 0xe5, 0xb0,
    0x47, 0x19, 0x46, 0x8b, 0xa1, 0x9c, 0xb2, 0xb7, 0x83, 0x35, 0x15, 0x54,
    0xaa, 0xd3, 0xac, 0x7b, 0x64, 0x60, 0x62, 0x63, 0x80, 0xab, 0xb0, 0x8e,
    0x6c, 0x6d, 0x91, 0x94, 0x57, 0x24, 0x59, 0xba, 0xfd, 0xca, 0x55, 0x1a,
    0x47, 0x96, 0x94, 0x8d, 0xa8, 0xcd, 0xaf, 0x4e, 0x1d, 0x46, 0x97, 0xa9,
    0x8d, 0x93, 0x98, 0x7d, 0x40, 0x33, 0x7a, 0xbe, 0xc2, 0x7b, 0x4a, 0x51,
    0x74, 0x8e, 0x99, 0xa0, 0xa1, 0x96, 0x6c, 0x38, 0x2a, 0x66, 0xb7, 0xf2,
    0xd7, 0x7b, 0x38, 0x39, 0x5e, 0x7c, 0x94, 0xb4, 0xdc, 0xbb, 0x69, 0x24,
    0x27, 0x74, 0xa9, 0xb1, 0xa0, 0x91, 0x75, 0x46, 0x3e, 0x6e, 0xb4, 0xc1,
    0x85, 0x4c, 0x46, 0x73, 0x9f, 0xaa, 0xa4, 0x90, 0x6a, 0x37, 0x2c, 0x66,
    0xaf, 0xed, 0xdf, 0x85, 0x3d, 0x30, 0x52, 0x78, 0x9a, 0xbc, 0xd5, 0xaf,
    0x5f, 0x2f, 0x41, 0x73, 0x91, 0xa0, 0xa4, 0x9a, 0x78, 0x51, 0x51, 0x7f,
    0xa9, 0x9a, 0x71, 0x61, 0x70, 0x91, 0x99, 0x96, 0x8e, 0x6c, 0x3f, 0x32,
    0x66, 0xb3, 0xea, 0xce, 0x73, 0x3c, 0x4a, 0x6d, 0x85, 0x97, 0xb3, 0xc0,
    0x98, 0x64, 0x4a, 0x5f, 0x73, 0x79, 0x88, 0x9a, 0x9c, 0x76, 0x59, 0x63,
    0x84, 0x9b, 0x89, 0x75, 0x70, 0x78, 0x8a, 0x98, 0xa3, 0x8f, 0x5d, 0x2f,
    0x3a, 0x80, 0xc2, 0xe0, 0xbb, 0x6c, 0x48, 0x4d, 0x64, 0x80, 0x95, 0xb3,
    0xb7, 0x97, 0x6c, 0x57, 0x5b, 0x5c, 0x6d, 0x8b, 0xa7, 0xa6, 0x7e, 0x5d,
    0x5f, 0x80, 0x91, 0x89, 0x78, 0x77, 0x86, 0x8d, 0x95, 0x95, 0x7a, 0x4c,
    0x2b, 0x56, 0xa0, 0xdb, 0xe2, 0x9b, 0x5a, 0x42, 0x51, 0x73, 0x93, 0xb2,
    0xc2, 0xac, 0x78, 0x50, 0x48, 0x56, 0x70, 0x90, 0xa6, 0xa3, 0x7c, 0x52,
    0x4a, 0x6e, 0x97, 0x9a, 0x85, 0x73, 0x6e, 0x77, 0x91, 0xa2, 0x8e, 0x61,
    0x3b, 0x4a, 0x8b, 0xc3, 0xda, 0xb6, 0x76, 0x59, 0x5e, 0x6b, 0x7b, 0x96,
    0xb2, 0xb8, 0x95, 0x6d, 0x5a, 0x57, 0x5b, 0x66, 0x88, 0xa2, 0x9d, 0x7a,
    0x5c, 0x5d, 0x6e, 0x80, 0x89, 0x89, 0x86, 0x7b, 0x76, 0x86, 0x97, 0x87,
    0x5a, 0x44, 0x61, 0x97, 0xbb, 0xc2, 0xaf, 0x87, 0x62, 0x57, 0x67, 0x86,
    0x9e, 0xa7, 0x9f, 0x8f, 0x7e, 0x62, 0x4c, 0x52, 0x73, 0x90, 0x9b, 0x93,
    0x7e, 0x6a, 0x5b, 0x62, 0x7b, 0x90, 0x95, 0x87, 0x74, 0x76, 0x94, 0x9d,
    0x81, 0x51, 0x3f, 0x71, 0xa9, 0xcc, 0xc4, 0x9e, 0x7c, 0x5c, 0x53, 0x6a,
    0x8b, 0xa2, 0xa2, 0x96, 0x8e, 0x7d, 0x61, 0x3f, 0x45, 0x6f, 0x99, 0xab,
    0x92, 0x73, 0x60, 0x60, 0x71, 0x84, 0x92, 0x8f, 0x7d, 0x73, 0x8a, 0x99,
    0x85, 0x5c, 0x43, 0x65, 0x95, 0xb3, 0xbe, 0xb3, 0x92, 0x69, 0x59, 0x6c,
    0x89, 0x97, 0x9b, 0x98, 0x96, 0x89, 0x6c, 0x52, 0x4c, 0x5d, 0x7d, 0x96,
    0x9b, 0x8c, 0x6e, 0x58, 0x5b, 0x71, 0x86, 0x8f, 0x85, 0x7a, 0x84, 0x91,
    0x89, 0x6e, 0x51, 0x5d, 0x83, 0xa3, 0xb9, 0xbd, 0xaf, 0x88, 0x64, 0x62,
    0x76, 0x8d, 0x91, 0x8f, 0x97, 0x97, 0x88, 0x6d, 0x52, 0x4d, 0x55, 0x6f,
    0x8f, 0x99, 0x8b, 0x76, 0x6b, 0x6c, 0x6f, 0x79, 0x86, 0x8a, 0x7e, 0x7d,
    0x98, 0x9e, 0x85, 0x5b, 0x4a, 0x6a, 0x92, 0xa7, 0xb3, 0xb3, 0x9f, 0x78,
    0x63, 0x6a, 0x78, 0x85, 0x8a, 0x99, 0xa1, 0x94, 0x7b, 0x5d, 0x49, 0x4c,
    0x64, 0x85, 0x9c, 0x97, 0x83, 0x70, 0x65, 0x63, 0x70, 0x87, 0x95, 0x87,
    0x76, 0x87, 0x95, 0x8e, 0x6f, 0x54, 0x68, 0x85, 0x99, 0xa8, 0xb1, 0xb0,
    0x90, 0x72, 0x6d, 0x72, 0x7e, 0x83, 0x8a, 0x94, 0x95, 0x89, 0x72, 0x5c,
    0x4b, 0x52, 0x6c, 0x85, 0x90, 0x8f, 0x86, 0x7b, 0x6d, 0x65, 0x72, 0x85,
    0x8c, 0x7f, 0x81, 0x94, 0x99, 0x86, 0x65, 0x56, 0x69, 0x88, 0x9a, 0xa6,
    0xad, 0xa6, 0x8e, 0x7a, 0x72, 0x78, 0x7e, 0x80, 0x88, 0x8c, 0x8e, 0x8b,
    0x7a, 0x69, 0x55, 0x54, 0x69, 0x76, 0x81, 0x85, 0x86, 0x83, 0x7b, 0x78,
    0x79, 0x7f, 0x83, 0x7e, 0x85, 0x92, 0x95, 0x8a, 0x75, 0x67, 0x6b, 0x84,
    0x94, 0x9d, 0x9f, 0x95, 0x8c, 0x82, 0x80, 0x7e, 0x7c, 0x7a, 0x77, 0x7d,
    0x81, 0x7f, 0x7a, 0x72, 0x6b, 0x67, 0x6a, 0x71, 0x79, 0x7c, 0x7d, 0x80,
    0x85, 0x81, 0x77, 0x7a, 0x85, 0x8a, 0x8a, 0x8b, 0x88, 0x8a, 0x8d, 0x8a,
    0x8a, 0x8c, 0x87, 0x7d, 0x78, 0x78, 0x7c, 0x7e, 0x7d, 0x7e, 0x80, 0x83,
    0x84, 0x80, 0x7d, 0x7c, 0x7c, 0x7c, 0x7e, 0x7b, 0x77, 0x73, 0x73, 0x76,
    0x7a, 0x80, 0x82, 0x83, 0x82, 0x83, 0x81, 0x80, 0x80, 0x82, 0x84, 0x86,
    0x86, 0x86, 0x80, 0x7c, 0x7a, 0x7c, 0x81, 0x7f, 0x7e, 0x84, 0x87, 0x87,
    0x87, 0x88, 0x89, 0x87, 0x84, 0x83, 0x84, 0x82, 0x7e, 0x78, 0x71, 0x70,
    0x71, 0x77, 0x79, 0x75, 0x78, 0x7a, 0x7a, 0x7a, 0x7a, 0x7c, 0x7e, 0x81,
    0x81, 0x83, 0x86, 0x88, 0x87, 0x84, 0x82, 0x82, 0x83, 0x84, 0x85, 0x86,
    0x87, 0x87, 0x86, 0x88, 0x87, 0x89, 0x89, 0x86, 0x84, 0x81, 0x7f, 0x7a,
    0x77, 0x74, 0x72, 0x75, 0x75, 0x73, 0x73, 0x75, 0x76, 0x78, 0x78, 0x79,
    0x7d, 0x7f, 0x81, 0x84, 0x83, 0x83, 0x83, 0x81, 0x82, 0x7e, 0x7f, 0x81,
    0x86, 0x89, 0x8a, 0x89, 0x87, 0x8a, 0x89, 0x8b, 0x8c, 0x8b, 0x8a, 0x87,
    0x84, 0x7e, 0x7a, 0x75, 0x74, 0x73, 0x73, 0x74, 0x73, 0x71, 0x70, 0x72,
    0x77, 0x7a, 0x7d, 0x7d, 0x7e, 0x82, 0x83, 0x83, 0x83, 0x84, 0x84, 0x84,
    0x82, 0x82, 0x85, 0x86, 0x83, 0x83, 0x86, 0x85, 0x88, 0x8b, 0x8d, 0x8b,
    0x87, 0x85, 0x87, 0x84, 0x81, 0x7a, 0x75, 0x75, 0x73, 0x73, 0x70, 0x71,
    0x74, 0x76, 0x76, 0x76, 0x7a, 0x7d, 0x7e, 0x80, 0x82, 0x82, 0x81, 0x7f,
    0x83, 0x83, 0x82, 0x82, 0x84, 0x85, 0x86, 0x86, 0x86, 0x89, 0x89, 0x8b,
    0x8a, 0x8b, 0x8a, 0x88, 0x84, 0x80, 0x7d, 0x7d, 0x7e, 0x79, 0x73, 0x71,
    0x6f, 0x70, 0x6e, 0x6e, 0x72, 0x73, 0x7a, 0x7e, 0x81, 0x81, 0x81, 0x81,
    0x83, 0x84, 0x87, 0x88, 0x87, 0x86, 0x84, 0x82, 0x81, 0x82, 0x83, 0x87,
    0x8a, 0x8c, 0x89, 0x89, 0x89, 0x89, 0x87, 0x84, 0x82, 0x81, 0x7e, 0x7a,
    0x76, 0x73, 0x71, 0x71, 0x72, 0x6e, 0x72, 0x74, 0x77, 0x7c, 0x7d, 0x7d,
    0x7d, 0x80, 0x81, 0x81, 0x81, 0x82, 0x84, 0x84, 0x85, 0x82, 0x81, 0x82,
    0x85, 0x86, 0x89, 0x8b, 0x8c, 0x8c, 0x8a, 0x8c, 0x8b, 0x88, 0x85, 0x84,
    0x82, 0x7e, 0x78, 0x75, 0x71, 0x70, 0x6e, 0x6f, 0x72, 0x71, 0x74, 0x78,
    0x7b, 0x7b, 0x7d, 0x80, 0x80, 0x80, 0x83, 0x85, 0x87, 0x87, 0x85, 0x86,
    0x84, 0x83, 0x84, 0x83, 0x83, 0x88, 0x8a, 0x86, 0x88, 0x87, 0x86, 0x85,
    0x84, 0x82, 0x7f, 0x80, 0x7b, 0x79, 0x76, 0x73, 0x73, 0x71, 0x6f, 0x71,
    0x75, 0x76, 0x79, 0x7d, 0x7f, 0x81, 0x82, 0x83, 0x84, 0x82, 0x83, 0x85,
    0x85, 0x82, 0x81, 0x81, 0x84, 0x86, 0x86, 0x88, 0x88, 0x85, 0x85, 0x86,
    0x87, 0x89, 0x87, 0x85, 0x82, 0x81, 0x7f, 0x7c, 0x78, 0x76, 0x74, 0x73,
    0x72, 0x72, 0x76, 0x74, 0x76, 0x77, 0x79, 0x7c, 0x7e, 0x81, 0x82, 0x81,
    0x82, 0x82, 0x82, 0x83, 0x85, 0x86, 0x86, 0x85, 0x86, 0x87, 0x88, 0x8a,
    0x85, 0x86, 0x88, 0x85, 0x88, 0x84, 0x81, 0x82, 0x7e, 0x7b, 0x7c, 0x7c,
    0x7a, 0x77, 0x74, 0x76, 0x74, 0x75, 0x76, 0x75, 0x77, 0x79, 0x7d, 0x7d,
    0x7f, 0x82, 0x83, 0x81, 0x81, 0x83, 0x84, 0x87, 0x86, 0x84, 0x83, 0x83,
    0x84, 0x86, 0x86, 0x87, 0x87, 0x86, 0x85, 0x86, 0x83, 0x83, 0x81, 0x7b,
    0x7c, 0x7b, 0x7b, 0x7a, 0x79, 0x78, 0x76, 0x77, 0x77, 0x77, 0x79, 0x7c,
    0x79, 0x7b, 0x7b, 0x7b, 0x7f, 0x80, 0x82, 0x87, 0x84, 0x83, 0x86, 0x85,
    0x85, 0x87, 0x86, 0x87, 0x88, 0x86, 0x89, 0x84, 0x81, 0x82, 0x7f, 0x7e,
    0x7d, 0x7d, 0x7d, 0x7d, 0x7c, 0x7b, 0x79, 0x7b, 0x79, 0x78, 0x78, 0x78,
    0x79, 0x7d, 0x7b, 0x7d, 0x80, 0x7e, 0x81, 0x82, 0x81, 0x82, 0x85, 0x81,
    0x82, 0x85, 0x81, 0x84, 0x83, 0x7f, 0x83, 0x81, 0x82, 0x82, 0x85, 0x82,
    0x80, 0x83, 0x80, 0x7c, 0x7c, 0x7d, 0x78, 0x87, 0x7b, 0x77, 0x84, 0x77,
    0x7c, 0x83, 0x7a, 0x7a, 0x84, 0x7c, 0x7a, 0x83, 0x7f, 0x7c, 0x84, 0x80,
    0x7d, 0x87, 0x81, 0x79, 0x8c, 0x7f, 0x79, 0x90, 0x7a, 0x7b, 0x8d, 0x77,
    0x7f, 0x8f, 0x6c, 0x80, 0x92, 0x70, 0x85, 0x8e, 0x6d, 0x88, 0x85, 0x72,
    0x8a, 0x78, 0x7b, 0x73, 0x80, 0x85, 0x72, 0x93, 0x7e, 0x74, 0x8c, 0x6f,
    0x7e, 0x8e, 0x70, 0x7c, 0x87, 0x7d, 0x83, 0x86, 0x7c, 0x80, 0x8b, 0x7e,
    0x7c, 0x86, 0x80, 0x7b, 0x88, 0x7c, 0x7f, 0x89, 0x76, 0x83, 0x83, 0x7b,
    0x7e, 0x81, 0x7a, 0x86, 0x7b, 0x77, 0x83, 0x7c, 0x7a, 0x7e, 0x82, 0x78,
    0x88, 0x79, 0x7a, 0x8f, 0x79, 0x7c, 0x93, 0x6e, 0x86, 0x93, 0x68, 0x8e,
    0x90, 0x60, 0x8f, 0x88, 0x64, 0x97, 0x7d, 0x6a, 0x99, 0x7e, 0x67, 0x98,
    0x71, 0x7d, 0x93, 0x67, 0x8a, 0x88, 0x71, 0x8b, 0x7e, 0x74, 0x8a, 0x7e,
    0x74, 0x8d, 0x7d, 0x75, 0x94, 0x73, 0x7a, 0x93, 0x76, 0x77, 0x8c, 0x72,
    0x7b, 0x8f, 0x70, 0x7e, 0x88, 0x78, 0x7f, 0x85, 0x7a, 0x82, 0x89, 0x75,
    0x88, 0x85, 0x70, 0x8f, 0x7e, 0x78, 0x91, 0x72, 0x7a, 0x97, 0x70, 0x7a,
    0x8e, 0x71, 0x83, 0x8e, 0x68, 0x81, 0x92, 0x6c, 0x86, 0x85, 0x71, 0x8c,
    0x81, 0x74, 0x80, 0x86, 0x7a, 0x7d, 0x86, 0x73, 0x84, 0x84, 0x74, 0x88,
    0x82, 0x80, 0x86, 0x7a, 0x88, 0x7c, 0x82, 0x87, 0x77, 0x85, 0x87, 0x77,
    0x85, 0x83, 0x73, 0x8c, 0x79, 0x7e, 0x86, 0x77, 0x82, 0x86, 0x73, 0x84,
    0x82, 0x79, 0x8b, 0x7b, 0x7b, 0x83, 0x81, 0x75, 0x86, 0x80, 0x78, 0x83,
    0x81, 0x76, 0x87, 0x83, 0x6b, 0x94, 0x7a, 0x6c, 0x9a, 0x76, 0x71, 0x98,
    0x72, 0x77, 0x97, 0x6e, 0x78, 0xa0, 0x68, 0x7a, 0x99, 0x64, 0x87, 0x8a,
    0x6d, 0x86, 0x91, 0x70, 0x7e, 0x92, 0x76, 0x81, 0x8a, 0x73, 0x8c, 0x90,
    0x61, 0x8b, 0x8e, 0x6e, 0x87, 0x7a, 0x6c, 0x9c, 0x7d, 0x5e, 0x99, 0x7d,
    0x6e, 0x94, 0x72, 0x75, 0xa2, 0x6b, 0x77, 0x9a, 0x67, 0x86, 0x87, 0x6b,
    0x90, 0x7f, 0x78, 0x84, 0x7c, 0x82, 0x7c, 0x86, 0x79, 0x83, 0x84, 0x72,
    0x90, 0x77, 0x7b, 0x8e, 0x74, 0x81, 0x8d, 0x6d, 0x83, 0x8b, 0x6e, 0x88,
    0x86, 0x78, 0x81, 0x86, 0x7e, 0x80, 0x82, 0x7b, 0x78, 0x8d, 0x7e, 0x6f,
    0x90, 0x7a, 0x79, 0x89, 0x76, 0x7d, 0x84, 0x7e, 0x7e, 0x7e, 0x83, 0x7d,
    0x85, 0x81, 0x7c, 0x81, 0x85, 0x86, 0x71, 0x89, 0x82, 0x72, 0x92, 0x74,
    0x78, 0x90, 0x79, 0x7f, 0x81, 0x78, 0x84, 0x8b, 0x76, 0x84, 0x7f, 0x74,
    0x91, 0x75, 0x75, 0x8a, 0x7a, 0x81, 0x80, 0x77, 0x83, 0x80, 0x80, 0x87,
    0x6f, 0x7f, 0x93, 0x70, 0x8b, 0x80, 0x6b, 0x9f, 0x7a, 0x75, 0x84, 0x7d,
    0x87, 0x7e, 0x7c, 0x79, 0x8d, 0x7b, 0x7c, 0x86, 0x75, 0x8e, 0x7b, 0x74,
    0x93, 0x7a, 0x79, 0x85, 0x86, 0x7b, 0x7a, 0x89, 0x7e, 0x80, 0x8a, 0x75,
    0x62, 0xa8, 0x85, 0x4c, 0xa2, 0x77, 0x69, 0xae, 0x5c, 0x66, 0xad, 0x75,
    0x68, 0x89, 0x87, 0x80, 0x7d, 0x76, 0x80, 0x8d, 0x85, 0x71, 0x7e, 0x8d,
    0x83, 0x7a, 0x7d, 0x86, 0x8a, 0x77, 0x76, 0x8a, 0x82, 0x7d, 0x7a, 0x75,
    0x91, 0x84, 0x5e, 0x97, 0x7f, 0x73, 0x97, 0x62, 0x83, 0x9b, 0x6c, 0x73,
    0x92, 0x77, 0x7c, 0x9d, 0x68, 0x73, 0xa5, 0x68, 0x7a, 0x98, 0x5f, 0x86,
    0x9a, 0x70, 0x72, 0x91, 0x75, 0x86, 0x94, 0x61, 0x80, 0x95, 0x7b, 0x6f,
    0x8d, 0x7a, 0x77, 0x9f, 0x65, 0x71, 0xa6, 0x68, 0x7a, 0x9b, 0x5e, 0x8f,
    0x87, 0x6b, 0x97, 0x68, 0x86, 0x88, 0x65, 0x9b, 0x7d, 0x62, 0xa7, 0x7a,
    0x5f, 0xaa, 0x6d, 0x6e, 0xae, 0x64, 0x71, 0xa1, 0x74, 0x78, 0x93, 0x76,
    0x6e, 0x97, 0x7d, 0x76, 0x7d, 0x7b, 0x86, 0x7b, 0x80, 0x77, 0x84, 0x82,
    0x82, 0x71, 0x85, 0x93, 0x69, 0x8c, 0x7d, 0x74, 0x9d, 0x73, 0x6a, 0x9a,
    0x75, 0x77, 0x98, 0x6f, 0x75, 0x9b, 0x79, 0x6f, 0x9b, 0x6f, 0x77, 0x9d,
    0x62, 0x80, 0x95, 0x67, 0x88, 0x7f, 0x7b, 0x8a, 0x75, 0x8b, 0x73, 0x7d,
    0x9a, 0x6b, 0x7a, 0x95, 0x74, 0x7c, 0x8e, 0x71, 0x7d, 0x99, 0x70, 0x79,
    0x87, 0x81, 0x87, 0x6a, 0x8b, 0x86, 0x72, 0x84, 0x7f, 0x76, 0x83, 0x90,
    0x67, 0x87, 0x8f, 0x64, 0x85, 0x8a, 0x7a, 0x82, 0x81, 0x76, 0x8a, 0x92,
    0x62, 0x89, 0x92, 0x62, 0x91, 0x7f, 0x79, 0x96, 0x66, 0x78, 0x94, 0x82,
    0x74, 0x7a, 0x7b, 0x83, 0x98, 0x6b, 0x67, 0x9f, 0x80, 0x67, 0x95, 0x73,
    0x76, 0x95, 0x77, 0x6e, 0x7f, 0xa4, 0x75, 0x63, 0x9b, 0x83, 0x73, 0x94,
    0x7b, 0x5d, 0xa9, 0x9b, 0x42, 0x8f, 0xa9, 0x52, 0x8c, 0x98, 0x4c, 0x98,
    0x9c, 0x53, 0x81, 0x90, 0x7a, 0x7a, 0x79, 0x86, 0x7a, 0x78, 0x94, 0x77,
    0x71, 0x8e, 0x7e, 0x7f, 0x92, 0x76, 0x6e, 0x9a, 0x86, 0x74, 0x83, 0x72,
    0x8f, 0x8b, 0x6a, 0x81, 0x82, 0x84, 0x82, 0x76, 0x7c, 0x80, 0x86, 0x82,
    0x71, 0x81, 0x8e, 0x70, 0x7d, 0x88, 0x79, 0x81, 0x86, 0x7c, 0x78, 0x8e,
    0x7f, 0x6f, 0x90, 0x83, 0x71, 0x89, 0x83, 0x77, 0x8c, 0x7e, 0x70, 0x8e,
    0x84, 0x74, 0x7b, 0x86, 0x7e, 0x79, 0x88, 0x74, 0x7f, 0x92, 0x6f, 0x79,
    0x8e, 0x77, 0x7e, 0x87, 0x79, 0x7b, 0x87, 0x7d, 0x77, 0x8f, 0x7f, 0x73,
    0x89, 0x84, 0x7c, 0x81, 0x7f, 0x80, 0x83, 0x83, 0x7c, 0x7e, 0x84, 0x80,
    0x7a, 0x7d, 0x81, 0x7d, 0x7e, 0x7e, 0x80, 0x82, 0x7f, 0x7b, 0x81, 0x82,
    0x81, 0x84, 0x77, 0x82, 0x8a, 0x7b, 0x80, 0x7e, 0x7c, 0x83, 0x7c, 0x7d,
    0x81, 0x7d, 0x7e, 0x80, 0x7d, 0x82, 0x74, 0x7c, 0x8a, 0x7a, 0x86, 0x81,
    0x7b, 0x85, 0x81, 0x7c, 0x7b, 0x80, 0x7f, 0x7d, 0x81, 0x7b, 0x7d, 0x81,
    0x86, 0x80, 0x7a, 0x8b, 0x7b, 0x82, 0x86, 0x78, 0x85, 0x84, 0x7f, 0x7c,
    0x85, 0x7d, 0x81, 0x88, 0x72, 0x88, 0x7b, 0x7b, 0x86, 0x71, 0x88, 0x7a,
    0x7b, 0x86, 0x74, 0x80, 0x85, 0x7b, 0x7f, 0x85, 0x7c, 0x82, 0x86, 0x7a,
    0x83, 0x82, 0x7c, 0x84, 0x7d, 0x80, 0x81, 0x7e, 0x82, 0x84, 0x7d, 0x80,
    0x83, 0x79, 0x88, 0x7b, 0x7b, 0x87, 0x74, 0x83, 0x81, 0x75, 0x86, 0x78,
    0x7e, 0x83, 0x7b, 0x83, 0x7e, 0x82, 0x82, 0x7c, 0x80, 0x85, 0x7e, 0x80,
    0x7e, 0x80, 0x82, 0x80, 0x7c, 0x7e, 0x83, 0x7d, 0x82, 0x7d, 0x7f, 0x86,
    0x7b, 0x7c, 0x83, 0x7b, 0x82, 0x7a, 0x7f, 0x84, 0x7e, 0x77, 0x79, 0x8f,
    0x7e, 0x88, 0x7f, 0x78, 0x8f, 0x7d, 0x7a, 0x86, 0x7e, 0x7e, 0x80, 0x7e,
    0x81, 0x7f, 0x83, 0x7a, 0x73, 0x8a, 0x78, 0x76, 0x8c, 0x79, 0x86, 0x85,
    0x79, 0x86, 0x82, 0x7b, 0x83, 0x7d, 0x76, 0x88, 0x7c, 0x7c, 0x8b, 0x78,
    0x83, 0x87, 0x7b, 0x81, 0x82, 0x82, 0x7a, 0x80, 0x7f, 0x7b, 0x80, 0x7f,
    0x79, 0x7d, 0x82, 0x7a, 0x82, 0x7f, 0x80, 0x85, 0x7b, 0x85, 0x7e, 0x7d,
    0x86, 0x7d, 0x7e, 0x81, 0x7e, 0x7e, 0x81, 0x80, 0x7f, 0x80, 0x80, 0x7e,
    0x7e, 0x84, 0x81, 0x7c, 0x7f, 0x7c, 0x80, 0x7e, 0x7e, 0x83, 0x7b, 0x82,
    0x83, 0x7f, 0x83, 0x82, 0x80, 0x82, 0x82, 0x80, 0x81, 0x82, 0x82, 0x80,
    0x7e, 0x7c, 0x7e, 0x7c, 0x7e, 0x79, 0x7a, 0x7d, 0x7c, 0x80, 0x7e, 0x7f,
    0x7f, 0x7d, 0x81, 0x80, 0x81, 0x83, 0x81, 0x83, 0x81, 0x84, 0x85, 0x84,
    0x84, 0x82, 0x82, 0x84, 0x82, 0x7e, 0x81, 0x7e, 0x7c, 0x7f, 0x78, 0x79,
    0x7d, 0x79, 0x7e, 0x79, 0x79, 0x7f, 0x7c, 0x81, 0x7e, 0x7e, 0x80, 0x7c,
    0x81, 0x7d, 0x7f, 0x86, 0x81, 0x85, 0x87, 0x87, 0x88, 0x87, 0x86, 0x87,
    0x86, 0x81, 0x81, 0x7e, 0x7d, 0x7a, 0x79, 0x7b, 0x76, 0x7a, 0x7a, 0x79,
    0x7b, 0x7b, 0x79, 0x7f, 0x7b, 0x7a, 0x81, 0x78, 0x7a, 0x7e, 0x7a, 0x84,
    0x87, 0x7f, 0x8a, 0x89, 0x8b, 0x8e, 0x89, 0x8e, 0x88, 0x87, 0x89, 0x7f,
    0x80, 0x7f, 0x76, 0x79, 0x76, 0x74, 0x77, 0x73, 0x76, 0x7a, 0x78, 0x7a,
    0x7c, 0x7a, 0x7f, 0x81, 0x7d, 0x7c, 0x7a, 0x7e, 0x81, 0x83, 0x83, 0x84,
    0x8a, 0x89, 0x8b, 0x8c, 0x8c, 0x8b, 0x8b, 0x88, 0x84, 0x84, 0x7e, 0x7e,
    0x7a, 0x74, 0x75, 0x77, 0x76, 0x75, 0x77, 0x78, 0x79, 0x7b, 0x7c, 0x7b,
    0x80, 0x7e, 0x78, 0x7b, 0x7a, 0x82, 0x84, 0x7e, 0x88, 0x86, 0x89, 0x8f,
    0x8d, 0x8b, 0x8c, 0x8d, 0x8a, 0x87, 0x82, 0x7e, 0x7d, 0x77, 0x74, 0x73,
    0x74, 0x75, 0x75, 0x76, 0x78, 0x7c, 0x7b, 0x79, 0x7e, 0x7f, 0x7e, 0x7d,
    0x7b, 0x7b, 0x7d, 0x83, 0x7f, 0x82, 0x87, 0x86, 0x8d, 0x8f, 0x8e, 0x8f,
    0x8c, 0x8b, 0x87, 0x84, 0x81, 0x7b, 0x7b, 0x77, 0x73, 0x72, 0x73, 0x75,
    0x78, 0x78, 0x78, 0x7b, 0x7c, 0x7e, 0x7d, 0x7e, 0x7d, 0x78, 0x7c, 0x7e,
    0x81, 0x85, 0x80, 0x83, 0x8a, 0x8e, 0x91, 0x8e, 0x8e, 0x8d, 0x8c, 0x8b,
    0x86, 0x82, 0x7e, 0x7c, 0x78, 0x75, 0x73, 0x73, 0x74, 0x75, 0x77, 0x79,
    0x77, 0x7b, 0x7c, 0x7c, 0x7d, 0x7a, 0x7b, 0x7b, 0x7b, 0x7b, 0x80, 0x85,
    0x82, 0x84, 0x8a, 0x8a, 0x8f, 0x90, 0x8d, 0x8d, 0x8c, 0x8b, 0x85, 0x82,
    0x80, 0x7b, 0x78, 0x77, 0x74, 0x73, 0x77, 0x78, 0x78, 0x7a, 0x77, 0x79,
    0x79, 0x79, 0x7c, 0x7c, 0x7c, 0x79, 0x7b, 0x7e, 0x82, 0x87, 0x83, 0x89,
    0x8c, 0x8c, 0x8f, 0x8d, 0x8e, 0x8c, 0x88, 0x87, 0x85, 0x7f, 0x7e, 0x7c,
    0x76, 0x76, 0x72, 0x70, 0x73, 0x73, 0x78, 0x77, 0x75, 0x78, 0x75, 0x81,
    0x86, 0x7e, 0x84, 0x7e, 0x7a, 0x7f, 0x7d, 0x83, 0x83, 0x84, 0x8d, 0x8c,
    0x91, 0x93, 0x8e, 0x8e, 0x8d, 0x89, 0x86, 0x81, 0x79, 0x74, 0x70, 0x71,
    0x73, 0x76, 0x79, 0x78, 0x7e, 0x82, 0x7c, 0x7d, 0x82, 0x79, 0x7a, 0x7c,
    0x79, 0x78, 0x73, 0x70, 0x74, 0x7f, 0x89, 0x8b, 0x8c, 0x91, 0x96, 0x97,
    0x97, 0x90, 0x8d, 0x90, 0x83, 0x76, 0x6b, 0x65, 0x69, 0x69, 0x6b, 0x76,
    0x80, 0x89, 0x8e, 0x90, 0x8d, 0x89, 0x84, 0x7a, 0x77, 0x71, 0x71, 0x71,
    0x6b, 0x66, 0x6c, 0x7d, 0x8c, 0x95, 0x95, 0x97, 0x99, 0x9a, 0x9c, 0x93,
    0x88, 0x84, 0x78, 0x6f, 0x69, 0x60, 0x61, 0x67, 0x6f, 0x7d, 0x85, 0x8e,
    0x91, 0x96, 0x96, 0x8d, 0x81, 0x77, 0x72, 0x6e, 0x6f, 0x6d, 0x6b, 0x63,
    0x68, 0x7d, 0x8c, 0x96, 0x99, 0x99, 0x9d, 0x9d, 0x9d, 0x95, 0x85, 0x7e,
    0x78, 0x6f, 0x68, 0x62, 0x62, 0x6a, 0x76, 0x84, 0x8a, 0x8f, 0x92, 0x93,
    0x90, 0x83, 0x79, 0x6f, 0x6b, 0x6d, 0x6c, 0x6b, 0x6e, 0x67, 0x6e, 0x81,
    0x90, 0x9b, 0x9d, 0x9b, 0x9b, 0x9d, 0x9d, 0x97, 0x88, 0x7e, 0x73, 0x6e,
    0x69, 0x60, 0x62, 0x66, 0x71, 0x80, 0x8b, 0x90, 0x95, 0x97, 0x91, 0x89,
    0x7c, 0x73, 0x6e, 0x6a, 0x6c, 0x6e, 0x6d, 0x65, 0x68, 0x79, 0x8f, 0x9a,
    0x9e, 0x9b, 0x98, 0x99, 0x9b, 0x98, 0x89, 0x7e, 0x75, 0x6f, 0x6d, 0x65,
    0x63, 0x69, 0x6f, 0x7f, 0x89, 0x8c, 0x90, 0x93, 0x91, 0x8b, 0x81, 0x75,
    0x6e, 0x6e, 0x6f, 0x71, 0x71, 0x6b, 0x68, 0x79, 0x8d, 0x96, 0x9b, 0x99,
    0x98, 0x98, 0x99, 0x98, 0x8d, 0x7e, 0x76, 0x70, 0x6c, 0x66, 0x61, 0x65,
    0x6c, 0x7a, 0x87, 0x8e, 0x8e, 0x91, 0x92, 0x8a, 0x80, 0x75, 0x6c, 0x6e,
    0x6f, 0x72, 0x71, 0x6a, 0x6b, 0x78, 0x8c, 0x9a, 0x9e, 0x9b, 0x9a, 0x98,
    0x99, 0x99, 0x8d, 0x80, 0x77, 0x71, 0x6f, 0x69, 0x67, 0x66, 0x6d, 0x7a,
    0x85, 0x8d, 0x8f, 0x90, 0x8c, 0x87, 0x7c, 0x73, 0x6f, 0x6d, 0x72, 0x73,
    0x6e, 0x69, 0x6b, 0x78, 0x8b, 0x96, 0x98, 0x98, 0x95, 0x96, 0x99, 0x94,
    0x8c, 0x80, 0x76, 0x73, 0x6f, 0x6a, 0x67, 0x6a, 0x75, 0x82, 0x8c, 0x90,
    0x91, 0x91, 0x8c, 0x83, 0x79, 0x70, 0x6c, 0x6c, 0x6e, 0x6d, 0x68, 0x66,
    0x70, 0x85, 0x96, 0x9e, 0x9b, 0x97, 0x97, 0x97, 0x97, 0x92, 0x86, 0x7a,
    0x73, 0x70, 0x6c, 0x6a, 0x68, 0x6f, 0x79, 0x83, 0x8a, 0x8e, 0x91, 0x8d,
    0x88, 0x7e, 0x75, 0x71, 0x6e, 0x70, 0x71, 0x6c, 0x68, 0x68, 0x77, 0x8b,
    0x96, 0x99, 0x96, 0x95, 0x98, 0x9b, 0x98, 0x90, 0x82, 0x77, 0x73, 0x6f,
    0x6a, 0x66, 0x68, 0x72, 0x7f, 0x87, 0x8d, 0x8e, 0x8f, 0x8d, 0x86, 0x7e,
    0x77, 0x73, 0x6f, 0x6f, 0x6e, 0x6a, 0x67, 0x6d, 0x80, 0x91, 0x97, 0x99,
    0x9a, 0x99, 0x9b, 0x9b, 0x94, 0x85, 0x7a, 0x73, 0x6e, 0x68, 0x64, 0x65,
    0x6e, 0x7b, 0x82, 0x89, 0x8e, 0x91, 0x8f, 0x89, 0x7e, 0x76, 0x73, 0x72,
    0x72, 0x6e, 0x67, 0x67, 0x73, 0x84, 0x90, 0x94, 0x96, 0x96, 0x9a, 0x9b,
    0x98, 0x8f, 0x83, 0x7b, 0x74, 0x6e, 0x67, 0x63, 0x68, 0x74, 0x7f, 0x87,
    0x89, 0x8e, 0x91, 0x91, 0x88, 0x7d, 0x77, 0x71, 0x70, 0x6d, 0x68, 0x62,
    0x65, 0x75, 0x86, 0x8f, 0x96, 0x97, 0x9a, 0x9d, 0x9e, 0x9a, 0x90, 0x84,
    0x7c, 0x73, 0x6a, 0x63, 0x62, 0x69, 0x73, 0x7f, 0x89, 0x8d, 0x90, 0x90,
    0x8c, 0x84, 0x7d, 0x77, 0x73, 0x71, 0x6c, 0x67, 0x63, 0x6e, 0x7f, 0x89,
    0x91, 0x95, 0x96, 0x97, 0x9b, 0x99, 0x92, 0x8b, 0x84, 0x7a, 0x70, 0x67,
    0x65, 0x69, 0x70, 0x7a, 0x81, 0x88, 0x8d, 0x8e, 0x8c, 0x86, 0x81, 0x7f,
    0x78, 0x71, 0x6a, 0x67, 0x67, 0x6f, 0x79, 0x81, 0x8a, 0x90, 0x96, 0x9a,
    0x98, 0x96, 0x93, 0x8d, 0x88, 0x7f, 0x75, 0x6c, 0x67, 0x66, 0x6c, 0x76,
    0x7d, 0x84, 0x87, 0x89, 0x8a, 0x87, 0x86, 0x85, 0x7f, 0x79, 0x72, 0x6e,
    0x6b, 0x70, 0x79, 0x80, 0x84, 0x89, 0x8d, 0x92, 0x95, 0x96, 0x91, 0x8c,
    0x89, 0x83, 0x7e, 0x75, 0x6c, 0x6a, 0x6f, 0x74, 0x78, 0x7d, 0x80, 0x83,
    0x85, 0x85, 0x82, 0x82, 0x82, 0x7b, 0x76, 0x72, 0x70, 0x76, 0x7a, 0x7e,
    0x83, 0x85, 0x8a, 0x92, 0x94, 0x91, 0x8e, 0x8c, 0x8a, 0x86, 0x81, 0x78,
    0x72, 0x72, 0x73, 0x75, 0x75, 0x77, 0x7c, 0x7f, 0x7f, 0x7d, 0x7e, 0x83,
    0x81, 0x80, 0x7d, 0x75, 0x78, 0x79, 0x7b, 0x7d, 0x81, 0x83, 0x85, 0x8a,
    0x8c, 0x8b, 0x8a, 0x8c, 0x8a, 0x8a, 0x85, 0x80, 0x7d, 0x7a, 0x79, 0x78,
    0x78, 0x7a, 0x7d, 0x7d, 0x7f, 0x7c, 0x7b, 0x7d, 0x7e, 0x7e, 0x7a, 0x78,
    0x78, 0x7a, 0x7c, 0x7c, 0x7c, 0x7f, 0x83, 0x86, 0x86, 0x88, 0x89, 0x88,
    0x88, 0x87, 0x85, 0x83, 0x81, 0x80, 0x7e, 0x7d, 0x7d, 0x7b, 0x7e, 0x80,
    0x7e, 0x7c, 0x7b, 0x7a, 0x7c, 0x80, 0x7d, 0x7d, 0x7c, 0x7d, 0x7d, 0x7d,
    0x7c, 0x7e, 0x80, 0x7f, 0x80, 0x80, 0x83, 0x86, 0x87, 0x87, 0x86, 0x83,
    0x83, 0x84, 0x84, 0x81, 0x81, 0x80, 0x7e, 0x7e, 0x7d, 0x7c, 0x7d, 0x7d,
    0x7c, 0x7d, 0x7c, 0x7a, 0x7c, 0x7c, 0x7c, 0x7b, 0x7b, 0x7b, 0x7d, 0x7f,
    0x81, 0x82, 0x82, 0x84, 0x85, 0x84, 0x83, 0x81, 0x81, 0x81, 0x82, 0x81,
    0x81, 0x84, 0x83, 0x85, 0x83, 0x83, 0x81, 0x80, 0x80, 0x7e, 0x7f, 0x7c,
    0x7c, 0x7d, 0x7b, 0x7b, 0x7d, 0x7a, 0x79, 0x7a, 0x7c, 0x80, 0x80, 0x7e,
    0x80, 0x7f, 0x7e, 0x81, 0x81, 0x82, 0x81, 0x82, 0x82, 0x83, 0x83, 0x81,
    0x80, 0x84, 0x83, 0x82, 0x80, 0x7d, 0x7e, 0x7d, 0x7e, 0x7f, 0x80, 0x7f,
    0x7e, 0x7e, 0x7e, 0x7d, 0x7c, 0x7d, 0x7c, 0x7d, 0x7e, 0x7f, 0x7e, 0x81,
    0x80, 0x81, 0x81, 0x83, 0x85, 0x83, 0x86, 0x81, 0x81, 0x81, 0x81, 0x81,
    0x7f, 0x7e, 0x7d, 0x7e, 0x80, 0x7e, 0x7d, 0x80, 0x80, 0x7e, 0x80, 0x7f,
    0x7c, 0x80, 0x7f, 0x7f, 0x7d, 0x7c, 0x7d, 0x7d, 0x7c, 0x7d, 0x7e, 0x80,
    0x81, 0x84, 0x85, 0x85, 0x85, 0x82, 0x81, 0x80, 0x80, 0x80, 0x80, 0x7e,
    0x7e, 0x7e, 0x7e, 0x7f, 0x80, 0x81, 0x82, 0x82, 0x80, 0x7c, 0x7c, 0x7b,
    0x7e, 0x7d, 0x7e, 0x80, 0x7c, 0x7e, 0x7d, 0x7d, 0x7f, 0x82, 0x81, 0x7f,
    0x80, 0x82, 0x83, 0x84, 0x84, 0x82, 0x81, 0x80, 0x80, 0x81, 0x7f, 0x7f,
    0x7e, 0x7f, 0x7e, 0x7f, 0x80, 0x7c, 0x7d, 0x80, 0x7f, 0x80, 0x7f, 0x7d,
    0x80, 0x7f, 0x7e, 0x7f, 0x7d, 0x7f, 0x81, 0x80, 0x81, 0x82, 0x81, 0x7f,
    0x7f, 0x80, 0x81, 0x7d, 0x7c, 0x7e, 0x7f, 0x80, 0x81, 0x81, 0x81, 0x81,
    0x7f, 0x81, 0x83, 0x82, 0x80, 0x82, 0x7f, 0x7f, 0x7e, 0x7e, 0x7f, 0x7e,
    0x80, 0x7e, 0x7d, 0x7d, 0x7c, 0x7f, 0x80, 0x7f, 0x7f, 0x7e, 0x81, 0x83,
    0x82, 0x81, 0x7f, 0x80, 0x83, 0x81, 0x7f, 0x7d, 0x7f, 0x7f, 0x7e, 0x80,
    0x7f, 0x7e, 0x7d, 0x7d, 0x7e, 0x7f, 0x7f, 0x7f, 0x7f, 0x7e, 0x7d, 0x7f,
    0x7e, 0x7e, 0x7e, 0x7e, 0x7f, 0x80, 0x82, 0x82, 0x82, 0x80, 0x81, 0x82,
    0x84, 0x85, 0x84, 0x83, 0x80, 0x80, 0x80, 0x7f, 0x80, 0x7d, 0x7c, 0x7f,
    0x7d, 0x7e, 0x7d, 0x7b, 0x7e, 0x7d, 0x7f, 0x7e, 0x7e, 0x80, 0x7f, 0x80,
    0x7f, 0x81, 0x81, 0x81, 0x82, 0x82, 0x82, 0x81, 0x80, 0x81, 0x80, 0x80,
    0x81, 0x80, 0x81, 0x80, 0x7f, 0x7f, 0x80, 0x7e, 0x7e, 0x7e, 0x7e, 0x7e,
    0x7e, 0x7d, 0x7a, 0x7e, 0x7f, 0x7f, 0x80, 0x7d, 0x81, 0x81, 0x80, 0x82,
    0x81, 0x81, 0x81, 0x7f, 0x80, 0x81, 0x81, 0x83, 0x81, 0x82, 0x84, 0x82,
    0x80, 0x7f, 0x82, 0x81, 0x80, 0x81, 0x7e, 0x7d, 0x7d, 0x7c, 0x7c, 0x7c,
    0x7c, 0x7a, 0x7c, 0x7d, 0x7d, 0x80, 0x7f, 0x80, 0x80, 0x7f, 0x82, 0x82,
    0x83, 0x81, 0x80, 0x81, 0x80, 0x82, 0x81, 0x80, 0x82, 0x80, 0x80, 0x7f,
    0x7e, 0x82, 0x81, 0x81, 0x81, 0x7f, 0x81, 0x80, 0x7d, 0x7d, 0x7f, 0x7e,
    0x7f, 0x7f, 0x7d, 0x81, 0x80, 0x7f, 0x80, 0x7d, 0x7e, 0x80, 0x80, 0x80,
    0x7f, 0x7f, 0x80, 0x80, 0x7e, 0x7f, 0x7e, 0x7e, 0x7f, 0x80, 0x81, 0x81,
    0x81, 0x81, 0x81, 0x81, 0x80, 0x7d, 0x7b, 0x7c, 0x7f, 0x7e, 0x7e, 0x7f,
    0x82, 0x81, 0x83, 0x84, 0x83, 0x81, 0x7f, 0x7f, 0x7f, 0x7e, 0x80, 0x81,
    0x7d, 0x7d, 0x7f, 0x81, 0x81, 0x7f, 0x7e, 0x7d, 0x7d, 0x7d, 0x7e, 0x7c,
    0x7e, 0x7f, 0x83, 0x82, 0x7f, 0x81, 0x82, 0x84, 0x81, 0x81, 0x82, 0x82,
    0x80, 0x7d, 0x7f, 0x7e, 0x80, 0x80, 0x80, 0x80, 0x7e, 0x7f, 0x7d, 0x7d,
    0x7f, 0x7f, 0x7f, 0x7d, 0x7f, 0x7f, 0x7d, 0x7f, 0x80, 0x7f, 0x7e, 0x81,
    0x7e, 0x81, 0x7f, 0x7d, 0x81, 0x80, 0x80, 0x81, 0x80, 0x7f, 0x83, 0x82,
    0x80, 0x81, 0x86, 0x83, 0x7e, 0x82, 0x81, 0x80, 0x7e, 0x7d, 0x7f, 0x7d,
    0x7f, 0x7e, 0x7e, 0x7f, 0x7f, 0x80, 0x7e, 0x81, 0x7c, 0x7c, 0x7f, 0x7e,
    0x7e, 0x80, 0x80, 0x81, 0x80, 0x7d, 0x80, 0x7f, 0x81, 0x7f, 0x82, 0x82,
    0x81, 0x81, 0x7f, 0x7e, 0x7e, 0x81, 0x80, 0x81, 0x80, 0x7f, 0x80, 0x81,
    0x7f, 0x7f, 0x7e, 0x7e, 0x7e, 0x7e, 0x7f, 0x7e, 0x80, 0x7f, 0x7f, 0x7f,
    0x80, 0x81, 0x7f, 0x7d, 0x80, 0x81, 0x7e, 0x80, 0x7e, 0x80, 0x80, 0x80,
    0x82, 0x81, 0x81, 0x81, 0x80, 0x80, 0x82, 0x80, 0x80, 0x80, 0x7f, 0x80,
    0x7e, 0x7f, 0x7f, 0x7f, 0x7f, 0x7e, 0x7d, 0x7e, 0x7e, 0x80, 0x80, 0x81,
    0x82, 0x80, 0x7d, 0x7f, 0x80, 0x80, 0x81, 0x80, 0x7f, 0x80, 0x81, 0x80,
    0x81, 0x80, 0x81, 0x80, 0x7e, 0x7f, 0x7f, 0x7e, 0x7e, 0x7e, 0x7f, 0x81,
    0x7e, 0x7d, 0x7f, 0x7f, 0x80, 0x80, 0x80, 0x82, 0x82, 0x80, 0x7e, 0x7d,
    0x7f, 0x80, 0x80, 0x81, 0x7f, 0x81, 0x81, 0x80, 0x81, 0x82, 0x80, 0x7f,
    0x7e, 0x7f, 0x7f, 0x7f, 0x7f, 0x7f, 0x80, 0x80, 0x7e, 0x7e, 0x7f, 0x7f,
    0x7f, 0x80, 0x80, 0x7f, 0x7f, 0x7f, 0x80, 0x81, 0x7f, 0x81, 0x80, 0x7f,
    0x80, 0x80, 0x80, 0x80, 0x80, 0x80, 0x81, 0x80, 0x80, 0x7f, 0x7f, 0x80,
    0x80, 0x7f, 0x7f, 0x7f, 0x80, 0x7f, 0x7e, 0x7f, 0x7c, 0x7d, 0x7d, 0x7e,
    0x7f, 0x7f, 0x7e, 0x81, 0x81, 0x81, 0x81, 0x80, 0x81, 0x82, 0x81, 0x80,
    0x82, 0x7f, 0x7f, 0x80, 0x7f, 0x80, 0x7f, 0x80, 0x7f, 0x7f, 0x80, 0x7f,
    0x7f, 0x80, 0x7f, 0x82, 0x80, 0x7e, 0x7f, 0x7f, 0x7f, 0x7b, 0x7d, 0x7e,
    0x7d, 0x7d, 0x7c, 0x7f, 0x80, 0x7f, 0x81, 0x82, 0x84, 0x83, 0x82, 0x81,
    0x81, 0x83, 0x83, 0x82, 0x80, 0x7f, 0x80, 0x7f, 0x7f, 0x80, 0x7e, 0x7f,
    0x7d, 0x7e, 0x7f, 0x7e, 0x7f, 0x7f, 0x7f, 0x7f, 0x7e, 0x7e, 0x80, 0x7d,
    0x7e, 0x7e, 0x80, 0x80, 0x80, 0x81, 0x81, 0x81, 0x81, 0x81, 0x80, 0x81,
    0x7d, 0x7f, 0x80, 0x7d, 0x7e, 0x80, 0x80, 0x80, 0x7e, 0x7e, 0x81, 0x7f,
    0x80, 0x80, 0x80, 0x80, 0x83, 0x80, 0x81, 0x81, 0x7d, 0x7f, 0x7e, 0x7c,
    0x7d, 0x7e, 0x7f, 0x7e, 0x80, 0x7e, 0x81, 0x81, 0x80, 0x81, 0x82, 0x82,
    0x82, 0x81, 0x7f, 0x81, 0x7f, 0x81, 0x81, 0x7f, 0x80, 0x7f, 0x7e, 0x7e,
    0x7f, 0x7f, 0x80, 0x7f, 0x7f, 0x7e, 0x80, 0x80, 0x80, 0x7f, 0x80, 0x80,
    0x80, 0x7f, 0x7f, 0x7f, 0x81, 0x80, 0x7e, 0x80, 0x80, 0x80, 0x7f, 0x7f,
    0x80, 0x7f, 0x7f, 0x7f, 0x80, 0x80, 0x80, 0x81, 0x80, 0x7f, 0x80, 0x7f,
    0x80, 0x81, 0x7f, 0x7e, 0x7e, 0x7e, 0x7e, 0x7f, 0x80, 0x7f, 0x7f, 0x7f,
    0x80, 0x80, 0x7f, 0x80, 0x81, 0x81, 0x82, 0x7f, 0x7f, 0x81, 0x80, 0x80,
    0x7e, 0x7f, 0x81, 0x7e, 0x7e, 0x7f, 0x7e, 0x81, 0x80, 0x80, 0x7f, 0x7f,
    0x7f, 0x7e, 0x80, 0x7e, 0x80, 0x80, 0x7f, 0x7f, 0x7f, 0x7f, 0x80, 0x81,
    0x81, 0x7f, 0x7f, 0x80, 0x80, 0x81, 0x80, 0x7f, 0x80, 0x81, 0x81, 0x80,
    0x80, 0x7f, 0x7f, 0x80, 0x7e, 0x7d, 0x7f, 0x80, 0x80, 0x7f, 0x7d, 0x7f,
    0x7e, 0x7f, 0x80, 0x7e, 0x81, 0x81, 0x81, 0x7f, 0x7f, 0x7f, 0x80, 0x80,
    0x80, 0x81, 0x80, 0x81, 0x80, 0x80, 0x7e, 0x7e, 0x7e, 0x80, 0x80, 0x80,
    0x80, 0x80, 0x80, 0x7f, 0x7e, 0x7e, 0x7f, 0x7f, 0x7f, 0x7e, 0x7e, 0x7f,
    0x80, 0x80, 0x80, 0x7f, 0x81, 0x81, 0x81, 0x80, 0x81, 0x80, 0x80, 0x81,
    0x80, 0x80, 0x80, 0x80, 0x80, 0x7f, 0x7f, 0x81, 0x7f, 0x7e, 0x7f, 0x80,
    0x7e, 0x7d, 0x7f, 0x7e, 0x7d, 0x7e, 0x80, 0x7f, 0x80, 0x80, 0x80, 0x80,
    0x80, 0x81, 0x80, 0x81, 0x82, 0x7f, 0x7e, 0x81, 0x80, 0x80, 0x7f, 0x80,
    0x80, 0x80, 0x7f, 0x7e, 0x7e, 0x7e, 0x7e, 0x7f, 0x7f, 0x7f, 0x80, 0x81,
    0x81, 0x81, 0x81, 0x80, 0x80, 0x7f, 0x7e, 0x7d, 0x7e, 0x7e, 0x7f, 0x80,
    0x7f, 0x80, 0x7f, 0x7f, 0x80, 0x7f, 0x7e, 0x7f, 0x7f, 0x7f, 0x80, 0x80,
    0x7f, 0x7f, 0x7f, 0x7f, 0x7f, 0x7f, 0x7e, 0x80, 0x80, 0x7f, 0x80, 0x81,
    0x81, 0x80, 0x81, 0x80, 0x7f, 0x81, 0x80, 0x82, 0x7f, 0x7f, 0x80, 0x7e,
    0x7f, 0x7e, 0x7e, 0x7f, 0x7f, 0x7f, 0x80, 0x7f, 0x80, 0x80, 0x80, 0x80,
    0x80, 0x80, 0x81, 0x81, 0x80, 0x7f, 0x80, 0x80, 0x80, 0x80, 0x7f, 0x7f,
    0x7e, 0x7e, 0x7f, 0x81, 0x80, 0x81, 0x7f, 0x80, 0x7f, 0x7f, 0x80, 0x7e,
    0x7f, 0x7e, 0x7f, 0x7e, 0x7f, 0x7f, 0x7f, 0x80, 0x81, 0x81, 0x80, 0x81,
    0x7f, 0x80, 0x7f, 0x7e, 0x7f, 0x7f, 0x7e, 0x7e, 0x7e, 0x7f, 0x7f, 0x7e,
    0x7f, 0x80, 0x82, 0x82, 0x7f, 0x80, 0x80, 0x81, 0x82, 0x80, 0x7f, 0x7e,
    0x7e, 0x80, 0x7f, 0x7f, 0x80, 0x80, 0x80, 0x80, 0x7f, 0x7f, 0x7f, 0x7f,
    0x81, 0x7f, 0x80, 0x80, 0x7e, 0x80, 0x81, 0x80, 0x81, 0x81, 0x80, 0x80,
    0x80, 0x7f, 0x7e, 0x7d, 0x7e, 0x7d, 0x7d, 0x7c, 0x7e, 0x7e, 0x7f, 0x7f,
    0x81, 0x82, 0x81, 0x82, 0x80, 0x82, 0x80, 0x80, 0x80, 0x81, 0x80, 0x80,
    0x82, 0x7f, 0x7f, 0x7e, 0x7f, 0x7f, 0x7e, 0x7e, 0x7f, 0x7f, 0x80, 0x80,
    0x7f, 0x7f, 0x81, 0x7e, 0x7f, 0x80, 0x7f, 0x7f, 0x7e, 0x7f, 0x80, 0x7f,
    0x80, 0x82, 0x80, 0x80, 0x7e, 0x7f, 0x80, 0x7e, 0x80, 0x80, 0x81, 0x81,
    0x80, 0x81, 0x80, 0x80, 0x7f, 0x7f, 0x80, 0x7f, 0x7f, 0x7e, 0x80, 0x7f,
    0x80, 0x7f, 0x7f, 0x80, 0x7f, 0x7f, 0x7f, 0x7f, 0x7e, 0x7f, 0x80, 0x82,
    0x81, 0x80, 0x80, 0x7f, 0x7f, 0x81, 0x80, 0x81, 0x80, 0x7e, 0x7e, 0x7d,
    0x7e, 0x7f, 0x7e, 0x7f, 0x81, 0x80, 0x80, 0x81, 0x80, 0x7f, 0x7e, 0x7d,
    0x7e, 0x7f, 0x7f, 0x7f, 0x7e, 0x7e, 0x7f, 0x7f, 0x80, 0x81, 0x80, 0x81,
    0x82, 0x80, 0x82, 0x83, 0x82, 0x81, 0x7e, 0x7f, 0x7c, 0x7b, 0x7c, 0x7c,
    0x7f, 0x80, 0x80, 0x81, 0x80, 0x81, 0x81, 0x80, 0x81, 0x81, 0x82, 0x81,
    0x81, 0x82, 0x82, 0x83, 0x83, 0x82, 0x82, 0x80, 0x7d, 0x7b, 0x7a, 0x7a,
    0x7a, 0x7e, 0x7d, 0x7e, 0x7f, 0x7e, 0x7f, 0x7e, 0x7f, 0x80, 0x80, 0x81,
    0x80, 0x80, 0x81, 0x81, 0x80, 0x80, 0x80, 0x80, 0x81, 0x80, 0x80, 0x7f,
    0x7f, 0x7f, 0x7f, 0x7f, 0x7f, 0x80, 0x7f, 0x80, 0x80, 0x80, 0x80, 0x80,
    0x7f, 0x80, 0x80, 0x7f, 0x7d, 0x7d, 0x7d, 0x7d, 0x7d, 0x7d, 0x7f, 0x80,
    0x81, 0x81, 0x82, 0x83, 0x83, 0x82, 0x81, 0x80, 0x7e, 0x7d, 0x7d, 0x7b,
    0x7d, 0x7e, 0x7f, 0x7f, 0x80, 0x81, 0x81, 0x80, 0x82, 0x82, 0x82, 0x83,
    0x81, 0x81, 0x80, 0x7d, 0x7f, 0x7f, 0x80, 0x82, 0x81, 0x7f, 0x7c, 0x78,
    0x75, 0x77, 0x7c, 0x85, 0x8a, 0x8d, 0x8d, 0x88, 0x84, 0x82, 0x84, 0x87,
    0x88, 0x7e, 0x6f, 0x61, 0x54, 0x56, 0x67, 0x7e, 0x94, 0x9e, 0xa0, 0x9b,
    0x96, 0x92, 0x8f, 0x90, 0x8c, 0x7f, 0x6f, 0x60, 0x55, 0x56, 0x5e, 0x70,
    0x83, 0x8f, 0x95, 0x94, 0x92, 0x91, 0x8f, 0x91, 0x8c, 0x84, 0x7b, 0x71,
    0x69, 0x68, 0x6f, 0x77, 0x82, 0x89, 0x8e, 0x8f, 0x8f, 0x8e, 0x8e, 0x8f,
    0x8b, 0x80, 0x6f, 0x5e, 0x52, 0x52, 0x61, 0x75, 0x88, 0x98, 0xa0, 0xa1,
    0x9d, 0x99, 0x95, 0x93, 0x8f, 0x85, 0x76, 0x67, 0x5a, 0x52, 0x54, 0x5d,
    0x6c, 0x7d, 0x89, 0x90, 0x95, 0x98, 0x9c, 0x9a, 0x9b, 0x94, 0x8a, 0x7f,
    0x74, 0x6f, 0x6c, 0x70, 0x72, 0x73, 0x70, 0x6b, 0x67, 0x69, 0x78, 0x88,
    0x97, 0xa2, 0xa6, 0xa8, 0xa1, 0x97, 0x8d, 0x85, 0x80, 0x77, 0x71, 0x66,
    0x5d, 0x55, 0x52, 0x57, 0x63, 0x73, 0x84, 0x92, 0x9a, 0x9e, 0x9e, 0x9b,
    0x96, 0x90, 0x8a, 0x83, 0x7b, 0x76, 0x72, 0x73, 0x75, 0x74, 0x73, 0x6e,
    0x6a, 0x6b, 0x75, 0x83, 0x90, 0x9d, 0xa3, 0xa4, 0xa2, 0x99, 0x90, 0x87,
    0x83, 0x7e, 0x76, 0x6c, 0x62, 0x58, 0x4f, 0x50, 0x59, 0x69, 0x7e, 0x90,
    0x9e, 0xa2, 0x9c, 0x95, 0x8f, 0x8a, 0x88, 0x83, 0x7f, 0x7d, 0x76, 0x6f,
    0x69, 0x62, 0x66, 0x72, 0x80, 0x8f, 0x9c, 0xa3, 0xa3, 0xa0, 0x9a, 0x92,
    0x8b, 0x83, 0x7c, 0x72, 0x69, 0x62, 0x5c, 0x5b, 0x61, 0x6d, 0x7a, 0x86,
    0x8d, 0x90, 0x90, 0x8c, 0x85, 0x7f, 0x7b, 0x7a, 0x7c, 0x80, 0x83, 0x7f,
    0x7a, 0x71, 0x6a, 0x6b, 0x77, 0x88, 0x98, 0xa2, 0xa6, 0xa6, 0x9e, 0x95,
    0x8a, 0x83, 0x7f, 0x7e, 0x78, 0x6d, 0x62, 0x59, 0x56, 0x5e, 0x6c, 0x7a,
    0x85, 0x89, 0x89, 0x84, 0x7f, 0x7d, 0x7f, 0x80, 0x82, 0x85, 0x86, 0x85,
    0x81, 0x7c, 0x72, 0x6f, 0x72, 0x7b, 0x88, 0x94, 0x9d, 0xa0, 0xa1, 0x9b,
    0x94, 0x8d, 0x85, 0x81, 0x7c, 0x76, 0x6e, 0x65, 0x5f, 0x61, 0x67, 0x70,
    0x7b, 0x7f, 0x82, 0x81, 0x7d, 0x7c, 0x7c, 0x80, 0x83, 0x85, 0x89, 0x8a,
    0x89, 0x85, 0x7d, 0x72, 0x6d, 0x6f, 0x77, 0x88, 0x97, 0x9e, 0xa1, 0x9e,
    0x99, 0x92, 0x8b, 0x84, 0x81, 0x7c, 0x77, 0x71, 0x66, 0x5f, 0x5f, 0x64,
    0x6e, 0x75, 0x79, 0x78, 0x76, 0x77, 0x7a, 0x81, 0x87, 0x8a, 0x8d, 0x8d,
    0x8d, 0x8b, 0x89, 0x82, 0x79, 0x71, 0x70, 0x76, 0x83, 0x90, 0x99, 0x9e,
    0x9e, 0x9b, 0x94, 0x8e, 0x89, 0x85, 0x7f, 0x77, 0x6f, 0x66, 0x60, 0x5f,
    0x64, 0x6b, 0x6f, 0x72, 0x75, 0x76, 0x78, 0x7d, 0x82, 0x87, 0x89, 0x89,
    0x8a, 0x8b, 0x8c, 0x8b, 0x86, 0x79, 0x6e, 0x6c, 0x75, 0x84, 0x95, 0x9e,
    0xa2, 0x9e, 0x98, 0x93, 0x90, 0x8f, 0x88, 0x85, 0x78, 0x71, 0x69, 0x66,
    0x67, 0x6a, 0x6e, 0x6d, 0x6e, 0x6d, 0x6d, 0x72, 0x79, 0x7e, 0x80, 0x82,
    0x82, 0x83, 0x87, 0x89, 0x89, 0x84, 0x7a, 0x72, 0x72, 0x7d, 0x8f, 0x9c,
    0xa3, 0xa3, 0x9e, 0x98, 0x91, 0x90, 0x8c, 0x84, 0x7c, 0x75, 0x6e, 0x6b,
    0x6a, 0x68, 0x65, 0x65, 0x68, 0x6d, 0x73, 0x76, 0x79, 0x7a, 0x7f, 0x84,
    0x85, 0x86, 0x88, 0x88, 0x85, 0x86, 0x7e, 0x75, 0x70, 0x74, 0x80, 0x91,
    0x9e, 0xa3, 0xa3, 0x9c, 0x98, 0x94, 0x91, 0x8b, 0x82, 0x7a, 0x74, 0x72,
    0x6f, 0x6a, 0x64, 0x60, 0x61, 0x68, 0x73, 0x76, 0x74, 0x74, 0x76, 0x7d,
    0x85, 0x87, 0x86, 0x87, 0x87, 0x88, 0x88, 0x85, 0x7c, 0x74, 0x76, 0x81,
    0x90, 0x9b, 0xa0, 0x9d, 0x99, 0x96, 0x94, 0x93, 0x8b, 0x82, 0x7d, 0x7a,
    0x77, 0x73, 0x6a, 0x63, 0x5e, 0x62, 0x66, 0x6c, 0x6f, 0x70, 0x72, 0x74,
    0x7b, 0x7d, 0x83, 0x84, 0x83, 0x86, 0x88, 0x85, 0x82, 0x83, 0x83, 0x86,
    0x8e, 0x95, 0x9a, 0x9e, 0x99, 0x93, 0x8c, 0x8d, 0x8b, 0x88, 0x83, 0x7f,
    0x7e, 0x7a, 0x76, 0x72, 0x6e, 0x68, 0x66, 0x64, 0x65, 0x67, 0x6c, 0x6f,
    0x75, 0x7c, 0x82, 0x86, 0x88, 0x88, 0x85, 0x85, 0x86, 0x87, 0x87, 0x84,
    0x84, 0x84, 0x85, 0x86, 0x86, 0x89, 0x88, 0x88, 0x87, 0x89, 0x8a, 0x8a,
    0x8e, 0x8b, 0x89, 0x86, 0x83, 0x7f, 0x78, 0x72, 0x6d, 0x6b, 0x67, 0x66,
    0x69, 0x6a, 0x6f, 0x73, 0x7a, 0x7f, 0x82, 0x85, 0x87, 0x86, 0x85, 0x84,
    0x82, 0x82, 0x83, 0x84, 0x83, 0x84, 0x84, 0x88, 0x8d, 0x91, 0x91, 0x8e,
    0x8e, 0x8c, 0x8d, 0x8c, 0x88, 0x85, 0x81, 0x7f, 0x7d, 0x79, 0x72, 0x6d,
    0x6a, 0x68, 0x66, 0x68, 0x6a, 0x6d, 0x71, 0x75, 0x78, 0x7d, 0x80, 0x80,
    0x83, 0x82, 0x83, 0x85, 0x86, 0x87, 0x89, 0x89, 0x89, 0x8d, 0x8d, 0x91,
    0x91, 0x90, 0x90, 0x8e, 0x8f, 0x8d, 0x8c, 0x89, 0x84, 0x81, 0x7e, 0x79,
    0x75, 0x70, 0x69, 0x65, 0x62, 0x63, 0x65, 0x68, 0x6f, 0x73, 0x77, 0x7d,
    0x82, 0x85, 0x87, 0x85, 0x85, 0x83, 0x86, 0x89, 0x89, 0x88, 0x88, 0x8a,
    0x8b, 0x8d, 0x8e, 0x8e, 0x8f, 0x8f, 0x8c, 0x8e, 0x8b, 0x8a, 0x87, 0x84,
    0x81, 0x7e, 0x79, 0x71, 0x6d, 0x68, 0x65, 0x64, 0x65, 0x67, 0x6b, 0x6e,
    0x72, 0x77, 0x7b, 0x7f, 0x83, 0x84, 0x85, 0x87, 0x88, 0x8c, 0x8a, 0x8a,
    0x8a, 0x88, 0x89, 0x8c, 0x8c, 0x8f, 0x91, 0x8e, 0x8d, 0x8b, 0x89, 0x88,
    0x87, 0x85, 0x81, 0x7e, 0x7b, 0x77, 0x75, 0x71, 0x6d, 0x6b, 0x6a, 0x69,
    0x69, 0x6d, 0x70, 0x74, 0x76, 0x78, 0x7c, 0x7f, 0x82, 0x86, 0x86, 0x86,
    0x8a, 0x8a, 0x8c, 0x8c, 0x8c, 0x89, 0x89, 0x8c, 0x8a, 0x8b, 0x8a, 0x8a,
    0x88, 0x86, 0x85, 0x84, 0x81, 0x80, 0x81, 0x7f, 0x7c, 0x79, 0x75, 0x72,
    0x6e, 0x6d, 0x6d, 0x6b, 0x6f, 0x71, 0x74, 0x77, 0x79, 0x7d, 0x7f, 0x81,
    0x85, 0x88, 0x89, 0x88, 0x8a, 0x8a, 0x8a, 0x8b, 0x89, 0x8b, 0x89, 0x89,
    0x88, 0x88, 0x85, 0x83, 0x83, 0x82, 0x83, 0x84, 0x82, 0x81, 0x7f, 0x7d,
    0x7d, 0x79, 0x75, 0x71, 0x6d, 0x6b, 0x6b, 0x6c, 0x6c, 0x6f, 0x72, 0x78,
    0x7f, 0x80, 0x84, 0x89, 0x88, 0x8a, 0x8c, 0x8c, 0x8a, 0x8a, 0x8a, 0x8a,
    0x8a, 0x88, 0x87, 0x87, 0x85, 0x85, 0x86, 0x84, 0x84, 0x84, 0x84, 0x82,
    0x80, 0x7e, 0x7d, 0x7b, 0x78, 0x76, 0x73, 0x71, 0x70, 0x70, 0x6f, 0x72,
    0x74, 0x77, 0x7a, 0x7c, 0x7f, 0x81, 0x81, 0x84, 0x85, 0x85, 0x88, 0x89,
    0x89, 0x88, 0x88, 0x88, 0x89, 0x89, 0x87, 0x84, 0x85, 0x84, 0x84, 0x84,
    0x82, 0x80, 0x7e, 0x7e, 0x7e, 0x7e, 0x7c, 0x7c, 0x7a, 0x79, 0x77, 0x77,
    0x76, 0x76, 0x77, 0x75, 0x78, 0x79, 0x7a, 0x7b, 0x7e, 0x7f, 0x7f, 0x81,
    0x80, 0x82, 0x82, 0x84, 0x85, 0x85, 0x84, 0x85, 0x88, 0x89, 0x89, 0x86,
    0x88, 0x86, 0x84, 0x85, 0x83, 0x83, 0x81, 0x7d, 0x7c, 0x7b, 0x79, 0x79,
    0x79, 0x7b, 0x7b, 0x7b, 0x7c, 0x7b, 0x7b, 0x7b, 0x7c, 0x7c, 0x7e, 0x7d,
    0x7e, 0x80, 0x81, 0x80, 0x82, 0x84, 0x82, 0x83, 0x82, 0x83, 0x83, 0x83,
    0x83, 0x83, 0x83, 0x82, 0x81, 0x81, 0x81, 0x7f, 0x80, 0x7f, 0x7f, 0x7e,
    0x7e, 0x7f, 0x7c, 0x7c, 0x7c, 0x7a, 0x7b, 0x7c, 0x7b, 0x7c, 0x7e, 0x7e,
    0x7d, 0x7d, 0x7f, 0x81, 0x82, 0x83, 0x81, 0x81, 0x83, 0x83, 0x82, 0x82,
    0x83, 0x80, 0x81, 0x82, 0x83, 0x83, 0x82, 0x82, 0x82, 0x80, 0x80, 0x7e,
    0x7d, 0x7e, 0x7d, 0x7e, 0x7e, 0x7c, 0x7d, 0x7e, 0x7d, 0x7d, 0x7e, 0x7e,
    0x7d, 0x80, 0x7e, 0x80, 0x80, 0x7e, 0x80, 0x7f, 0x7f, 0x7f, 0x80, 0x7f,
    0x81, 0x80, 0x81, 0x82, 0x7f, 0x7f, 0x7f, 0x7e, 0x80, 0x81, 0x81, 0x80,
    0x80, 0x81, 0x81, 0x83, 0x83, 0x82, 0x82, 0x81, 0x7f, 0x7f, 0x7f, 0x7d,
    0x7d, 0x7f, 0x7d, 0x7e, 0x7d, 0x7c, 0x7e, 0x7f, 0x7f, 0x80, 0x80, 0x80,
    0x7f, 0x7e, 0x80, 0x7e, 0x80, 0x7f, 0x7e, 0x7f, 0x80, 0x80, 0x80, 0x82,
    0x81, 0x80, 0x7f, 0x7f, 0x80, 0x81, 0x80, 0x82, 0x81, 0x80, 0x81, 0x80,
    0x7f, 0x7f, 0x7f, 0x7d, 0x7c, 0x7c, 0x7c, 0x7d, 0x7d, 0x7e, 0x7d, 0x7e,
    0x7e, 0x7f, 0x81, 0x80, 0x81, 0x81, 0x80, 0x82, 0x82, 0x83, 0x85, 0x84,
    0x83, 0x82, 0x81, 0x7f, 0x7f, 0x7f, 0x7e, 0x80, 0x81, 0x81, 0x80, 0x80,
    0x7f, 0x80, 0x80, 0x7d, 0x7d, 0x7c, 0x7c, 0x7f, 0x7e, 0x7e, 0x81, 0x81,
    0x81, 0x80, 0x7f, 0x7e, 0x7e, 0x7e, 0x7e, 0x7d, 0x7a, 0x7c, 0x7c, 0x7c,
    0x7f, 0x80, 0x84, 0x83, 0x82, 0x85, 0x82, 0x82, 0x82, 0x80, 0x81, 0x80,
    0x80, 0x81, 0x81, 0x81, 0x81, 0x7f, 0x80, 0x7e, 0x7e, 0x7d, 0x7d, 0x7d,
    0x7e, 0x7c, 0x7d, 0x7e, 0x7d, 0x7e, 0x7f, 0x80, 0x81, 0x7f, 0x7f, 0x81,
    0x80, 0x80, 0x80, 0x82, 0x83, 0x81, 0x82, 0x81, 0x7f, 0x80, 0x7f, 0x7f,
    0x7e, 0x7e, 0x7d, 0x7d, 0x80, 0x80, 0x7f, 0x81, 0x80, 0x80, 0x82, 0x80,
    0x83, 0x81, 0x7f, 0x80, 0x7f, 0x7f, 0x80, 0x7e, 0x80, 0x7f, 0x7f, 0x7f,
    0x7e, 0x7f, 0x7d, 0x7f, 0x7d, 0x7f, 0x80, 0x7e, 0x81, 0x80, 0x81, 0x82,
    0x80, 0x82, 0x80, 0x7f, 0x7c, 0x7e, 0x76, 0x7f, 0x80, 0x78, 0x85, 0x7d,
    0x8b, 0x83, 0x80, 0x87, 0x7f, 0x82, 0x82, 0x7e, 0x79, 0x73, 0x75, 0x7c,
    0x79, 0x7e, 0x83, 0x83, 0x86, 0x86, 0x89, 0x8b, 0x83, 0x83, 0x82, 0x7e,
    0x7e, 0x7b, 0x7b, 0x7d, 0x79, 0x7e, 0x83, 0x7e, 0x82, 0x85, 0x83, 0x85,
    0x7f, 0x7d, 0x7d, 0x74, 0x77, 0x7a, 0x78, 0x81, 0x83, 0x82, 0x89, 0x84,
    0x87, 0x87, 0x7d, 0x7f, 0x79, 0x6f, 0x73, 0x73, 0x75, 0x80, 0x87, 0x8e,
    0x95, 0x95, 0x99, 0x95, 0x8f, 0x89, 0x7d, 0x76, 0x6c, 0x67, 0x68, 0x67,
    0x6c, 0x73, 0x77, 0x83, 0x88, 0x8b, 0x90, 0x8b, 0x89, 0x89, 0x84, 0x7f,
    0x7e, 0x77, 0x78, 0x7c, 0x76, 0x74, 0x74, 0x6f, 0x7a, 0x85, 0x82, 0x90,
    0x96, 0x93, 0x9c, 0x97, 0x91, 0x90, 0x7d, 0x77, 0x6d, 0x5f, 0x64, 0x64,
    0x66, 0x73, 0x7a, 0x85, 0x8f, 0x8d, 0x91, 0x8e, 0x85, 0x82, 0x79, 0x72,
    0x75, 0x78, 0x7e, 0x85, 0x8a, 0x8c, 0x94, 0x89, 0x77, 0x75, 0x6b, 0x6d,
    0x78, 0x7b, 0x88, 0x94, 0x96, 0xa0, 0x9c, 0x96, 0x94, 0x81, 0x75, 0x6b,
    0x5b, 0x5d, 0x5c, 0x61, 0x72, 0x7c, 0x87, 0x8f, 0x8f, 0x8e, 0x89, 0x80,
    0x79, 0x73, 0x6e, 0x70, 0x77, 0x82, 0x8c, 0x96, 0x98, 0x9a, 0x97, 0x81,
    0x73, 0x6a, 0x5e, 0x68, 0x72, 0x7d, 0x91, 0x9b, 0xa2, 0xa8, 0xa3, 0x9f,
    0x93, 0x79, 0x6b, 0x58, 0x4f, 0x54, 0x57, 0x65, 0x78, 0x86, 0x93, 0x9a,
    0x97, 0x96, 0x88, 0x7b, 0x73, 0x67, 0x67, 0x6b, 0x72, 0x82, 0x8e, 0x99,
    0xa0, 0xa0, 0x99, 0x94, 0x78, 0x60, 0x61, 0x59, 0x61, 0x78, 0x86, 0x96,
    0xa2, 0xa5, 0xab, 0xa4, 0x93, 0x85, 0x6f, 0x58, 0x53, 0x4e, 0x53, 0x63,
    0x73, 0x88, 0x97, 0x9c, 0xa0, 0x98, 0x8a, 0x7f, 0x71, 0x6a, 0x65, 0x67,
    0x73, 0x80, 0x8f, 0x9b, 0xa2, 0xa4, 0x9d, 0x98, 0x87, 0x64, 0x55, 0x52,
    0x53, 0x65, 0x7d, 0x90, 0xa1, 0xa7, 0xae, 0xb2, 0x9f, 0x8b, 0x76, 0x5d,
    0x51, 0x4b, 0x4e, 0x5d, 0x68, 0x7e, 0x95, 0x9b, 0xa4, 0xa2, 0x93, 0x86,
    0x76, 0x6c, 0x65, 0x63, 0x6c, 0x78, 0x85, 0x93, 0x9b, 0xa3, 0xa1, 0x97,
    0x91, 0x73, 0x57, 0x56, 0x53, 0x5d, 0x76, 0x88, 0x9c, 0xa9, 0xa9, 0xaf,
    0xa8, 0x91, 0x81, 0x66, 0x54, 0x50, 0x4d, 0x57, 0x67, 0x79, 0x90, 0x9d,
    0xa0, 0xa1, 0x97, 0x86, 0x77, 0x6a, 0x61, 0x5e, 0x65, 0x74, 0x85, 0x93,
    0x9d, 0xa7, 0xa2, 0x99, 0x96, 0x7e, 0x5a, 0x56, 0x57, 0x58, 0x73, 0x84,
    0x93, 0xa7, 0xaa, 0xb1, 0xae, 0x93, 0x84, 0x6d, 0x54, 0x51, 0x4b, 0x50,
    0x65, 0x76, 0x8a, 0x9b, 0x9d, 0xa1, 0x9a, 0x87, 0x7d, 0x73, 0x65, 0x64,
    0x69, 0x74, 0x83, 0x8f, 0x99, 0xa1, 0xa0, 0x96, 0x90, 0x72, 0x59, 0x5e,
    0x57, 0x62, 0x7f, 0x8c, 0x9b, 0xa7, 0xa8, 0xae, 0xa0, 0x8c, 0x80, 0x62,
    0x53, 0x53, 0x4d, 0x59, 0x6c, 0x79, 0x8f, 0x97, 0x9f, 0xa2, 0x94, 0x8a,
    0x7d, 0x6c, 0x65, 0x62, 0x67, 0x74, 0x7e, 0x8e, 0x97, 0x9d, 0xa2, 0x9d,
    0x97, 0x83, 0x64, 0x62, 0x60, 0x5a, 0x71, 0x7e, 0x84, 0x98, 0x9e, 0xa0,
    0xaa, 0x9b, 0x90, 0x83, 0x68, 0x62, 0x5c, 0x4f, 0x5a, 0x64, 0x6d, 0x83,
    0x8e, 0x98, 0xa0, 0x97, 0x95, 0x8e, 0x7d, 0x75, 0x6c, 0x69, 0x6d, 0x72,
    0x7d, 0x88, 0x8d, 0x97, 0x9b, 0x96, 0x86, 0x75, 0x6a, 0x62, 0x65, 0x6b,
    0x77, 0x85, 0x8f, 0x97, 0x9d, 0xa0, 0xa0, 0x9d, 0x8b, 0x7e, 0x6f, 0x61,
    0x5c, 0x57, 0x5d, 0x69, 0x72, 0x81, 0x90, 0x92, 0x98, 0x97, 0x8f, 0x8a,
    0x7e, 0x73, 0x73, 0x6f, 0x72, 0x7a, 0x7f, 0x8c, 0x8f, 0x94, 0x97, 0x80,
    0x79, 0x76, 0x64, 0x72, 0x75, 0x73, 0x85, 0x8a, 0x8e, 0x9a, 0x96, 0x96,
    0x97, 0x83, 0x80, 0x75, 0x62, 0x65, 0x61, 0x5d, 0x6a, 0x70, 0x79, 0x89,
    0x8b, 0x93, 0x98, 0x91, 0x91, 0x88, 0x7d, 0x7e, 0x75, 0x72, 0x78, 0x77,
    0x80, 0x86, 0x86, 0x93, 0x8b, 0x7b, 0x84, 0x75, 0x6e, 0x7f, 0x78, 0x7d,
    0x8b, 0x87, 0x8e, 0x92, 0x8b, 0x92, 0x8d, 0x82, 0x80, 0x71, 0x69, 0x6a,
    0x62, 0x63, 0x6b, 0x6e, 0x79, 0x83, 0x85, 0x8c, 0x8d, 0x8e, 0x8d, 0x88,
    0x86, 0x7f, 0x7f, 0x7f, 0x7b, 0x7f, 0x81, 0x80, 0x89, 0x81, 0x7a, 0x82,
    0x76, 0x78, 0x83, 0x7a, 0x85, 0x8c, 0x84, 0x91, 0x90, 0x89, 0x93, 0x87,
    0x81, 0x83, 0x72, 0x71, 0x6f, 0x64, 0x69, 0x6a, 0x6a, 0x75, 0x7a, 0x80,
    0x89, 0x8a, 0x8d, 0x8e, 0x89, 0x88, 0x84, 0x83, 0x82, 0x80, 0x83, 0x7f,
    0x80, 0x83, 0x7c, 0x7d, 0x7d, 0x74, 0x7a, 0x7f, 0x7d, 0x85, 0x89, 0x89,
    0x8e, 0x8e, 0x8d, 0x8d, 0x86, 0x84, 0x7e, 0x73, 0x6f, 0x6c, 0x6a, 0x6c,
    0x6d, 0x70, 0x77, 0x7b, 0x82, 0x88, 0x89, 0x89, 0x88, 0x87, 0x84, 0x80,
    0x7c, 0x7b, 0x7e, 0x7f, 0x84, 0x86, 0x85, 0x87, 0x88, 0x86, 0x86, 0x83,
    0x83, 0x83, 0x81, 0x80, 0x80, 0x7c, 0x7b, 0x7b, 0x78, 0x7a, 0x78, 0x77,
    0x7a, 0x7c, 0x7d, 0x83, 0x81, 0x81, 0x84, 0x82, 0x80, 0x7f, 0x7c, 0x7b,
    0x7d, 0x7d, 0x7e, 0x80, 0x83, 0x86, 0x86, 0x85, 0x86, 0x84, 0x82, 0x7f,
    0x80, 0x7e, 0x7e, 0x7d, 0x7d, 0x80, 0x7e, 0x81, 0x7f, 0x7e, 0x7d, 0x7c,
    0x79, 0x79, 0x7b, 0x7e, 0x7f, 0x81, 0x83, 0x83, 0x87, 0x87, 0x84, 0x82,
    0x81, 0x7f, 0x7e, 0x7d, 0x7d, 0x7c, 0x7c, 0x7c, 0x7f, 0x7f, 0x7d, 0x7f,
    0x7f, 0x7d, 0x7f, 0x7f, 0x80, 0x81, 0x7f, 0x80, 0x81, 0x81, 0x81, 0x83,
    0x84, 0x81, 0x81, 0x7f, 0x7d, 0x7d, 0x7e, 0x80, 0x7f, 0x81, 0x83, 0x83,
    0x85, 0x85, 0x87, 0x83, 0x82, 0x81, 0x7c, 0x78, 0x79, 0x77, 0x78, 0x7a,
    0x7a, 0x7c, 0x7d, 0x7e, 0x80, 0x80, 0x7d, 0x80, 0x7e, 0x7f, 0x80, 0x81,
    0x81, 0x84, 0x84, 0x84, 0x84, 0x80, 0x82, 0x81, 0x81, 0x81, 0x80, 0x80,
    0x81, 0x7f, 0x80, 0x82, 0x7f, 0x81, 0x80, 0x80, 0x80, 0x7e, 0x7d, 0x7d,
    0x79, 0x7c, 0x7b, 0x7a, 0x7f, 0x7e, 0x7f, 0x80, 0x7f, 0x7f, 0x80, 0x7f,
    0x7f, 0x80, 0x7f, 0x81, 0x80, 0x80, 0x82, 0x81, 0x81, 0x81, 0x83, 0x83,
    0x81, 0x81, 0x7f, 0x80, 0x7f, 0x81, 0x82, 0x82, 0x81, 0x82, 0x81, 0x81,
    0x7f, 0x7e, 0x7f, 0x7d, 0x7b, 0x7d, 0x7c, 0x7b, 0x7e, 0x7d, 0x7f, 0x7f,
    0x80, 0x81, 0x80, 0x80, 0x80, 0x7f, 0x7e, 0x7e, 0x80, 0x81, 0x81, 0x80,
    0x7f, 0x7f, 0x7d, 0x7e, 0x7f, 0x7f, 0x7f, 0x82, 0x81, 0x83, 0x85, 0x84,
    0x86, 0x84, 0x82, 0x82, 0x80, 0x7d, 0x7d, 0x7a, 0x7b, 0x7b, 0x79, 0x7a,
    0x7a, 0x7c, 0x7d, 0x7e, 0x80, 0x7f, 0x81, 0x81, 0x81, 0x82, 0x82, 0x82,
    0x80, 0x7f, 0x82, 0x82, 0x81, 0x82, 0x81, 0x82, 0x82, 0x80, 0x7f, 0x80,
    0x7f, 0x7e, 0x7e, 0x80, 0x80, 0x80, 0x80, 0x7f, 0x80, 0x7f, 0x7f, 0x7e,
    0x7f, 0x7e, 0x7d, 0x7f, 0x7f, 0x7f, 0x80, 0x81, 0x7f, 0x80, 0x80, 0x7f,
    0x7e, 0x7e, 0x7e, 0x7f, 0x80, 0x7e, 0x7f, 0x7d, 0x7d, 0x7e, 0x7c, 0x7e,
    0x7d, 0x7e, 0x80, 0x82, 0x82, 0x84, 0x83, 0x84, 0x85, 0x82, 0x82, 0x81,
    0x80, 0x7f, 0x7e, 0x7e, 0x7f, 0x7e, 0x7f, 0x7f, 0x7f, 0x80, 0x80, 0x7f,
    0x80, 0x7f, 0x7f, 0x7e, 0x7e, 0x7e, 0x7d, 0x7e, 0x7c, 0x80, 0x80, 0x7f,
    0x80, 0x7e, 0x80, 0x80, 0x80, 0x81, 0x83, 0x82, 0x80, 0x80, 0x80, 0x80,
    0x80, 0x7f, 0x80, 0x80, 0x81, 0x80, 0x7f, 0x7f, 0x7e, 0x80, 0x81, 0x80,
    0x81, 0x7f, 0x7f, 0x7d, 0x7d, 0x7e, 0x7b, 0x7c, 0x7b, 0x7d, 0x7f, 0x80,
    0x7f, 0x7f, 0x81, 0x82, 0x82, 0x81, 0x81, 0x81, 0x7f, 0x7f, 0x80, 0x7e,
    0x80, 0x80, 0x7f, 0x80, 0x81, 0x81, 0x81, 0x82, 0x80, 0x80, 0x80, 0x82,
    0x82, 0x82, 0x83, 0x81, 0x81, 0x7f, 0x7f, 0x7f, 0x7e, 0x7e, 0x7d, 0x7e,
    0x7e, 0x7d, 0x7e, 0x7e, 0x7d, 0x7e, 0x7e, 0x7d, 0x7e, 0x7e, 0x80, 0x7e,
    0x7f, 0x81, 0x80, 0x80, 0x80, 0x7f, 0x81, 0x81, 0x80, 0x83, 0x80, 0x80,
    0x81, 0x7e, 0x80, 0x80, 0x7e, 0x7e, 0x80, 0x80, 0x82, 0x81, 0x80, 0x83,
    0x82, 0x82, 0x7f, 0x7e, 0x7f, 0x80, 0x7f, 0x7e, 0x7f, 0x7e, 0x7e, 0x7e,
    0x7d, 0x7f, 0x7f, 0x7f, 0x7e, 0x7e, 0x80, 0x7f, 0x7f, 0x81, 0x81, 0x80,
    0x80, 0x81, 0x81, 0x80, 0x80, 0x7f, 0x80, 0x7f, 0x7f, 0x81, 0x7f, 0x80,
    0x80, 0x80, 0x7f, 0x7d, 0x7e, 0x7f, 0x80, 0x7f, 0x7e, 0x81, 0x80, 0x7f,
    0x7f, 0x7f, 0x80, 0x7f, 0x81, 0x80, 0x80, 0x80, 0x81, 0x80, 0x81, 0x81,
    0x81, 0x81, 0x81, 0x81, 0x81, 0x81, 0x7f, 0x7f, 0x7e, 0x7d, 0x7d, 0x7d,
    0x7c, 0x7e, 0x7d, 0x7e, 0x7f, 0x7f, 0x7f, 0x80, 0x80, 0x80, 0x80, 0x7f,
    0x7f, 0x7e, 0x7e, 0x7f, 0x7f, 0x7e, 0x80, 0x7f, 0x83, 0x81, 0x80, 0x83,
    0x81, 0x80, 0x7c, 0x82, 0x85, 0x80, 0x81, 0x7a, 0x83, 0x81, 0x81, 0x8a,
    0x7d, 0x7f, 0x80, 0x7d, 0x7e, 0x80, 0x7c, 0x7c, 0x7d, 0x7e, 0x7d, 0x7f,
    0x82, 0x7f, 0x83, 0x82, 0x81, 0x80, 0x7b, 0x7e, 0x80, 0x7d, 0x81, 0x7f,
    0x7f, 0x81, 0x7f, 0x81, 0x7f, 0x7f, 0x81, 0x7d, 0x81, 0x81, 0x7e, 0x82,
    0x7f, 0x80, 0x82, 0x80, 0x7f, 0x81, 0x7f, 0x7e, 0x7e, 0x7c, 0x7e, 0x7d,
    0x7a, 0x7c, 0x7f, 0x7b, 0x7e, 0x7f, 0x7d, 0x82, 0x81, 0x82, 0x86, 0x85,
    0x86, 0x89, 0x85, 0x85, 0x84, 0x81, 0x81, 0x7f, 0x7e, 0x7c, 0x7b, 0x7c,
    0x78, 0x79, 0x79, 0x79, 0x7b, 0x7c, 0x7e, 0x7f, 0x80, 0x7e, 0x7e, 0x7f,
    0x7c, 0x7e, 0x81, 0x81, 0x84, 0x84, 0x84, 0x88, 0x89, 0x89, 0x8b, 0x8a,
    0x89, 0x88, 0x84, 0x82, 0x80, 0x7b, 0x79, 0x78, 0x76, 0x75, 0x75, 0x76,
    0x73, 0x74, 0x76, 0x77, 0x79, 0x7b, 0x7f, 0x80, 0x7f, 0x81, 0x82, 0x81,
    0x83, 0x83, 0x82, 0x85, 0x85, 0x85, 0x89, 0x89, 0x8a, 0x8d, 0x8c, 0x8c,
    0x8b, 0x8a, 0x89, 0x85, 0x7f, 0x7c, 0x78, 0x73, 0x73, 0x70, 0x6d, 0x70,
    0x70, 0x6f, 0x74, 0x77, 0x79, 0x7d, 0x7e, 0x80, 0x82, 0x82, 0x81, 0x83,
    0x83, 0x85, 0x85, 0x83, 0x88, 0x88, 0x87, 0x8c, 0x8d, 0x8f, 0x8e, 0x8c,
    0x8a, 0x86, 0x85, 0x83, 0x80, 0x7b, 0x76, 0x75, 0x6f, 0x6e, 0x6f, 0x6c,
    0x70, 0x71, 0x71, 0x75, 0x78, 0x7a, 0x7e, 0x81, 0x82, 0x85, 0x86, 0x87,
    0x87, 0x84, 0x88, 0x89, 0x86, 0x89, 0x88, 0x88, 0x8d, 0x8d, 0x8f, 0x8f,
    0x8e, 0x8b, 0x88, 0x83, 0x80, 0x7e, 0x79, 0x76, 0x71, 0x6d, 0x6c, 0x6b,
    0x69, 0x6a, 0x6c, 0x6d, 0x70, 0x74, 0x76, 0x7c, 0x7d, 0x81, 0x87, 0x85,
    0x89, 0x89, 0x89, 0x8d, 0x8d, 0x8c, 0x90, 0x8f, 0x90, 0x91, 0x91, 0x90,
    0x8d, 0x8b, 0x89, 0x87, 0x83, 0x80, 0x7a, 0x74, 0x70, 0x6f, 0x6a, 0x69,
    0x6a, 0x68, 0x6b, 0x6b, 0x70, 0x72, 0x74, 0x7b, 0x7f, 0x80, 0x84, 0x85,
    0x86, 0x88, 0x88, 0x8c, 0x8a, 0x8a, 0x8e, 0x8d, 0x90, 0x93, 0x92, 0x91,
    0x90, 0x8e, 0x8b, 0x8a, 0x84, 0x81, 0x7c, 0x74, 0x72, 0x6f, 0x6b, 0x6b,
    0x69, 0x68, 0x6c, 0x6c, 0x70, 0x73, 0x75, 0x7a, 0x7d, 0x7f, 0x81, 0x83,
    0x86, 0x85, 0x87, 0x8a, 0x8b, 0x8d, 0x8e, 0x8f, 0x91, 0x93, 0x94, 0x94,
    0x90, 0x8d, 0x8c, 0x89, 0x83, 0x81, 0x7b, 0x74, 0x71, 0x6a, 0x69, 0x68,
    0x66, 0x66, 0x68, 0x6b, 0x6d, 0x73, 0x77, 0x7b, 0x7e, 0x82, 0x84, 0x85,
    0x89, 0x87, 0x8b, 0x8c, 0x8b, 0x8f, 0x8e, 0x90, 0x94, 0x93, 0x93, 0x92,
    0x90, 0x8c, 0x8b, 0x88, 0x81, 0x7f, 0x79, 0x74, 0x71, 0x6d, 0x6c, 0x6a,
    0x68, 0x69, 0x68, 0x6c, 0x6f, 0x71, 0x74, 0x7a, 0x7d, 0x81, 0x83, 0x82,
    0x87, 0x85, 0x87, 0x8a, 0x89, 0x8e, 0x8f, 0x8f, 0x92, 0x93, 0x93, 0x93,
    0x91, 0x8d, 0x8b, 0x86, 0x84, 0x81, 0x7a, 0x76, 0x74, 0x6f, 0x6c, 0x69,
    0x67, 0x67, 0x67, 0x6a, 0x6c, 0x6e, 0x74, 0x78, 0x7b, 0x81, 0x83, 0x84,
    0x88, 0x87, 0x89, 0x8d, 0x8b, 0x90, 0x92, 0x91, 0x95, 0x96, 0x93, 0x93,
    0x90, 0x8c, 0x8c, 0x84, 0x81, 0x7f, 0x78, 0x74, 0x70, 0x6b, 0x6a, 0x66,
    0x68, 0x6a, 0x68, 0x6d, 0x6f, 0x71, 0x78, 0x7a, 0x7c, 0x81, 0x80, 0x86,
    0x87, 0x86, 0x8d, 0x89, 0x8c, 0x92, 0x8e, 0x92, 0x95, 0x93, 0x95, 0x93,
    0x8f, 0x8e, 0x89, 0x85, 0x83, 0x7f, 0x79, 0x75, 0x70, 0x6d, 0x6b, 0x67,
    0x67, 0x67, 0x67, 0x6b, 0x6d, 0x72, 0x77, 0x7a, 0x7e, 0x7e, 0x84, 0x85,
    0x85, 0x8b, 0x89, 0x8d, 0x91, 0x8f, 0x94, 0x97, 0x95, 0x95, 0x93, 0x8f,
    0x8e, 0x89, 0x86, 0x83, 0x7c, 0x76, 0x71, 0x6d, 0x6a, 0x68, 0x67, 0x67,
    0x69, 0x6c, 0x6f, 0x70, 0x74, 0x77, 0x7a, 0x7e, 0x7e, 0x84, 0x82, 0x88,
    0x8c, 0x88, 0x91, 0x93, 0x95, 0x9b, 0x99, 0x9a, 0x99, 0x94, 0x91, 0x8d,
    0x89, 0x85, 0x7f, 0x78, 0x72, 0x6d, 0x6c, 0x69, 0x67, 0x66, 0x67, 0x67,
    0x67, 0x6b, 0x6e, 0x74, 0x77, 0x7c, 0x7d, 0x81, 0x82, 0x82, 0x87, 0x87,
    0x8c, 0x8f, 0x91, 0x96, 0x98, 0x97, 0x98, 0x96, 0x93, 0x91, 0x8e, 0x89,
    0x83, 0x7d, 0x79, 0x73, 0x70, 0x6c, 0x68, 0x69, 0x68, 0x68, 0x6d, 0x6f,
    0x70, 0x76, 0x77, 0x7a, 0x7d, 0x7d, 0x81, 0x80, 0x85, 0x88, 0x87, 0x8e,
    0x8e, 0x8f, 0x96, 0x93, 0x95, 0x96, 0x93, 0x90, 0x8d, 0x89, 0x83, 0x80,
    0x7d, 0x76, 0x72, 0x70, 0x6c, 0x6b, 0x6b, 0x6d, 0x6d, 0x70, 0x72, 0x73,
    0x77, 0x79, 0x7c, 0x7d, 0x7e, 0x80, 0x82, 0x82, 0x88, 0x87, 0x88, 0x8d,
    0x8e, 0x90, 0x92, 0x91, 0x90, 0x90, 0x8d, 0x8b, 0x87, 0x86, 0x82, 0x7b,
    0x79, 0x75, 0x70, 0x70, 0x6f, 0x6d, 0x6c, 0x6d, 0x70, 0x74, 0x75, 0x79,
    0x7c, 0x7b, 0x7e, 0x7e, 0x7f, 0x83, 0x84, 0x85, 0x87, 0x88, 0x8b, 0x8c,
    0x8d, 0x8e, 0x8f, 0x90, 0x8f, 0x8f, 0x8d, 0x8b, 0x8a, 0x86, 0x81, 0x7d,
    0x7a, 0x76, 0x71, 0x70, 0x6e, 0x6e, 0x6e, 0x6e, 0x70, 0x71, 0x74, 0x74,
    0x76, 0x7b, 0x7c, 0x7d, 0x7e, 0x7f, 0x84, 0x83, 0x85, 0x89, 0x89, 0x8c,
    0x8d, 0x8b, 0x8e, 0x92, 0x8f, 0x90, 0x8e, 0x8c, 0x88, 0x84, 0x82, 0x7e,
    0x7c, 0x77, 0x73, 0x72, 0x70, 0x70, 0x6e, 0x70, 0x73, 0x70, 0x73, 0x75,
    0x76, 0x79, 0x7d, 0x7e, 0x7f, 0x81, 0x83, 0x88, 0x85, 0x87, 0x8b, 0x8b,
    0x8b, 0x8c, 0x8e, 0x8d, 0x8d, 0x8c, 0x8c, 0x89, 0x87, 0x85, 0x81, 0x7d,
    0x7b, 0x7a, 0x77, 0x75, 0x72, 0x72, 0x71, 0x73, 0x73, 0x74, 0x74, 0x76,
    0x7a, 0x7b, 0x7b, 0x7b, 0x7f, 0x81, 0x81, 0x84, 0x85, 0x87, 0x86, 0x88,
    0x8a, 0x88, 0x8a, 0x89, 0x8a, 0x89, 0x88, 0x87, 0x85, 0x84, 0x82, 0x80,
    0x7f, 0x7d, 0x7b, 0x7c, 0x7a, 0x78, 0x77, 0x76, 0x76, 0x76, 0x77, 0x78,
    0x78, 0x79, 0x7a, 0x7d, 0x7e, 0x7d, 0x7f, 0x81, 0x81, 0x83, 0x85, 0x85,
    0x86, 0x86, 0x87, 0x87, 0x88, 0x87, 0x89, 0x87, 0x86, 0x85, 0x83, 0x80,
    0x7f, 0x7e, 0x7c, 0x7d, 0x7c, 0x7d, 0x7a, 0x78, 0x78, 0x79, 0x77, 0x75,
    0x78, 0x7a, 0x79, 0x7b, 0x7b, 0x7e, 0x80, 0x7f, 0x80, 0x82, 0x82, 0x85,
    0x85, 0x85, 0x87, 0x85, 0x87, 0x85, 0x85, 0x85, 0x86, 0x86, 0x86, 0x84,
    0x81, 0x82, 0x81, 0x7e, 0x7d, 0x7d, 0x7a, 0x7a, 0x78, 0x79, 0x7a, 0x78,
    0x78, 0x79, 0x79, 0x7b, 0x7c, 0x7c, 0x7e, 0x7e, 0x7f, 0x80, 0x81, 0x82,
    0x84, 0x85, 0x82, 0x83, 0x85, 0x84, 0x83, 0x84, 0x83, 0x84, 0x83, 0x81,
    0x82, 0x81, 0x80, 0x80, 0x7f, 0x7f, 0x7e, 0x7b, 0x7b, 0x7c, 0x7c, 0x7c,
    0x7b, 0x7b, 0x7c, 0x7d, 0x7e, 0x7d, 0x7e, 0x7f, 0x80, 0x82, 0x81, 0x81,
    0x81, 0x82, 0x83, 0x7f, 0x80, 0x80, 0x81, 0x84, 0x81, 0x83, 0x84, 0x82,
    0x82, 0x82, 0x82, 0x81, 0x81, 0x81, 0x7f, 0x7d, 0x7e, 0x7d, 0x7d, 0x7e,
    0x7e, 0x7e, 0x7d, 0x7d, 0x7c, 0x7b, 0x7b, 0x7d, 0x7d, 0x7d, 0x7e, 0x7e,
    0x7f, 0x81, 0x81, 0x80, 0x83, 0x82, 0x82, 0x83, 0x81, 0x81, 0x82, 0x81,
    0x81, 0x80, 0x81, 0x82, 0x82, 0x81, 0x81, 0x81, 0x7e, 0x7e, 0x80, 0x7e,
    0x7e, 0x7d, 0x7c, 0x7c, 0x7d, 0x7e, 0x7c, 0x7e, 0x7d, 0x7e, 0x80, 0x7f,
    0x80, 0x80, 0x82, 0x83, 0x84, 0x82, 0x81, 0x81, 0x81, 0x80, 0x82, 0x81,
    0x80, 0x7f, 0x7f, 0x80, 0x82, 0x80, 0x7f, 0x80, 0x7e, 0x7f, 0x7e, 0x7e,
    0x7f, 0x7e, 0x7f, 0x7d, 0x7f, 0x80, 0x7f, 0x7f, 0x7e, 0x7f, 0x7e, 0x81,
    0x80, 0x81, 0x80, 0x7f, 0x80, 0x7f, 0x80, 0x81, 0x81, 0x81, 0x80, 0x80,
    0x80, 0x7e, 0x7f, 0x7f, 0x7e, 0x7d, 0x7d, 0x7f, 0x7c, 0x7e, 0x7d, 0x7d,
    0x7f, 0x7f, 0x7f, 0x80, 0x81, 0x82, 0x82, 0x81, 0x82, 0x82, 0x82, 0x83,
    0x82, 0x82, 0x81, 0x81, 0x7f, 0x80, 0x80, 0x7e, 0x7f, 0x7e, 0x7e, 0x7e,
    0x7e, 0x7c, 0x7c, 0x7c, 0x7d, 0x7d, 0x7f, 0x80, 0x7e, 0x80, 0x80, 0x80,
    0x81, 0x81, 0x81, 0x81, 0x80, 0x81, 0x82, 0x82, 0x80, 0x81, 0x80, 0x80,
    0x80, 0x7e, 0x80, 0x80, 0x7e, 0x81, 0x81, 0x7e, 0x7e, 0x7f, 0x7e, 0x7e,
    0x7f, 0x7f, 0x7d, 0x7f, 0x7f, 0x81, 0x81, 0x7e, 0x82, 0x80, 0x7d, 0x80,
    0x80, 0x7f, 0x80, 0x80, 0x80, 0x82, 0x81, 0x80, 0x7f, 0x7f, 0x80, 0x7f,
    0x7e, 0x80, 0x7f, 0x80, 0x80, 0x80, 0x80, 0x7f, 0x80, 0x80, 0x82, 0x81,
    0x80, 0x81, 0x82, 0x80, 0x7e, 0x7f, 0x7f, 0x7e, 0x80, 0x80, 0x7d, 0x7d,
    0x7c, 0x7c, 0x80, 0x7f, 0x7f, 0x7f, 0x7e, 0x80, 0x81, 0x81, 0x81, 0x81,
    0x7f, 0x81, 0x84, 0x82, 0x81, 0x80, 0x7f, 0x7f, 0x7e, 0x7f, 0x80, 0x7e,
    0x7c, 0x7d, 0x7e, 0x7f, 0x7e, 0x7d, 0x7d, 0x7f, 0x81, 0x7e, 0x7e, 0x7e,
    0x7f, 0x80, 0x81, 0x82, 0x81, 0x80, 0x81, 0x81, 0x82, 0x82, 0x80, 0x7f,
    0x83, 0x81, 0x80, 0x81, 0x7e, 0x80, 0x80, 0x7f, 0x7e, 0x7f, 0x7f, 0x7f,
    0x7f, 0x7e, 0x7e, 0x7f, 0x7c, 0x7e, 0x7d, 0x7e, 0x7f, 0x7f, 0x81, 0x7d,
    0x7d, 0x7d, 0x81, 0x84, 0x87, 0x84, 0x83, 0x82, 0x81, 0x82, 0x80, 0x7d,
    0x7b, 0x7c, 0x7d, 0x7e, 0x7f, 0x80, 0x80, 0x81, 0x82, 0x83, 0x7f, 0x7c,
    0x7d, 0x7d, 0x7b, 0x7c, 0x7d, 0x7d, 0x81, 0x81, 0x80, 0x82, 0x83, 0x83,
    0x83, 0x7f, 0x7d, 0x7e, 0x81, 0x81, 0x7e, 0x7f, 0x7f, 0x7d, 0x7d, 0x7f,
    0x80, 0x82, 0x82, 0x80, 0x81, 0x7f, 0x80, 0x82, 0x84, 0x83, 0x81, 0x80,
    0x7e, 0x7c, 0x7e, 0x7f, 0x7e, 0x7e, 0x7b, 0x7f, 0x81, 0x7f, 0x7f, 0x7d,
    0x7e, 0x7e, 0x7c, 0x7f, 0x7c, 0x7e, 0x7e, 0x81, 0x82, 0x7e, 0x7e, 0x7c,
    0x7e, 0x7f, 0x7f, 0x81, 0x86, 0x86, 0x88, 0x88, 0x89, 0x89, 0x86, 0x84,
    0x81, 0x7d, 0x77, 0x75, 0x75, 0x78, 0x7b, 0x7d, 0x7e, 0x7d, 0x7e, 0x82,
    0x85, 0x82, 0x74, 0x71, 0x71, 0x74, 0x7a, 0x7d, 0x87, 0x8b, 0x8e, 0x92,
    0x96, 0x97, 0x92, 0x8c, 0x86, 0x7e, 0x71, 0x68, 0x66, 0x66, 0x69, 0x71,
    0x7a, 0x85, 0x8c, 0x93, 0x95, 0x92, 0x88, 0x7d, 0x77, 0x73, 0x6d, 0x61,
    0x5d, 0x67, 0x77, 0x83, 0x8f, 0x9b, 0xa3, 0xa3, 0xa2, 0xa0, 0x9e, 0x8b,
    0x78, 0x6e, 0x62, 0x5e, 0x5b, 0x63, 0x70, 0x79, 0x82, 0x90, 0x98, 0x9b,
    0x97, 0x8e, 0x83, 0x76, 0x6f, 0x6a, 0x6b, 0x64, 0x5b, 0x63, 0x74, 0x88,
    0x94, 0x9b, 0xa5, 0xa7, 0xa3, 0x9d, 0x96, 0x88, 0x73, 0x64, 0x61, 0x61,
    0x61, 0x64, 0x70, 0x7f, 0x88, 0x91, 0x98, 0x9b, 0x97, 0x8b, 0x81, 0x76,
    0x6b, 0x68, 0x6a, 0x6e, 0x68, 0x60, 0x68, 0x7a, 0x8b, 0x96, 0x9d, 0xa7,
    0xa7, 0x9e, 0x97, 0x92, 0x8b, 0x7a, 0x6f, 0x6c, 0x6c, 0x6b, 0x6f, 0x79,
    0x7f, 0x83, 0x83, 0x85, 0x88, 0x87, 0x83, 0x7e, 0x75, 0x6f, 0x6e, 0x72,
    0x70, 0x67, 0x60, 0x68, 0x7c, 0x8b, 0x96, 0xa2, 0xa7, 0xa4, 0x9c, 0x92,
    0x8e, 0x82, 0x76, 0x74, 0x7b, 0x7c, 0x78, 0x7a, 0x7c, 0x7e, 0x7c, 0x7b,
    0x7e, 0x7c, 0x7a, 0x7c, 0x7c, 0x7a, 0x77, 0x74, 0x77, 0x73, 0x67, 0x5f,
    0x66, 0x78, 0x89, 0x96, 0xa0, 0xa6, 0xa0, 0x93, 0x8e, 0x8c, 0x81, 0x78,
    0x7a, 0x7c, 0x80, 0x80, 0x80, 0x85, 0x81, 0x80, 0x7a, 0x7b, 0x7b, 0x7b,
    0x7f, 0x7a, 0x76, 0x74, 0x75, 0x78, 0x72, 0x64, 0x60, 0x67, 0x78, 0x87,
    0x93, 0xa1, 0xa4, 0x9a, 0x91, 0x8d, 0x8a, 0x81, 0x7b, 0x7e, 0x82, 0x84,
    0x80, 0x80, 0x80, 0x79, 0x79, 0x75, 0x7a, 0x79, 0x79, 0x7f, 0x7c, 0x77,
    0x74, 0x78, 0x7a, 0x76, 0x6b, 0x65, 0x6b, 0x7a, 0x8a, 0x96, 0xa2, 0xa7,
    0x9c, 0x91, 0x88, 0x84, 0x7f, 0x7c, 0x7f, 0x85, 0x87, 0x83, 0x82, 0x80,
    0x7c, 0x79, 0x76, 0x74, 0x74, 0x75, 0x79, 0x78, 0x76, 0x76, 0x75, 0x77,
    0x75, 0x6c, 0x65, 0x69, 0x78, 0x8a, 0x99, 0xa2, 0xa3, 0x9b, 0x8e, 0x88,
    0x88, 0x83, 0x81, 0x84, 0x88, 0x89, 0x87, 0x84, 0x80, 0x7b, 0x75, 0x72,
    0x75, 0x74, 0x75, 0x7a, 0x78, 0x73, 0x75, 0x7a, 0x77, 0x71, 0x68, 0x66,
    0x6e, 0x7e, 0x8e, 0x9a, 0xa5, 0xa2, 0x94, 0x89, 0x86, 0x85, 0x80, 0x7f,
    0x86, 0x8a, 0x8a, 0x87, 0x83, 0x7f, 0x7a, 0x74, 0x73, 0x73, 0x74, 0x74,
    0x7a, 0x79, 0x75, 0x76, 0x76, 0x78, 0x72, 0x67, 0x65, 0x6f, 0x7f, 0x91,
    0x99, 0xa0, 0x9d, 0x91, 0x89, 0x86, 0x86, 0x83, 0x85, 0x88, 0x8a, 0x89,
    0x83, 0x7f, 0x7b, 0x75, 0x73, 0x74, 0x72, 0x75, 0x78, 0x7a, 0x79, 0x77,
    0x7a, 0x79, 0x79, 0x76, 0x6c, 0x66, 0x6f, 0x7f, 0x90, 0x97, 0x9d, 0xa0,
    0x96, 0x8c, 0x86, 0x8a, 0x88, 0x84, 0x84, 0x86, 0x8a, 0x87, 0x7f, 0x79,
    0x74, 0x73, 0x71, 0x72, 0x78, 0x77, 0x78, 0x76, 0x77, 0x79, 0x77, 0x76,
    0x75, 0x6e, 0x69, 0x6b, 0x79, 0x8b, 0x94, 0x9b, 0x9d, 0x98, 0x90, 0x8a,
    0x89, 0x8b, 0x89, 0x88, 0x89, 0x8c, 0x88, 0x81, 0x7e, 0x77, 0x74, 0x70,
    0x70, 0x73, 0x74, 0x76, 0x74, 0x74, 0x74, 0x76, 0x78, 0x76, 0x6c, 0x67,
    0x6a, 0x76, 0x88, 0x92, 0x9c, 0x9e, 0x97, 0x8d, 0x8c, 0x8c, 0x8a, 0x89,
    0x89, 0x8c, 0x8d, 0x8a, 0x86, 0x82, 0x7c, 0x77, 0x71, 0x72, 0x73, 0x74,
    0x74, 0x75, 0x74, 0x72, 0x75, 0x75, 0x75, 0x70, 0x6a, 0x6d, 0x74, 0x85,
    0x91, 0x99, 0x9f, 0x96, 0x92, 0x8e, 0x8b, 0x89, 0x85, 0x88, 0x89, 0x8a,
    0x88, 0x86, 0x84, 0x7a, 0x74, 0x71, 0x70, 0x72, 0x71, 0x75, 0x76, 0x75,
    0x77, 0x77, 0x79, 0x77, 0x6e, 0x6b, 0x6b, 0x76, 0x87, 0x8e, 0x95, 0x99,
    0x95, 0x8f, 0x8c, 0x8e, 0x8d, 0x88, 0x87, 0x8a, 0x8d, 0x8a, 0x85, 0x82,
    0x7b, 0x76, 0x71, 0x6f, 0x72, 0x74, 0x71, 0x71, 0x71, 0x72, 0x74, 0x78,
    0x78, 0x73, 0x6e, 0x71, 0x78, 0x85, 0x8e, 0x94, 0x98, 0x95, 0x95, 0x91,
    0x8f, 0x8e, 0x8a, 0x89, 0x88, 0x89, 0x87, 0x82, 0x80, 0x7a, 0x7a, 0x77,
    0x74, 0x75, 0x72, 0x74, 0x73, 0x72, 0x73, 0x73, 0x75, 0x78, 0x74, 0x6f,
    0x6e, 0x74, 0x80, 0x89, 0x8e, 0x92, 0x92, 0x92, 0x90, 0x90, 0x91, 0x8d,
    0x89, 0x87, 0x89, 0x86, 0x82, 0x7f, 0x7a, 0x78, 0x74, 0x72, 0x70, 0x70,
    0x73, 0x74, 0x78, 0x7b, 0x7c, 0x7c, 0x7e, 0x7d, 0x7e, 0x7c, 0x7b, 0x7b,
    0x79, 0x7e, 0x80, 0x83, 0x89, 0x8e, 0x91, 0x95, 0x96, 0x94, 0x91, 0x8c,
    0x89, 0x86, 0x84, 0x7f, 0x7c, 0x79, 0x76, 0x75, 0x76, 0x75, 0x73, 0x72,
    0x72, 0x71, 0x72, 0x73, 0x74, 0x74, 0x76, 0x76, 0x77, 0x7a, 0x7b, 0x7d,
    0x81, 0x85, 0x8c, 0x91, 0x92, 0x97, 0x98, 0x97, 0x95, 0x90, 0x8a, 0x87,
    0x85, 0x83, 0x80, 0x7d, 0x7b, 0x7a, 0x7a, 0x77, 0x75, 0x73, 0x6f, 0x6c,
    0x6b, 0x6c, 0x6d, 0x70, 0x71, 0x73, 0x76, 0x79, 0x7c, 0x7e, 0x83, 0x86,
    0x8b, 0x91, 0x97, 0x9a, 0x99, 0x97, 0x96, 0x93, 0x8f, 0x8c, 0x88, 0x85,
    0x81, 0x7f, 0x7c, 0x79, 0x79, 0x76, 0x74, 0x72, 0x70, 0x6b, 0x69, 0x68,
    0x69, 0x6c, 0x6e, 0x72, 0x72, 0x76, 0x7b, 0x7f, 0x86, 0x88, 0x8b, 0x91,
    0x96, 0x98, 0x99, 0x9a, 0x97, 0x95, 0x92, 0x8e, 0x8d, 0x88, 0x83, 0x80,
    0x7b, 0x79, 0x75, 0x73, 0x71, 0x70, 0x6f, 0x6c, 0x6c, 0x6a, 0x69, 0x6b,
    0x6d, 0x70, 0x75, 0x76, 0x7c, 0x80, 0x83, 0x87, 0x8a, 0x8e, 0x93, 0x95,
    0x98, 0x9a, 0x97, 0x95, 0x93, 0x8e, 0x8b, 0x8a, 0x85, 0x80, 0x7c, 0x7a,
    0x78, 0x78, 0x76, 0x72, 0x70, 0x6d, 0x6a, 0x66, 0x67, 0x68, 0x6c, 0x70,
    0x74, 0x76, 0x78, 0x7c, 0x7e, 0x82, 0x87, 0x89, 0x8f, 0x93, 0x98, 0x9a,
    0x9b, 0x9c, 0x99, 0x96, 0x90, 0x8d, 0x89, 0x86, 0x83, 0x80, 0x7e, 0x7c,
    0x78, 0x74, 0x70, 0x6d, 0x69, 0x67, 0x63, 0x65, 0x67, 0x69, 0x6d, 0x6f,
    0x74, 0x76, 0x79, 0x7c, 0x7f, 0x84, 0x8a, 0x90, 0x95, 0x98, 0x9b, 0x9c,
    0x9d, 0x9a, 0x96, 0x91, 0x8e, 0x8c, 0x88, 0x83, 0x7e, 0x7d, 0x79, 0x77,
    0x74, 0x71, 0x6e, 0x6a, 0x69, 0x67, 0x66, 0x66, 0x6b, 0x6f, 0x70, 0x74,
    0x76, 0x79, 0x7e, 0x81, 0x86, 0x88, 0x8d, 0x93, 0x96, 0x9b, 0x9b, 0x9b,
    0x99, 0x96, 0x92, 0x8f, 0x8d, 0x89, 0x85, 0x81, 0x7f, 0x7a, 0x75, 0x71,
    0x6e, 0x6c, 0x6a, 0x68, 0x64, 0x66, 0x68, 0x69, 0x6e, 0x73, 0x75, 0x78,
    0x7b, 0x80, 0x82, 0x85, 0x8b, 0x8d, 0x92, 0x97, 0x99, 0x9a, 0x9a, 0x97,
    0x96, 0x93, 0x91, 0x8c, 0x87, 0x83, 0x80, 0x7d, 0x78, 0x75, 0x71, 0x6e,
    0x6c, 0x6a, 0x68, 0x68, 0x67, 0x69, 0x6b, 0x6f, 0x74, 0x75, 0x78, 0x7b,
    0x7f, 0x80, 0x86, 0x8b, 0x8e, 0x94, 0x98, 0x9c, 0x9c, 0x9a, 0x97, 0x95,
    0x92, 0x8e, 0x8a, 0x85, 0x81, 0x7f, 0x7b, 0x77, 0x74, 0x70, 0x6c, 0x6b,
    0x6a, 0x68, 0x68, 0x68, 0x6a, 0x6e, 0x72, 0x76, 0x79, 0x7a, 0x7c, 0x80,
    0x83, 0x88, 0x8c, 0x90, 0x93, 0x95, 0x9a, 0x99, 0x98, 0x96, 0x93, 0x8f,
    0x8c, 0x89, 0x86, 0x82, 0x7e, 0x7b, 0x77, 0x75, 0x71, 0x6f, 0x6d, 0x6c,
    0x6c, 0x6a, 0x69, 0x6a, 0x6c, 0x6f, 0x73, 0x73, 0x77, 0x7b, 0x7d, 0x81,
    0x86, 0x8b, 0x8e, 0x92, 0x96, 0x98, 0x98, 0x99, 0x98, 0x94, 0x92, 0x8e,
    0x8b, 0x87, 0x85, 0x82, 0x7d, 0x7b, 0x76, 0x73, 0x6f, 0x6d, 0x6b, 0x6b,
    0x6b, 0x6a, 0x6c, 0x6d, 0x70, 0x73, 0x75, 0x77, 0x79, 0x7c, 0x7e, 0x84,
    0x88, 0x8d, 0x90, 0x92, 0x97, 0x99, 0x99, 0x97, 0x95, 0x93, 0x92, 0x8d,
    0x88, 0x86, 0x81, 0x7d, 0x78, 0x73, 0x71, 0x6f, 0x6e, 0x6c, 0x6b, 0x69,
    0x6a, 0x6a, 0x6c, 0x6f, 0x71, 0x75, 0x77, 0x7b, 0x7e, 0x80, 0x83, 0x87,
    0x8d, 0x90, 0x92, 0x96, 0x98, 0x9a, 0x9b, 0x98, 0x95, 0x93, 0x8e, 0x8b,
    0x87, 0x83, 0x80, 0x7b, 0x78, 0x73, 0x6f, 0x6b, 0x6a, 0x68, 0x67, 0x68,
    0x69, 0x6b, 0x6c, 0x71, 0x72, 0x75, 0x77, 0x7b, 0x7e, 0x80, 0x85, 0x89,
    0x8e, 0x8f, 0x93, 0x95, 0x98, 0x99, 0x97, 0x96, 0x93, 0x8e, 0x8c, 0x8a,
    0x87, 0x82, 0x7e, 0x7a, 0x77, 0x75, 0x71, 0x72, 0x6f, 0x6d, 0x6c, 0x6c,
    0x6c, 0x6c, 0x6c, 0x70, 0x74, 0x75, 0x7a, 0x7d, 0x7f, 0x81, 0x83, 0x87,
    0x8b, 0x90, 0x91, 0x94, 0x97, 0x99, 0x9a, 0x96, 0x92, 0x8f, 0x8c, 0x89,
    0x86, 0x81, 0x7c, 0x79, 0x76, 0x72, 0x6f, 0x6d, 0x6b, 0x6a, 0x6b, 0x6a,
    0x6c, 0x6c, 0x6d, 0x71, 0x74, 0x77, 0x7a, 0x7e, 0x80, 0x81, 0x83, 0x88,
    0x8c, 0x8f, 0x94, 0x92, 0x92, 0x97, 0x98, 0x94, 0x94, 0x91, 0x8d, 0x8e,
    0x89, 0x85, 0x81, 0x7b, 0x77, 0x78, 0x6f, 0x6c, 0x6d, 0x61, 0x6c, 0x72,
    0x6b, 0x6e, 0x6f, 0x6f, 0x75, 0x78, 0x7a, 0x7f, 0x80, 0x81, 0x7c, 0x7b,
    0x81, 0x8f, 0x95, 0x96, 0x99, 0x99, 0x9b, 0x99, 0x96, 0x91, 0x8d, 0x8b,
    0x88, 0x83, 0x7d, 0x7a, 0x77, 0x74, 0x71, 0x6c, 0x6c, 0x6b, 0x6a, 0x69,
    0x6b, 0x6f, 0x70, 0x73, 0x73, 0x77, 0x7c, 0x81, 0x84, 0x80, 0x7b, 0x7f,
    0x87, 0x91, 0x95, 0x95, 0x95, 0x97, 0x98, 0x94, 0x91, 0x8c, 0x89, 0x86,
    0x85, 0x81, 0x7c, 0x78, 0x75, 0x75, 0x73, 0x71, 0x6f, 0x71, 0x71, 0x70,
    0x71, 0x74, 0x75, 0x73, 0x75, 0x79, 0x7f, 0x82, 0x83, 0x7d, 0x76, 0x7a,
    0x84, 0x91, 0x95, 0x93, 0x94, 0x93, 0x95, 0x94, 0x90, 0x89, 0x86, 0x83,
    0x82, 0x7e, 0x79, 0x76, 0x74, 0x73, 0x72, 0x71, 0x6e, 0x6d, 0x6f, 0x72,
    0x77, 0x79, 0x78, 0x78, 0x7b, 0x7e, 0x84, 0x85, 0x83, 0x7e, 0x78, 0x7a,
    0x83, 0x8f, 0x96, 0x97, 0x94, 0x91, 0x91, 0x8e, 0x8c, 0x87, 0x84, 0x82,
    0x7f, 0x7e, 0x7c, 0x78, 0x75, 0x74, 0x71, 0x71, 0x71, 0x6f, 0x6e, 0x70,
    0x75, 0x78, 0x7a, 0x79, 0x78, 0x7b, 0x82, 0x86, 0x85, 0x81, 0x78, 0x7a,
    0x85, 0x91, 0x97, 0x96, 0x94, 0x90, 0x90, 0x90, 0x92, 0x8a, 0x82, 0x7f,
    0x80, 0x7f, 0x7c, 0x77, 0x70, 0x71, 0x72, 0x72, 0x72, 0x6f, 0x6e, 0x71,
    0x74, 0x78, 0x7a, 0x7a, 0x7a, 0x7b, 0x82, 0x86, 0x87, 0x83, 0x7f, 0x7a,
    0x7e, 0x86, 0x8f, 0x95, 0x95, 0x95, 0x92, 0x91, 0x8f, 0x8d, 0x87, 0x83,
    0x7f, 0x7c, 0x7b, 0x7a, 0x75, 0x70, 0x6c, 0x6b, 0x6f, 0x70, 0x71, 0x70,
    0x71, 0x72, 0x79, 0x7e, 0x80, 0x81, 0x81, 0x83, 0x85, 0x88, 0x8b, 0x88,
    0x82, 0x7f, 0x82, 0x89, 0x91, 0x96, 0x95, 0x8f, 0x8c, 0x8a, 0x8a, 0x89,
    0x87, 0x82, 0x7c, 0x76, 0x75, 0x74, 0x71, 0x70, 0x6e, 0x6f, 0x6e, 0x72,
    0x73, 0x73, 0x72, 0x76, 0x7b, 0x7f, 0x83, 0x82, 0x80, 0x7e, 0x83, 0x88,
    0x8c, 0x8a, 0x84, 0x7d, 0x7d, 0x86, 0x8f, 0x95, 0x96, 0x93, 0x8e, 0x89,
    0x88, 0x87, 0x85, 0x81, 0x79, 0x74, 0x73, 0x73, 0x72, 0x73, 0x72, 0x6f,
    0x6f, 0x71, 0x74, 0x77, 0x77, 0x7a, 0x7d, 0x7f, 0x84, 0x85, 0x84, 0x81,
    0x80, 0x83, 0x84, 0x84, 0x80, 0x80, 0x83, 0x88, 0x8e, 0x90, 0x91, 0x90,
    0x8d, 0x8a, 0x88, 0x88, 0x86, 0x82, 0x7d, 0x77, 0x73, 0x71, 0x71, 0x73,
    0x73, 0x71, 0x71, 0x71, 0x72, 0x75, 0x79, 0x7d, 0x80, 0x84, 0x84, 0x84,
    0x84, 0x84, 0x83, 0x83, 0x85, 0x85, 0x84, 0x81, 0x7e, 0x80, 0x87, 0x8e,
    0x92, 0x93, 0x8f, 0x89, 0x86, 0x83, 0x81, 0x80, 0x7e, 0x7a, 0x75, 0x70,
    0x6d, 0x6c, 0x70, 0x74, 0x76, 0x77, 0x78, 0x77, 0x78, 0x7b, 0x7e, 0x83,
    0x85, 0x86, 0x85, 0x86, 0x86, 0x87, 0x89, 0x88, 0x87, 0x83, 0x7e, 0x7d,
    0x7f, 0x86, 0x8c, 0x8d, 0x8e, 0x8d, 0x89, 0x86, 0x83, 0x7e, 0x7d, 0x7b,
    0x78, 0x76, 0x73, 0x70, 0x6f, 0x6f, 0x72, 0x77, 0x79, 0x79, 0x79, 0x77,
    0x79, 0x7d, 0x81, 0x85, 0x86, 0x84, 0x83, 0x83, 0x83, 0x87, 0x89, 0x88,
    0x88, 0x84, 0x80, 0x81, 0x82, 0x86, 0x8a, 0x8c, 0x8b, 0x8b, 0x88, 0x86,
    0x82, 0x7e, 0x7d, 0x7a, 0x77, 0x73, 0x71, 0x6c, 0x6d, 0x70, 0x74, 0x7a,
    0x7b, 0x7b, 0x7c, 0x7d, 0x7d, 0x7f, 0x80, 0x83, 0x85, 0x85, 0x86, 0x86,
    0x87, 0x88, 0x8d, 0x8b, 0x88, 0x84, 0x81, 0x82, 0x83, 0x85, 0x87, 0x84,
    0x84, 0x84, 0x80, 0x80, 0x7e, 0x7c, 0x7a, 0x79, 0x78, 0x75, 0x72, 0x70,
    0x71, 0x73, 0x78, 0x7d, 0x80, 0x80, 0x80, 0x80, 0x80, 0x81, 0x83, 0x85,
    0x84, 0x85, 0x84, 0x84, 0x84, 0x84, 0x86, 0x86, 0x84, 0x81, 0x81, 0x80,
    0x83, 0x84, 0x83, 0x83, 0x81, 0x81, 0x81, 0x81, 0x7f, 0x7e, 0x7b, 0x7a,
    0x7e, 0x7b, 0x78, 0x79, 0x77, 0x79, 0x79, 0x7b, 0x7b, 0x7a, 0x7a, 0x7b,
    0x80, 0x82, 0x83, 0x84, 0x83, 0x84, 0x84, 0x84, 0x84, 0x84, 0x85, 0x83,
    0x81, 0x81, 0x80, 0x81, 0x84, 0x84, 0x82, 0x82, 0x82, 0x81, 0x84, 0x86,
    0x85, 0x85, 0x83, 0x82, 0x80, 0x7f, 0x7b, 0x78, 0x76, 0x75, 0x76, 0x74,
    0x74, 0x73, 0x76, 0x77, 0x78, 0x7a, 0x7d, 0x7e, 0x81, 0x83, 0x83, 0x84,
    0x85, 0x86, 0x87, 0x85, 0x83, 0x86, 0x87, 0x88, 0x88, 0x87, 0x86, 0x85,
    0x84, 0x85, 0x86, 0x84, 0x83, 0x82, 0x80, 0x7f, 0x7e, 0x7b, 0x79, 0x76,
    0x76, 0x74, 0x74, 0x73, 0x75, 0x76, 0x77, 0x79, 0x7b, 0x7d, 0x7c, 0x7e,
    0x81, 0x84, 0x84, 0x86, 0x85, 0x85, 0x87, 0x87, 0x85, 0x85, 0x83, 0x82,
    0x85, 0x84, 0x83, 0x83, 0x82, 0x82, 0x82, 0x83, 0x84, 0x84, 0x82, 0x81,
    0x81, 0x7f, 0x7c, 0x7a, 0x79, 0x78, 0x76, 0x78, 0x76, 0x76, 0x77, 0x77,
    0x79, 0x7a, 0x7c, 0x7c, 0x7e, 0x7f, 0x81, 0x83, 0x83, 0x85, 0x86, 0x87,
    0x88, 0x85, 0x84, 0x84, 0x86, 0x88, 0x89, 0x87, 0x85, 0x82, 0x82, 0x83,
    0x83, 0x82, 0x81, 0x80, 0x7d, 0x7d, 0x7a, 0x7a, 0x77, 0x75, 0x74, 0x74,
    0x73, 0x74, 0x76, 0x77, 0x79, 0x7b, 0x7f, 0x7f, 0x7f, 0x82, 0x86, 0x88,
    0x88, 0x87, 0x86, 0x86, 0x87, 0x86, 0x84, 0x83, 0x82, 0x82, 0x84, 0x83,
    0x82, 0x82, 0x80, 0x82, 0x83, 0x85, 0x84, 0x82, 0x7e, 0x7f, 0x7f, 0x7d,
    0x7c, 0x79, 0x77, 0x75, 0x76, 0x75, 0x76, 0x77, 0x77, 0x78, 0x7a, 0x7c,
    0x7d, 0x7e, 0x81, 0x85, 0x86, 0x86, 0x86, 0x89, 0x89, 0x89, 0x87, 0x85,
    0x85, 0x83, 0x85, 0x84, 0x85, 0x81, 0x81, 0x80, 0x7f, 0x82, 0x81, 0x80,
    0x7e, 0x7f, 0x7e, 0x7e, 0x7c, 0x7a, 0x76, 0x74, 0x75, 0x74, 0x74, 0x75,
    0x76, 0x77, 0x7a, 0x7c, 0x7e, 0x80, 0x83, 0x84, 0x86, 0x88, 0x86, 0x85,
    0x86, 0x88, 0x88, 0x87, 0x87, 0x85, 0x84, 0x84, 0x86, 0x85, 0x83, 0x81,
    0x81, 0x82, 0x83, 0x81, 0x80, 0x7f, 0x7e, 0x7e, 0x7e, 0x7e, 0x79, 0x76,
    0x74, 0x73, 0x72, 0x73, 0x74, 0x77, 0x78, 0x7a, 0x7b, 0x7d, 0x80, 0x83,
    0x83, 0x84, 0x85, 0x83, 0x86, 0x88, 0x89, 0x8a, 0x87, 0x85, 0x85, 0x86,
    0x85, 0x85, 0x83, 0x80, 0x7f, 0x7f, 0x80, 0x83, 0x80, 0x7f, 0x7f, 0x80,
    0x80, 0x7f, 0x7d, 0x79, 0x77, 0x74, 0x74, 0x75, 0x75, 0x75, 0x79, 0x7a,
    0x7b, 0x7e, 0x7f, 0x82, 0x84, 0x84, 0x84, 0x84, 0x85, 0x87, 0x88, 0x88,
    0x87, 0x87, 0x84, 0x84, 0x85, 0x85, 0x83, 0x83, 0x81, 0x80, 0x7f, 0x7c,
    0x7f, 0x7c, 0x7f, 0x7d, 0x7f, 0x7f, 0x7f, 0x7e, 0x7b, 0x78, 0x77, 0x79,
    0x77, 0x79, 0x78, 0x79, 0x78, 0x79, 0x7b, 0x7c, 0x7f, 0x7f, 0x81, 0x84,
    0x86, 0x86, 0x87, 0x86, 0x88, 0x87, 0x87, 0x85, 0x82, 0x81, 0x81, 0x83,
    0x83, 0x83, 0x7f, 0x80, 0x83, 0x83, 0x83, 0x84, 0x81, 0x80, 0x80, 0x7f,
    0x7e, 0x7b, 0x77, 0x76, 0x76, 0x77, 0x76, 0x76, 0x76, 0x76, 0x79, 0x7c,
    0x7e, 0x7e, 0x81, 0x81, 0x81, 0x83, 0x84, 0x86, 0x86, 0x87, 0x86, 0x86,
    0x85, 0x84, 0x85, 0x84, 0x83, 0x83, 0x82, 0x7f, 0x7e, 0x7e, 0x7f, 0x80,
    0x81, 0x82, 0x82, 0x81, 0x82, 0x83, 0x80, 0x7b, 0x77, 0x77, 0x75, 0x76,
    0x75, 0x74, 0x78, 0x7a, 0x7a, 0x7b, 0x7e, 0x7f, 0x81, 0x82, 0x82, 0x86,
    0x88, 0x88, 0x88, 0x86, 0x86, 0x86, 0x86, 0x85, 0x83, 0x83, 0x81, 0x82,
    0x82, 0x80, 0x7d, 0x7a, 0x7d, 0x80, 0x81, 0x81, 0x7f, 0x7e, 0x7f, 0x7e,
    0x7f, 0x7e, 0x7a, 0x77, 0x78, 0x79, 0x7c, 0x7c, 0x79, 0x79, 0x7b, 0x7c,
    0x7e, 0x7f, 0x7e, 0x7f, 0x82, 0x85, 0x86, 0x88, 0x85, 0x84, 0x84, 0x86,
    0x88, 0x87, 0x84, 0x81, 0x7f, 0x80, 0x81, 0x80, 0x7d, 0x7c, 0x7b, 0x7e,
    0x81, 0x82, 0x83, 0x80, 0x80, 0x7f, 0x80, 0x7f, 0x7c, 0x77, 0x75, 0x75,
    0x77, 0x7a, 0x79, 0x76, 0x75, 0x7a, 0x7e, 0x84, 0x83, 0x83, 0x80, 0x81,
    0x85, 0x88, 0x88, 0x86, 0x85, 0x85, 0x87, 0x88, 0x89, 0x82, 0x7e, 0x79,
    0x79, 0x7e, 0x82, 0x84, 0x82, 0x80, 0x7f, 0x84, 0x86, 0x85, 0x80, 0x7b,
    0x79, 0x79, 0x79, 0x79, 0x75, 0x74, 0x79, 0x7e, 0x81, 0x82, 0x80, 0x7f,
    0x7e, 0x7e, 0x7f, 0x7f, 0x7d, 0x7f, 0x82, 0x83, 0x85, 0x83, 0x83, 0x82,
    0x83, 0x84, 0x83, 0x82, 0x81, 0x81, 0x7e, 0x74, 0x71, 0x7b, 0x85, 0x8d,
    0x8c, 0x84, 0x80, 0x85, 0x88, 0x84, 0x79, 0x72, 0x74, 0x7a, 0x7d, 0x7d,
    0x7b, 0x7c, 0x81, 0x84, 0x81, 0x7d, 0x7b, 0x7a, 0x7b, 0x7d, 0x7d, 0x7f,
    0x82, 0x84, 0x88, 0x86, 0x83, 0x83, 0x83, 0x83, 0x83, 0x81, 0x7f, 0x81,
    0x82, 0x84, 0x7c, 0x74, 0x75, 0x7c, 0x84, 0x87, 0x81, 0x7d, 0x82, 0x83,
    0x84, 0x7e, 0x77, 0x78, 0x7b, 0x80, 0x81, 0x7e, 0x80, 0x81, 0x81, 0x82,
    0x80, 0x7d, 0x7d, 0x7d, 0x7d, 0x7e, 0x7f, 0x82, 0x84, 0x84, 0x81, 0x7f,
    0x7f, 0x7f, 0x80, 0x7c, 0x7e, 0x7f, 0x81, 0x83, 0x84, 0x86, 0x89, 0x7d,
    0x6b, 0x6d, 0x7b, 0x8b, 0x8d, 0x82, 0x82, 0x8b, 0x8a, 0x80, 0x74, 0x71,
    0x7b, 0x7e, 0x7b, 0x7e, 0x86, 0x8d, 0x89, 0x7c, 0x79, 0x7b, 0x7c, 0x79,
    0x74, 0x77, 0x82, 0x88, 0x84, 0x80, 0x80, 0x84, 0x83, 0x7e, 0x7c, 0x7e,
    0x82, 0x85, 0x84, 0x80, 0x81, 0x86, 0x89, 0x84, 0x6c, 0x66, 0x77, 0x88,
    0x8f, 0x87, 0x81, 0x8d, 0x92, 0x80, 0x71, 0x6c, 0x77, 0x7e, 0x78, 0x79,
    0x87, 0x91, 0x8c, 0x7c, 0x74, 0x7e, 0x80, 0x7a, 0x73, 0x77, 0x88, 0x8a,
    0x80, 0x80, 0x83, 0x84, 0x7c, 0x73, 0x7b, 0x82, 0x82, 0x80, 0x81, 0x87,
    0x87, 0x82, 0x82, 0x87, 0x7e, 0x65, 0x69, 0x7e, 0x8e, 0x8f, 0x83, 0x88,
    0x95, 0x8a, 0x77, 0x6f, 0x77, 0x82, 0x7a, 0x73, 0x82, 0x8f, 0x8b, 0x79,
    0x71, 0x7c, 0x80, 0x77, 0x72, 0x7d, 0x8b, 0x8a, 0x81, 0x82, 0x86, 0x84,
    0x7c, 0x78, 0x7f, 0x83, 0x7f, 0x80, 0x86, 0x89, 0x82, 0x7a, 0x80, 0x8b,
    0x82, 0x63, 0x60, 0x7b, 0x8f, 0x8d, 0x83, 0x85, 0x97, 0x8e, 0x72, 0x6d,
    0x76, 0x7f, 0x75, 0x70, 0x84, 0x96, 0x8c, 0x7b, 0x76, 0x7d, 0x80, 0x74,
    0x73, 0x81, 0x8b, 0x86, 0x82, 0x87, 0x8f, 0x87, 0x79, 0x79, 0x7e, 0x80,
    0x7b, 0x7a, 0x81, 0x88, 0x84, 0x7d, 0x7c, 0x84, 0x84, 0x7a, 0x64, 0x66,
    0x7d, 0x85, 0x89, 0x87, 0x8b, 0x96, 0x89, 0x74, 0x75, 0x79, 0x7b, 0x7a,
    0x7b, 0x8b, 0x91, 0x89, 0x81, 0x7d, 0x7f, 0x7e, 0x73, 0x75, 0x7c, 0x80,
    0x82, 0x82, 0x87, 0x87, 0x7f, 0x7b, 0x7a, 0x7d, 0x7d, 0x7a, 0x7e, 0x82,
    0x84, 0x85, 0x81, 0x82, 0x84, 0x84, 0x7b, 0x66, 0x6c, 0x80, 0x8a, 0x8e,
    0x88, 0x8b, 0x94, 0x83, 0x72, 0x75, 0x7b, 0x7e, 0x75, 0x79, 0x8e, 0x90,
    0x84, 0x7c, 0x7b, 0x7f, 0x77, 0x6e, 0x78, 0x80, 0x81, 0x80, 0x86, 0x8b,
    0x83, 0x7b, 0x7e, 0x80, 0x7d, 0x79, 0x7c, 0x85, 0x85, 0x81, 0x85, 0x85,
    0x85, 0x80, 0x81, 0x86, 0x74, 0x69, 0x77, 0x81, 0x8a, 0x87, 0x87, 0x93,
    0x8a, 0x76, 0x74, 0x79, 0x7a, 0x75, 0x72, 0x80, 0x8a, 0x84, 0x80, 0x7f,
    0x80, 0x7d, 0x75, 0x7a, 0x80, 0x7f, 0x80, 0x85, 0x8b, 0x8b, 0x85, 0x7e,
    0x80, 0x7d, 0x7b, 0x7b, 0x7f, 0x88, 0x88, 0x87, 0x85, 0x88, 0x89, 0x81,
    0x69, 0x58, 0x6c, 0x82, 0x87, 0x8b, 0x8e, 0x9c, 0x96, 0x76, 0x6f, 0x76,
    0x73, 0x6a, 0x67, 0x7f, 0x94, 0x8d, 0x87, 0x88, 0x89, 0x81, 0x71, 0x6f,
    0x7c, 0x7b, 0x79, 0x84, 0x8c, 0x8f, 0x84, 0x81, 0x86, 0x7f, 0x78, 0x75,
    0x7e, 0x85, 0x82, 0x80, 0x86, 0x87, 0x81, 0x79, 0x78, 0x80, 0x7e, 0x7b,
    0x7e, 0x81, 0x82, 0x7c, 0x74, 0x78, 0x7b, 0x7b, 0x82, 0x85, 0x89, 0x89,
    0x83, 0x81, 0x81, 0x7d, 0x7e, 0x7d, 0x7e, 0x86, 0x86, 0x85, 0x84, 0x7f,
    0x7d, 0x7a, 0x78, 0x7b, 0x80, 0x86, 0x88, 0x84, 0x83, 0x86, 0x86, 0x77,
    0x5f, 0x5e, 0x73, 0x85, 0x8c, 0x8d, 0x96, 0x9e, 0x8e, 0x7a, 0x79, 0x78,
    0x6f, 0x67, 0x70, 0x87, 0x8e, 0x8b, 0x8f, 0x90, 0x87, 0x77, 0x6f, 0x73,
    0x74, 0x70, 0x76, 0x83, 0x8d, 0x8a, 0x82, 0x87, 0x85, 0x7c, 0x77, 0x78,
    0x80, 0x7f, 0x7d, 0x87, 0x8c, 0x88, 0x82, 0x81, 0x82, 0x7c, 0x77, 0x7c,
    0x7d, 0x7d, 0x7c, 0x7f, 0x85, 0x84, 0x7e, 0x7c, 0x7f, 0x7f, 0x7d, 0x7a,
    0x7e, 0x80, 0x81, 0x81, 0x82, 0x85, 0x83, 0x7e, 0x7b, 0x7c, 0x7d, 0x7e,
    0x81, 0x87, 0x89, 0x87, 0x85, 0x84, 0x81, 0x7c, 0x76, 0x77, 0x7a, 0x7b,
    0x7c, 0x80, 0x86, 0x87, 0x82, 0x82, 0x84, 0x7e, 0x6f, 0x61, 0x67, 0x78,
    0x82, 0x8a, 0x92, 0x99, 0x98, 0x8c, 0x81, 0x7e, 0x75, 0x6e, 0x72, 0x7b,
    0x86, 0x87, 0x8a, 0x8d, 0x89, 0x81, 0x7a, 0x76, 0x73, 0x70, 0x72, 0x7d,
    0x83, 0x84, 0x85, 0x87, 0x87, 0x80, 0x77, 0x79, 0x7a, 0x79, 0x7c, 0x7f,
    0x86, 0x88, 0x87, 0x88, 0x87, 0x86, 0x80, 0x7b, 0x7e, 0x80, 0x7d, 0x7a,
    0x7f, 0x84, 0x82, 0x7d, 0x7d, 0x80, 0x7e, 0x79, 0x78, 0x7b, 0x7d, 0x7d,
    0x80, 0x82, 0x82, 0x82, 0x82, 0x7f, 0x7e, 0x7b, 0x7c, 0x7f, 0x7e, 0x82,
    0x84, 0x85, 0x87, 0x85, 0x84, 0x85, 0x82, 0x7e, 0x7f, 0x7c, 0x7d, 0x7f,
    0x80, 0x84, 0x85, 0x83, 0x81, 0x7f, 0x7f, 0x7c, 0x72, 0x68, 0x6d, 0x79,
    0x7e, 0x84, 0x8a, 0x8f, 0x8e, 0x83, 0x7f, 0x7e, 0x7a, 0x76, 0x74, 0x7a,
    0x85, 0x87, 0x87, 0x88, 0x88, 0x85, 0x7f, 0x7e, 0x7d, 0x79, 0x7a, 0x7d,
    0x81, 0x84, 0x81, 0x82, 0x83, 0x81, 0x7a, 0x7b, 0x7e, 0x7f, 0x7c, 0x7b,
    0x81, 0x84, 0x83, 0x81, 0x81, 0x83, 0x80, 0x7d, 0x7e, 0x7d, 0x7e, 0x7e,
    0x81, 0x83, 0x80, 0x7e, 0x7e, 0x7f, 0x80, 0x7d, 0x7b, 0x7e, 0x7f, 0x7f,
    0x80, 0x81, 0x82, 0x81, 0x80, 0x83, 0x7f, 0x80, 0x7e, 0x7e, 0x7e, 0x7b,
    0x7d, 0x80, 0x82, 0x80, 0x83, 0x87, 0x86, 0x83, 0x81, 0x7e, 0x7b, 0x74,
    0x72, 0x7a, 0x7d, 0x82, 0x85, 0x89, 0x8c, 0x86, 0x80, 0x7f, 0x7c, 0x7a,
    0x79, 0x79, 0x82, 0x83, 0x82, 0x84, 0x84, 0x83, 0x7f, 0x7d, 0x7d, 0x7b,
    0x7c, 0x7c, 0x7f, 0x80, 0x7e, 0x7f, 0x7f, 0x7f, 0x7f, 0x80, 0x7f, 0x80,
    0x7e, 0x80, 0x82, 0x80, 0x81, 0x82, 0x83, 0x83, 0x81, 0x7f, 0x80, 0x80,
    0x7d, 0x7e, 0x7e, 0x80, 0x81, 0x7f, 0x80, 0x7d, 0x7b, 0x7d, 0x7c, 0x7e,
    0x7d, 0x7e, 0x81, 0x83, 0x82, 0x82, 0x82, 0x81, 0x82, 0x82, 0x82, 0x80,
    0x81, 0x80, 0x80, 0x7f, 0x7e, 0x81, 0x80, 0x80, 0x7f, 0x7e, 0x80, 0x7d,
    0x7c, 0x7d, 0x7e, 0x7f, 0x7d, 0x7f, 0x7f, 0x7e, 0x7d, 0x7f, 0x81, 0x81,
    0x80, 0x7f, 0x80, 0x81, 0x7f, 0x78, 0x79, 0x7f, 0x80, 0x83, 0x85, 0x86,
    0x8a, 0x85, 0x82, 0x81, 0x7d, 0x7e, 0x7c, 0x7c, 0x80, 0x82, 0x82, 0x83,
    0x81, 0x81, 0x7f, 0x7c, 0x7d, 0x7c, 0x7d, 0x7d, 0x7d, 0x7f, 0x7d, 0x7f,
    0x82, 0x80, 0x7e, 0x7c, 0x7c, 0x7d, 0x7e, 0x7e, 0x82, 0x82, 0x82, 0x82,
    0x80, 0x82, 0x81, 0x82, 0x80, 0x80, 0x81, 0x80, 0x7f, 0x7f, 0x81, 0x80,
    0x7d, 0x7e, 0x81, 0x7f, 0x7f, 0x7d, 0x7f, 0x7e, 0x7d, 0x7e, 0x7f, 0x81,
    0x80, 0x7f, 0x80, 0x81, 0x7f, 0x7e, 0x7e, 0x81, 0x82, 0x81, 0x7f, 0x81,
    0x81, 0x7f, 0x7f, 0x80, 0x80, 0x81, 0x80, 0x80, 0x7f, 0x7e, 0x81, 0x7f,
    0x80, 0x7e, 0x7e, 0x7f, 0x7f, 0x7e, 0x7e, 0x80, 0x7f, 0x80, 0x80, 0x7f,
    0x81, 0x7f, 0x80, 0x81, 0x80, 0x80, 0x82, 0x80, 0x7f, 0x7f, 0x7e, 0x81,
    0x7d, 0x7e, 0x80, 0x7e, 0x7f, 0x7d, 0x7e, 0x7f, 0x80, 0x7e, 0x80, 0x80,
    0x80, 0x81, 0x7e, 0x81, 0x81, 0x81, 0x7e, 0x7f, 0x7f, 0x80, 0x81, 0x80,
    0x7f, 0x7e, 0x7f, 0x80, 0x81, 0x80, 0x7f, 0x7e, 0x81, 0x7f, 0x81, 0x7f,
    0x81, 0x80, 0x7f, 0x7e, 0x80, 0x81, 0x7d, 0x7e, 0x7f, 0x7f, 0x7f, 0x80,
    0x81, 0x82, 0x7f, 0x80, 0x7f, 0x7f, 0x80, 0x7d, 0x7e, 0x7e, 0x7f, 0x80,
    0x80, 0x82, 0x82, 0x81, 0x7f, 0x7f, 0x7d, 0x7f, 0x80, 0x7d, 0x80, 0x81,
    0x83, 0x82, 0x81, 0x81, 0x7f, 0x80, 0x7e, 0x7e, 0x7f, 0x80, 0x80, 0x80,
    0x7f, 0x7f, 0x7e, 0x7e, 0x7d, 0x7e, 0x7d, 0x7d, 0x7f, 0x81, 0x80, 0x7f,
    0x81, 0x7f, 0x7f, 0x80, 0x7f, 0x80, 0x7f, 0x7d, 0x81, 0x80, 0x81, 0x81,
    0x80, 0x80, 0x80, 0x7f, 0x80, 0x80, 0x80, 0x7f, 0x7e, 0x81, 0x80, 0x80,
    0x80, 0x7f, 0x7f, 0x7f, 0x7f, 0x80, 0x7f, 0x7f, 0x7e, 0x7e, 0x7f, 0x7e,
    0x7f, 0x81, 0x81, 0x81, 0x82, 0x81, 0x80, 0x7e, 0x7e, 0x7e, 0x7f, 0x7d,
    0x81, 0x82, 0x82, 0x82, 0x82, 0x81, 0x7f, 0x7f, 0x7e, 0x80, 0x7f, 0x80,
    0x80, 0x81, 0x80, 0x7f, 0x7e, 0x7d, 0x7d, 0x7e, 0x80, 0x7f, 0x80, 0x7e,
    0x80, 0x7f, 0x7f, 0x80, 0x7f, 0x81, 0x80, 0x81, 0x80, 0x7f, 0x7e, 0x7e,
    0x80, 0x7e, 0x7e, 0x7f, 0x80, 0x80, 0x80, 0x80, 0x81, 0x81, 0x7f, 0x80,
    0x7f, 0x80, 0x7f, 0x7f, 0x81, 0x80, 0x81, 0x81, 0x80, 0x82, 0x80, 0x7f,
    0x80, 0x7f, 0x7d, 0x7e, 0x80, 0x7f, 0x7e, 0x7f, 0x7f, 0x7f, 0x7e, 0x7e,
    0x7f, 0x7f, 0x7d, 0x7d, 0x80, 0x81, 0x7f, 0x81, 0x81, 0x80, 0x82, 0x82,
    0x80, 0x7e, 0x7f, 0x80, 0x80, 0x80, 0x81, 0x81, 0x81, 0x80, 0x7f, 0x7f,
    0x7f, 0x7e, 0x7d, 0x7d, 0x7e, 0x7e, 0x7e, 0x7f, 0x7f, 0x7f, 0x80, 0x80,
    0x7f, 0x7f, 0x81, 0x80, 0x7e, 0x80, 0x80, 0x80, 0x81, 0x7f, 0x81, 0x83,
    0x81, 0x81, 0x80, 0x81, 0x81, 0x7f, 0x7d, 0x7e, 0x81, 0x80, 0x7f, 0x7f,
    0x7f, 0x7e, 0x7e, 0x7f, 0x7f, 0x80, 0x7f, 0x7e, 0x7e, 0x7e, 0x7e, 0x7e,
    0x7f, 0x81, 0x80, 0x7f, 0x80, 0x81, 0x81, 0x80, 0x80, 0x80, 0x7f, 0x7f,
    0x7f, 0x7e, 0x80, 0x82, 0x81, 0x81, 0x80, 0x80, 0x7f, 0x80, 0x7f, 0x80,
    0x81, 0x80, 0x7e, 0x7d, 0x7e, 0x7f, 0x7e, 0x7f, 0x81, 0x80, 0x81, 0x7f,
    0x80, 0x80, 0x7f, 0x80, 0x81, 0x81, 0x81, 0x81, 0x7f, 0x80, 0x80, 0x80,
    0x7f, 0x7e, 0x7e, 0x7d, 0x7f, 0x7e, 0x7e, 0x7f, 0x81, 0x80, 0x7f, 0x7e,
    0x7f, 0x7f, 0x81, 0x80, 0x7e, 0x80, 0x80, 0x7f, 0x80, 0x82, 0x81, 0x7f,
    0x7f, 0x7f, 0x7f, 0x7e, 0x7d, 0x7e, 0x80, 0x7f, 0x7f, 0x81, 0x82, 0x7f,
    0x80, 0x7e, 0x7f, 0x7f, 0x7f, 0x80, 0x7f, 0x82, 0x81, 0x81, 0x80, 0x80,
    0x80, 0x81, 0x82, 0x80, 0x80, 0x80, 0x81, 0x80, 0x7f, 0x7f, 0x80, 0x81,
    0x81, 0x81, 0x7e, 0x7f, 0x7f, 0x80, 0x80, 0x7c, 0x7e, 0x7f, 0x7e, 0x7f,
    0x7e, 0x80, 0x7f, 0x7f, 0x7f, 0x7e, 0x7e, 0x7e, 0x7f, 0x7f, 0x80, 0x7f,
    0x80, 0x81, 0x7f, 0x80, 0x80, 0x80, 0x7f, 0x7f, 0x80, 0x80, 0x80, 0x7f,
    0x80, 0x80, 0x80, 0x80, 0x80, 0x80, 0x7f, 0x7f, 0x7f, 0x7f, 0x7f, 0x80,
    0x7e, 0x7f, 0x80, 0x80, 0x81, 0x7f, 0x7f, 0x7f, 0x7f, 0x81, 0x7f, 0x7e,
    0x80, 0x80, 0x7f, 0x7f, 0x80, 0x80, 0x80, 0x80, 0x7f, 0x7e, 0x80, 0x80,
    0x81, 0x81, 0x7f, 0x80, 0x80, 0x82, 0x80, 0x7e, 0x7f, 0x80, 0x7f, 0x7f,
    0x7f, 0x80, 0x80, 0x7f, 0x7f, 0x7d, 0x7d, 0x7f, 0x80, 0x81, 0x7f, 0x7f,
    0x7e, 0x7f, 0x7f, 0x80, 0x7f, 0x80, 0x82, 0x80, 0x81, 0x82, 0x82, 0x81,
    0x82, 0x80, 0x81, 0x80, 0x80, 0x80, 0x7e, 0x7e, 0x7f, 0x7e, 0x7d, 0x7c,
    0x7c, 0x7e, 0x7c, 0x7e, 0x7f, 0x7f, 0x81, 0x81, 0x7f, 0x80, 0x82, 0x81,
    0x81, 0x81, 0x80, 0x80, 0x81, 0x80, 0x7f, 0x80, 0x7f, 0x81, 0x7e, 0x7e,
    0x7f, 0x7f, 0x7f, 0x7e, 0x80, 0x80, 0x80, 0x7f, 0x7f, 0x80, 0x7f, 0x7f,
    0x7e, 0x7e, 0x7f, 0x81, 0x80, 0x80, 0x7f, 0x7f, 0x7f, 0x7f, 0x80, 0x81,
    0x81, 0x7e, 0x80, 0x80, 0x80, 0x80, 0x80, 0x80, 0x81, 0x80, 0x7f, 0x80,
    0x7f, 0x80, 0x81, 0x7f, 0x7f, 0x7f, 0x7f, 0x80, 0x7e, 0x7f, 0x7e, 0x7d,
    0x7e, 0x7d, 0x7e, 0x7f, 0x80, 0x81, 0x81, 0x80, 0x80, 0x81, 0x7f, 0x80,
    0x82, 0x80, 0x81, 0x82, 0x82, 0x7f, 0x81, 0x81, 0x81, 0x81, 0x80, 0x7f,
    0x7f, 0x80, 0x80, 0x7e, 0x7e, 0x7e, 0x7c, 0x7f, 0x7e, 0x7e, 0x7f, 0x7f,
    0x7f, 0x7d, 0x7d, 0x7e, 0x7f, 0x80, 0x80, 0x81, 0x80, 0x80, 0x81, 0x80,
    0x81, 0x7f, 0x7f, 0x7f, 0x7f, 0x80, 0x80, 0x80, 0x80, 0x81, 0x80, 0x80,
    0x7f, 0x7e, 0x80, 0x81, 0x80, 0x81, 0x81, 0x80, 0x80, 0x7e, 0x7f, 0x80,
    0x7f, 0x80, 0x80, 0x7e, 0x80, 0x80, 0x80, 0x80, 0x7f, 0x80, 0x7f, 0x7f,
    0x7f, 0x7f, 0x7f, 0x7e, 0x7e, 0x7f, 0x7e, 0x80, 0x7f, 0x80, 0x80, 0x81,
    0x81, 0x80, 0x82, 0x81, 0x7f, 0x7e, 0x80, 0x80, 0x7e, 0x7f, 0x7f, 0x80,
    0x81, 0x80, 0x81, 0x80, 0x7f, 0x7f, 0x7f, 0x7f, 0x7f, 0x80, 0x80, 0x7f,
    0x7f, 0x7f, 0x7f, 0x7f, 0x7e, 0x80, 0x7f, 0x7e, 0x7e, 0x7e, 0x80, 0x7f,
    0x80, 0x80, 0x81, 0x81, 0x81, 0x81, 0x82, 0x81, 0x7f, 0x80, 0x80, 0x7e,
    0x81, 0x81, 0x7e, 0x7e, 0x7f, 0x80, 0x7d, 0x7e, 0x7d, 0x7e, 0x80, 0x7f,
    0x7f, 0x7e, 0x7f, 0x7e, 0x7f, 0x7e, 0x80, 0x7f, 0x7e, 0x80, 0x81, 0x81,
    0x80, 0x82, 0x81, 0x81, 0x81, 0x81, 0x80, 0x80, 0x7f, 0x7f, 0x80, 0x7f,
    0x80, 0x7f, 0x80, 0x7f, 0x7f, 0x80, 0x80, 0x7f, 0x7e, 0x7e, 0x7f, 0x7f,
    0x7f, 0x80, 0x7f, 0x80, 0x80, 0x80, 0x80, 0x81, 0x82, 0x81, 0x81, 0x81,
    0x81, 0x80, 0x7f, 0x7e, 0x7e, 0x7d, 0x7e, 0x7d, 0x7e, 0x7e, 0x7d, 0x7f,
    0x7e, 0x81, 0x80, 0x7f, 0x7f, 0x7f, 0x80, 0x80, 0x81, 0x7f, 0x80, 0x80,
    0x81, 0x81, 0x81, 0x81, 0x81, 0x80, 0x7f, 0x81, 0x81, 0x83, 0x80, 0x80,
    0x80, 0x80, 0x7f, 0x7f, 0x7e, 0x7f, 0x7e, 0x7d, 0x80, 0x7d, 0x7e, 0x7d,
    0x7d, 0x7e, 0x7f, 0x7f, 0x80, 0x7f, 0x80, 0x80, 0x7f, 0x80, 0x7f, 0x80,
    0x81, 0x81, 0x81, 0x80, 0x7f, 0x7f, 0x80, 0x81, 0x7f, 0x7f, 0x80, 0x81,
    0x81, 0x80, 0x80, 0x80, 0x81, 0x80, 0x80, 0x7e, 0x7f, 0x80, 0x7f, 0x80,
    0x7f, 0x80, 0x80, 0x7f, 0x80, 0x7f, 0x7f, 0x7e, 0x7d, 0x7f, 0x7e, 0x7f,
    0x7f, 0x7d, 0x7f, 0x7e, 0x7f, 0x7f, 0x7f, 0x80, 0x80, 0x82, 0x81, 0x7f,
    0x81, 0x7f, 0x7f, 0x80, 0x7f, 0x81, 0x81, 0x80, 0x80, 0x80, 0x7f, 0x81,
    0x82, 0x7f, 0x80, 0x7f, 0x80, 0x7e, 0x7f, 0x80, 0x7f, 0x80, 0x7e, 0x80,
    0x7e, 0x7f, 0x7e, 0x7f, 0x7f, 0x7e, 0x7e, 0x7f, 0x7f, 0x80, 0x80, 0x80,
    0x82, 0x80, 0x81, 0x7f, 0x7e, 0x7e, 0x80, 0x81, 0x81, 0x81, 0x81, 0x82,
    0x7f, 0x81, 0x83, 0x81, 0x80, 0x81, 0x80, 0x80, 0x7f, 0x7e, 0x7e, 0x7d,
    0x7d, 0x7f, 0x7f, 0x7e, 0x7e, 0x7e, 0x7e, 0x7e, 0x7f, 0x7f, 0x80, 0x7f,
    0x7f, 0x7f, 0x80, 0x80, 0x80, 0x81, 0x82, 0x81, 0x80, 0x7e, 0x7f, 0x81,
    0x80, 0x81, 0x7f, 0x7f, 0x80, 0x80, 0x80, 0x80, 0x7f, 0x7f, 0x7f, 0x7f,
    0x80, 0x7e, 0x7f, 0x7f, 0x7f, 0x7f, 0x7e, 0x80, 0x80, 0x80, 0x80, 0x80,
    0x80, 0x80, 0x82, 0x81, 0x80, 0x81, 0x7f, 0x80, 0x80, 0x7f, 0x7f, 0x7f,
    0x80, 0x80, 0x7f, 0x80, 0x7f, 0x7f, 0x7f, 0x7e, 0x7e, 0x80, 0x7f, 0x7f,
    0x7e, 0x7e, 0x80, 0x81, 0x82, 0x81, 0x80, 0x7f, 0x7f, 0x7e, 0x80, 0x81,
    0x80, 0x80, 0x80, 0x7f, 0x80, 0x7f, 0x7d, 0x7e, 0x7f, 0x7e, 0x7f, 0x7e,
    0x7d, 0x7f, 0x7f, 0x80, 0x7f, 0x80, 0x81, 0x80, 0x81, 0x80, 0x7e, 0x7f,
    0x7f, 0x80, 0x82, 0x81, 0x82, 0x81, 0x80, 0x80, 0x81, 0x80, 0x7f, 0x80,
    0x7f, 0x80, 0x81, 0x80, 0x80, 0x80, 0x80, 0x7f, 0x7e, 0x7f, 0x7e, 0x7e,
    0x7f, 0x81, 0x80, 0x7d, 0x7e, 0x7f, 0x80, 0x80, 0x81, 0x7e, 0x7f, 0x7f,
    0x80, 0x80, 0x81, 0x81, 0x7f, 0x7f, 0x80, 0x80, 0x7f, 0x7e, 0x7f, 0x81,
    0x7f, 0x80, 0x80, 0x80, 0x81, 0x7f, 0x7e, 0x80, 0x7f, 0x7f, 0x80, 0x7f,
    0x7f, 0x7e, 0x7f, 0x7f, 0x7e, 0x7f, 0x7d, 0x7f, 0x80, 0x81, 0x81, 0x80,
    0x7f, 0x7f, 0x7f, 0x7f, 0x80, 0x7f, 0x7f, 0x80, 0x81, 0x80, 0x7e, 0x7f,
    0x81, 0x81, 0x82, 0x82, 0x82, 0x82, 0x81, 0x81, 0x80, 0x80, 0x80, 0x7f,
    0x80, 0x7f, 0x7e, 0x7c, 0x7e, 0x7d, 0x7d, 0x7f, 0x7e, 0x80, 0x7d, 0x7e,
    0x80, 0x7f, 0x7f, 0x80, 0x7f, 0x7f, 0x81, 0x80, 0x7f, 0x80, 0x82, 0x81,
    0x7f, 0x7f, 0x7e, 0x7e, 0x80, 0x82, 0x80, 0x7f, 0x80, 0x7f, 0x80, 0x80,
    0x80, 0x7e, 0x7f, 0x80, 0x7e, 0x7f, 0x7f, 0x7f, 0x7f, 0x7f, 0x80, 0x80,
    0x82, 0x80, 0x80, 0x7f, 0x7e, 0x7f, 0x7f, 0x7f, 0x80, 0x81, 0x7f, 0x81,
    0x7f, 0x7f, 0x81, 0x81, 0x7e, 0x7f, 0x7f, 0x80, 0x80, 0x7e, 0x7f, 0x7f,
    0x7f, 0x81, 0x82, 0x80, 0x81, 0x80, 0x7f, 0x80, 0x80, 0x7e, 0x7f, 0x7e,
    0x80, 0x81, 0x7f, 0x7e, 0x7e, 0x7e, 0x7e, 0x80, 0x80, 0x80, 0x80, 0x7f,
    0x7f, 0x7f, 0x7f, 0x7f, 0x7e, 0x7e, 0x7e, 0x7f, 0x7f, 0x7f, 0x7f, 0x7f,
    0x7f, 0x81, 0x82, 0x81, 0x82, 0x82, 0x83, 0x83, 0x82, 0x82, 0x82, 0x81,
    0x80, 0x7e, 0x7e, 0x7e, 0x7d, 0x7c, 0x7c, 0x7e, 0x7f, 0x7f, 0x7c, 0x7e,
    0x81, 0x7e, 0x7e, 0x80, 0x7f, 0x7f, 0x80, 0x81, 0x80, 0x80, 0x80, 0x80,
    0x81, 0x80, 0x80, 0x80, 0x80, 0x81, 0x80, 0x81, 0x7f, 0x7f, 0x7f, 0x80,
    0x7f, 0x7f, 0x81, 0x80, 0x81, 0x7f, 0x80, 0x80, 0x80, 0x81, 0x7e, 0x7e,
    0x7f, 0x80, 0x7f, 0x7f, 0x7f, 0x7f, 0x80, 0x80, 0x7f, 0x7f, 0x80, 0x80,
    0x81, 0x80, 0x7f, 0x7f, 0x7e, 0x80, 0x80, 0x7e, 0x7e, 0x7f, 0x81, 0x7e,
    0x7f, 0x7e, 0x7f, 0x7f, 0x7e, 0x80, 0x7f, 0x7e, 0x80, 0x81, 0x80, 0x80,
    0x7f, 0x81, 0x81, 0x81, 0x81, 0x80, 0x80, 0x80, 0x7e, 0x7f, 0x7f, 0x7f,
    0x80, 0x7f, 0x80, 0x7f, 0x7e, 0x7f, 0x7f, 0x7f, 0x81, 0x82, 0x81, 0x7f,
    0x7f, 0x7f, 0x7f, 0x7e, 0x7f, 0x80, 0x7f, 0x7f, 0x7e, 0x7f, 0x7f, 0x80,
    0x7f, 0x80, 0x81, 0x80, 0x7f, 0x80, 0x7f, 0x7e, 0x7f, 0x80, 0x81, 0x80,
    0x80, 0x80, 0x7f, 0x7f, 0x7f, 0x7f, 0x7f, 0x80, 0x81, 0x81, 0x81, 0x80,
    0x80, 0x7f, 0x7e, 0x7e, 0x80, 0x80, 0x7e, 0x80, 0x7e, 0x7f, 0x80, 0x80,
    0x7f, 0x7f, 0x7f, 0x80, 0x81, 0x80, 0x81, 0x81, 0x81, 0x80, 0x81, 0x81,
    0x80, 0x81, 0x7f, 0x7f, 0x7f, 0x7e, 0x7f, 0x7f, 0x7e, 0x7f, 0x7e, 0x7f,
    0x81, 0x81, 0x7f, 0x80, 0x7f, 0x7f, 0x7f, 0x7f, 0x80, 0x7d, 0x7f, 0x7f,
    0x81, 0x80, 0x7f, 0x81, 0x80, 0x80, 0x81, 0x81, 0x81, 0x80, 0x80, 0x80,
    0x80, 0x80, 0x7e, 0x7f, 0x7d, 0x7d, 0x7f, 0x7f, 0x7f, 0x7f, 0x7e, 0x7d,
    0x7e, 0x7f, 0x7e, 0x7f, 0x7f, 0x7f, 0x81, 0x81, 0x81, 0x7f, 0x80, 0x80,
    0x80, 0x82, 0x81, 0x80, 0x80, 0x81, 0x80, 0x80, 0x7f, 0x80, 0x7f, 0x7f,
    0x80, 0x7f, 0x7f, 0x7f, 0x7f, 0x80, 0x80, 0x7f, 0x7e, 0x7d, 0x7f, 0x7e,
    0x7e, 0x7f, 0x7f, 0x7f, 0x7f, 0x7f, 0x7e, 0x80, 0x80, 0x7f, 0x7f, 0x7f,
    0x7e, 0x7f, 0x7f, 0x7f, 0x81, 0x81, 0x82, 0x81, 0x82, 0x81, 0x80, 0x81,
    0x82, 0x7f, 0x7e, 0x7f, 0x7f, 0x7f, 0x7e, 0x7f, 0x7d, 0x7e, 0x7f, 0x80,
    0x7f, 0x80, 0x80, 0x81, 0x82, 0x7f, 0x80, 0x7f, 0x7f, 0x7f, 0x80, 0x81,
    0x81, 0x81, 0x80, 0x7f, 0x81, 0x81, 0x80, 0x80, 0x7f, 0x7e, 0x7e, 0x7e,
    0x7e, 0x7f, 0x7f, 0x7f, 0x7e, 0x80, 0x7f, 0x7f, 0x7d, 0x7e, 0x7f, 0x7e,
    0x80, 0x7f, 0x7f, 0x7e, 0x81, 0x80, 0x7f, 0x7f, 0x80, 0x80, 0x81, 0x82,
    0x82, 0x81, 0x80, 0x81, 0x80, 0x80, 0x80, 0x7f, 0x80, 0x80, 0x81, 0x80,
    0x7f, 0x80, 0x80, 0x80, 0x80, 0x7f, 0x80, 0x81, 0x7f, 0x80, 0x81, 0x7e,
    0x7f, 0x80, 0x7e, 0x7f, 0x7f, 0x7e, 0x7e, 0x7f, 0x7f, 0x7d, 0x7f, 0x7e,
    0x7f, 0x7f, 0x7e, 0x80, 0x7f, 0x80, 0x80, 0x80, 0x80, 0x7e, 0x7f, 0x80,
    0x81, 0x80, 0x80, 0x7f, 0x80, 0x80, 0x80, 0x81, 0x7f, 0x80, 0x80, 0x7f,
    0x7f, 0x80, 0x80, 0x80, 0x81, 0x81, 0x80, 0x7f, 0x7f, 0x80, 0x7e, 0x7d,
    0x7d, 0x7e, 0x7f, 0x7e, 0x7e, 0x7f, 0x7f, 0x7f, 0x7f, 0x80, 0x80, 0x80,
    0x80, 0x81, 0x80, 0x7f, 0x7f, 0x7f, 0x80, 0x80, 0x80, 0x7f, 0x80, 0x81,
    0x80, 0x81, 0x81, 0x81, 0x80, 0x7f, 0x80, 0x7f, 0x80, 0x80, 0x7e, 0x7f,
    0x7e, 0x7f, 0x7e, 0x7f, 0x7d, 0x7e, 0x80, 0x80, 0x7f, 0x7f, 0x7f, 0x80,
    0x80, 0x80, 0x80, 0x81, 0x81, 0x81, 0x80, 0x81, 0x81, 0x7d, 0x7f, 0x80,
    0x80, 0x80, 0x7e, 0x7f, 0x7f, 0x7f, 0x81, 0x81, 0x7f, 0x80, 0x7f, 0x80,
    0x7e, 0x7f, 0x7f, 0x80, 0x80, 0x7f, 0x80, 0x7e, 0x7f, 0x7d, 0x80, 0x7f,
    0x80, 0x80, 0x80, 0x7e, 0x7d, 0x7f, 0x7f, 0x81, 0x80, 0x81, 0x81, 0x7e,
    0x80, 0x81, 0x80, 0x80, 0x80, 0x80, 0x7f, 0x81, 0x7f, 0x7f, 0x80, 0x80,
    0x80, 0x80, 0x7f, 0x7f, 0x7e, 0x7e, 0x7f, 0x7d, 0x80, 0x80, 0x7f, 0x7f,
    0x7f, 0x7f, 0x7f, 0x80, 0x80, 0x80, 0x7f, 0x80, 0x81, 0x7f, 0x80, 0x80,
    0x81, 0x80, 0x7f, 0x7f, 0x80, 0x81, 0x80, 0x80, 0x80, 0x80, 0x7e, 0x81,
    0x80, 0x7f, 0x7e, 0x7e, 0x7f, 0x7f, 0x81, 0x7f, 0x7f, 0x7e, 0x80, 0x7f,
    0x7e, 0x7f, 0x7e, 0x81, 0x81, 0x7e, 0x7f, 0x7e, 0x7f, 0x80, 0x80, 0x80,
    0x7f, 0x82, 0x80, 0x7f, 0x7f, 0x80, 0x7f, 0x80, 0x80, 0x80, 0x7f, 0x7e,
    0x80, 0x7d, 0x7f, 0x7f, 0x7f, 0x7f, 0x81, 0x7f, 0x81, 0x81, 0x81, 0x81,
    0x80, 0x82, 0x80, 0x80, 0x80, 0x7f, 0x7e, 0x7f, 0x7f, 0x7d, 0x7f, 0x80,
    0x80, 0x80, 0x7f, 0x7e, 0x7f, 0x7d, 0x7e, 0x7e, 0x7f, 0x81, 0x80, 0x82,
    0x7f, 0x80, 0x7f, 0x7f, 0x81, 0x81, 0x81, 0x80, 0x7f, 0x7e, 0x7f, 0x7f,
    0x80, 0x7f, 0x7e, 0x80, 0x7f, 0x7f, 0x80, 0x80, 0x81, 0x81, 0x80, 0x7f,
    0x7f, 0x7f, 0x7f, 0x7f, 0x81, 0x7f, 0x7f, 0x80, 0x81, 0x80, 0x80, 0x80,
    0x7e, 0x80, 0x7f, 0x7f, 0x80, 0x7f, 0x7e, 0x7e, 0x7d, 0x7e, 0x7e, 0x7f,
    0x80, 0x7f, 0x7f, 0x7e, 0x80, 0x7f, 0x7f, 0x7e, 0x7e, 0x80, 0x81, 0x81,
    0x82, 0x82, 0x81, 0x81, 0x7f, 0x81, 0x80, 0x81, 0x81, 0x81, 0x80, 0x80,
    0x80, 0x7f, 0x81, 0x80, 0x7f, 0x7e, 0x7e, 0x7d, 0x7d, 0x7d, 0x7e, 0x80,
    0x7f, 0x7f, 0x7f, 0x7d, 0x7e, 0x7f, 0x7e, 0x7f, 0x7d, 0x7e, 0x7f, 0x80,
    0x80, 0x80, 0x7f, 0x80, 0x80, 0x81, 0x80, 0x80, 0x82, 0x82, 0x81, 0x81,
    0x81, 0x7f, 0x80, 0x81, 0x80, 0x7f, 0x7e, 0x7f, 0x7d, 0x7e, 0x81, 0x7f,
    0x7f, 0x7f, 0x7f, 0x80, 0x80, 0x80, 0x7f, 0x7f, 0x80, 0x7f, 0x7e, 0x80,
    0x81, 0x82, 0x7f, 0x80, 0x80, 0x80, 0x80, 0x80, 0x80, 0x80, 0x80, 0x7f,
    0x7f, 0x7e, 0x7f, 0x81, 0x7f, 0x80, 0x80, 0x80, 0x80, 0x80, 0x80, 0x80,
    0x7f, 0x7d, 0x7e, 0x7f, 0x7e, 0x7e, 0x7e, 0x80, 0x80, 0x7f, 0x80, 0x80,
    0x7e, 0x7f, 0x7f, 0x7e, 0x7e, 0x7e, 0x7f, 0x80, 0x80, 0x7f, 0x7f, 0x82,
    0x81, 0x81, 0x80, 0x80, 0x81, 0x83, 0x80, 0x81, 0x81, 0x81, 0x81, 0x80,
    0x82, 0x7f, 0x81, 0x80, 0x7f, 0x7d, 0x7f, 0x7e, 0x7e, 0x7d, 0x7c, 0x7f,
    0x80, 0x7f, 0x7e, 0x81, 0x80, 0x80, 0x7f, 0x80, 0x7e, 0x7f, 0x7e, 0x7e,
    0x80, 0x7f, 0x80, 0x80, 0x80, 0x7f, 0x82, 0x80, 0x80, 0x80, 0x82, 0x80,
    0x80, 0x80, 0x7f, 0x80, 0x80, 0x7f, 0x7f, 0x7f, 0x80, 0x80, 0x80, 0x81,
    0x80, 0x81, 0x7f, 0x7e, 0x7f, 0x80, 0x7f, 0x7f, 0x80, 0x7f, 0x7f, 0x7f,
    0x7f, 0x7f, 0x80, 0x7e, 0x80, 0x80, 0x80, 0x80, 0x80, 0x7f, 0x7f, 0x7d,
    0x7e, 0x7f, 0x7e, 0x80, 0x7f, 0x7f, 0x7f, 0x80, 0x7f, 0x7e, 0x81, 0x7f,
    0x7f, 0x80, 0x7e, 0x80, 0x7f, 0x80, 0x82, 0x80, 0x7f, 0x7f, 0x80, 0x81,
    0x80, 0x80, 0x7f, 0x7f, 0x80, 0x7f, 0x80, 0x7f, 0x7f, 0x80, 0x81, 0x81,
    0x81, 0x81, 0x80, 0x80, 0x81, 0x81, 0x81, 0x80, 0x80, 0x7e, 0x7f, 0x7d,
    0x7d, 0x7c, 0x7b, 0x7d, 0x7d, 0x7d, 0x7d, 0x7f, 0x7f, 0x7f, 0x7e, 0x80,
    0x7f, 0x80, 0x82, 0x81, 0x80, 0x81, 0x81, 0x81, 0x82, 0x81, 0x7f, 0x81,
    0x80, 0x80, 0x81, 0x7f, 0x80, 0x7f, 0x7f, 0x7e, 0x7e, 0x7f, 0x7f, 0x7f,
    0x7f, 0x7e, 0x7e, 0x7f, 0x80, 0x80, 0x80, 0x80, 0x81, 0x81, 0x80, 0x81,
    0x80, 0x80, 0x7f, 0x80, 0x81, 0x80, 0x80, 0x7f, 0x7e, 0x80, 0x80, 0x7e,
    0x7e, 0x80, 0x7e, 0x7e, 0x7f, 0x7f, 0x7f, 0x80, 0x7f, 0x7f, 0x7e, 0x7d,
    0x80, 0x7f, 0x80, 0x80, 0x81, 0x7f, 0x7f, 0x80, 0x80, 0x80, 0x7f, 0x7f,
    0x7f, 0x81, 0x7f, 0x80, 0x80, 0x80, 0x81, 0x81, 0x80, 0x80, 0x7f, 0x7e,
    0x80, 0x7e, 0x7f, 0x7f, 0x80, 0x80, 0x80, 0x7e, 0x7e, 0x80, 0x7e, 0x7e,
    0x80, 0x80, 0x7f, 0x7f, 0x80, 0x80, 0x80, 0x81, 0x81, 0x80, 0x80, 0x7f,
    0x80, 0x80, 0x7e, 0x7f, 0x80, 0x80, 0x80, 0x7f, 0x80, 0x7f, 0x7e, 0x7f,
    0x7f, 0x7f, 0x81, 0x80, 0x7f, 0x80, 0x7e, 0x80, 0x80, 0x7f, 0x80, 0x7f,
    0x7f, 0x7f, 0x81, 0x7e, 0x7f, 0x81, 0x81, 0x82, 0x81, 0x80, 0x80, 0x7f,
    0x7e, 0x7f, 0x7f, 0x7e, 0x7f, 0x7d, 0x7d, 0x7f, 0x7e, 0x7e, 0x7f, 0x80,
    0x81, 0x81, 0x81, 0x81, 0x81, 0x80, 0x82, 0x81, 0x81, 0x80, 0x80, 0x7f,
    0x80, 0x80, 0x80, 0x7f, 0x7d, 0x7e, 0x7e, 0x80, 0x7f, 0x7f, 0x7f, 0x7e,
    0x7d, 0x7d, 0x7e, 0x7d, 0x81, 0x80, 0x80, 0x80, 0x80, 0x7f, 0x80, 0x80,
    0x7f, 0x82, 0x7f, 0x7f, 0x81, 0x81, 0x81, 0x81, 0x82, 0x81, 0x81, 0x80,
    0x81, 0x81, 0x81, 0x80, 0x80, 0x80, 0x80, 0x7f, 0x7e, 0x7d, 0x7e, 0x7f,
    0x7d, 0x7f, 0x7e, 0x7e, 0x7e, 0x7d, 0x7e, 0x7f, 0x7f, 0x81, 0x7f, 0x7f,
    0x80, 0x80, 0x81, 0x81, 0x81, 0x80, 0x80, 0x7f, 0x7f, 0x81, 0x81, 0x80,
    0x80, 0x80, 0x80, 0x81, 0x7f, 0x7f, 0x80, 0x7e, 0x7e, 0x7f, 0x7e, 0x7e,
    0x7e, 0x7f, 0x7e, 0x7f, 0x80, 0x80, 0x80, 0x7f, 0x80, 0x80, 0x80, 0x81,
    0x81, 0x80, 0x7f, 0x7f, 0x7f, 0x7f, 0x7f, 0x7e, 0x7e, 0x7e, 0x7f, 0x81,
    0x80, 0x7f, 0x7e, 0x7e, 0x7f, 0x7f, 0x81, 0x80, 0x80, 0x80, 0x80, 0x82,
    0x80, 0x81, 0x80, 0x80, 0x81, 0x80, 0x80, 0x7e, 0x7e, 0x7d, 0x7e, 0x7f,
    0x7e, 0x7f, 0x7f, 0x7f, 0x81, 0x81, 0x80, 0x7f, 0x7f, 0x80, 0x7f, 0x7f,
    0x80, 0x7f, 0x7d, 0x7e, 0x7e, 0x7f, 0x82, 0x80, 0x81, 0x81, 0x80, 0x7f,
    0x7f, 0x7f, 0x7e, 0x7e, 0x7f, 0x7f, 0x7f, 0x80, 0x80, 0x81, 0x80, 0x80,
    0x81, 0x80, 0x81, 0x80, 0x80, 0x80, 0x80, 0x80, 0x7f, 0x7e, 0x7f, 0x7f,
    0x7f, 0x7d, 0x7d, 0x7e, 0x7f, 0x7f, 0x7f, 0x81, 0x7f, 0x80, 0x81, 0x81,
    0x81, 0x81, 0x81, 0x81, 0x80, 0x7f, 0x81, 0x80, 0x7e, 0x80, 0x7f, 0x7f,
    0x7f, 0x7f, 0x7f, 0x7d, 0x7e, 0x7f, 0x7f, 0x80, 0x7f, 0x7f, 0x7e, 0x7f,
    0x7f, 0x7e, 0x7e, 0x7f, 0x80, 0x80, 0x81, 0x80, 0x81, 0x80, 0x80, 0x81,
    0x81, 0x7f, 0x80, 0x7e, 0x7e, 0x80, 0x7d, 0x7f, 0x7f, 0x7f, 0x7f, 0x80,
    0x80, 0x80, 0x81, 0x80, 0x80, 0x7f, 0x7e, 0x7e, 0x7e, 0x7f, 0x7f, 0x80,
    0x80, 0x81, 0x81, 0x7f, 0x81, 0x80, 0x80, 0x7f, 0x7f, 0x7f, 0x80, 0x80,
    0x7e, 0x7f, 0x7e, 0x80, 0x80, 0x7e, 0x7f, 0x80, 0x7f, 0x80, 0x80, 0x80,
    0x7f, 0x81, 0x82, 0x80, 0x81, 0x7f, 0x7e, 0x7e, 0x7e, 0x7f, 0x80, 0x7f,
    0x7e, 0x7f, 0x7f, 0x80, 0x7f, 0x80, 0x7f, 0x7f, 0x7f, 0x7e, 0x80, 0x81,
    0x80, 0x80, 0x7f, 0x81, 0x81, 0x80, 0x80, 0x7f, 0x7f, 0x7f, 0x80, 0x80,
    0x7f, 0x7f, 0x80, 0x81, 0x81, 0x7f, 0x7d, 0x7e, 0x7e, 0x80, 0x7e, 0x7f,
    0x80, 0x7e, 0x7f, 0x7e, 0x7e, 0x80, 0x7f, 0x82, 0x82, 0x81, 0x81, 0x80,
    0x80, 0x7f, 0x7f, 0x7e, 0x7f, 0x7f, 0x80, 0x7f, 0x80, 0x80, 0x7d, 0x7e,
    0x7f, 0x7f, 0x7f, 0x7f, 0x7e, 0x80, 0x80, 0x7f, 0x80, 0x7f, 0x80, 0x80,
    0x80, 0x81, 0x80, 0x80, 0x7f, 0x80, 0x80, 0x7f, 0x80, 0x7f, 0x80, 0x81,
    0x80, 0x81, 0x80, 0x7f, 0x7f, 0x80, 0x7f, 0x7e, 0x7f, 0x7e, 0x7f, 0x80,
    0x80, 0x80, 0x80, 0x80, 0x7f, 0x7f, 0x80, 0x7f, 0x7f, 0x7e, 0x7f, 0x81,
    0x7f, 0x7f, 0x80, 0x80, 0x7f, 0x80, 0x7f, 0x7d, 0x80, 0x80, 0x7f, 0x80,
    0x7f, 0x80, 0x81, 0x7f, 0x7e, 0x7f, 0x7f, 0x7e, 0x7e, 0x7f, 0x7e, 0x7e,
    0x7e, 0x7e, 0x7f, 0x80, 0x80, 0x80, 0x81, 0x80, 0x80, 0x7f, 0x80, 0x81,
    0x81, 0x7f, 0x80, 0x80, 0x7f, 0x7f, 0x7f, 0x80, 0x81, 0x80, 0x7f, 0x81,
    0x7f, 0x80, 0x7f, 0x80, 0x7f, 0x7e, 0x7e, 0x7f, 0x81, 0x7f, 0x7f, 0x80,
    0x81, 0x7f, 0x80, 0x80, 0x7f, 0x80, 0x81, 0x80, 0x7f, 0x7e, 0x7d, 0x7e,
    0x7f, 0x80, 0x81, 0x81, 0x80, 0x80, 0x80, 0x80, 0x80, 0x7f, 0x7e, 0x80,
    0x80, 0x7f, 0x7e, 0x7d, 0x7f, 0x7e, 0x7e, 0x80, 0x7f, 0x81, 0x81, 0x80,
    0x80, 0x80, 0x80, 0x7f, 0x7e, 0x7d, 0x7d, 0x7e, 0x7f, 0x7f, 0x7f, 0x81,
    0x81, 0x7f, 0x81, 0x81, 0x81, 0x82, 0x81, 0x80, 0x7f, 0x7f, 0x82, 0x81,
    0x80, 0x81, 0x7f, 0x7f, 0x80, 0x7f, 0x80, 0x7f, 0x80, 0x80, 0x80, 0x80,
    0x7f, 0x7f, 0x7e, 0x7f, 0x7e, 0x7f, 0x7f, 0x7e, 0x80, 0x81, 0x7f, 0x7f,
    0x80, 0x7f, 0x7f, 0x7e, 0x7e, 0x7e, 0x80, 0x7f, 0x7d, 0x7f, 0x7f, 0x7f,
    0x7e, 0x80, 0x80, 0x81, 0x80, 0x80, 0x80, 0x80, 0x80, 0x80, 0x81, 0x81,
    0x7f, 0x80, 0x7e, 0x7e, 0x80, 0x7e, 0x7f, 0x80, 0x80, 0x7f, 0x7e, 0x7f,
    0x80, 0x7f, 0x7f, 0x80, 0x80, 0x80, 0x7f, 0x7f, 0x80, 0x81, 0x80, 0x80,
    0x7f, 0x7f, 0x81, 0x7f, 0x7f, 0x80, 0x80, 0x80, 0x80, 0x7e, 0x7f, 0x7f,
    0x80, 0x7f, 0x7e, 0x7f, 0x7e, 0x7f, 0x7e, 0x7f, 0x7f, 0x7f, 0x81, 0x81,
    0x81, 0x81, 0x80, 0x7f, 0x81, 0x7f, 0x7e, 0x81, 0x81, 0x7f, 0x81, 0x82,
    0x80, 0x7f, 0x80, 0x80, 0x80, 0x7f, 0x7e, 0x7f, 0x7f, 0x80, 0x7f, 0x7e,
    0x7f, 0x7f, 0x7e, 0x7e, 0x7e, 0x7f, 0x7f, 0x7e, 0x7f, 0x7e, 0x7e, 0x80,
    0x7f, 0x80, 0x80, 0x81, 0x81, 0x7f, 0x80, 0x81, 0x81, 0x82, 0x7f, 0x7f,
    0x80, 0x80, 0x80, 0x7e, 0x7f, 0x7f, 0x7f, 0x7f, 0x80, 0x80, 0x80, 0x80,
    0x7e, 0x7f, 0x7d, 0x7f, 0x81, 0x80, 0x81, 0x80, 0x80, 0x81, 0x80, 0x81,
    0x81, 0x80, 0x80, 0x7f, 0x7e, 0x7f, 0x80, 0x80, 0x80, 0x7e, 0x7e, 0x7e,
    0x7f, 0x7e, 0x7e, 0x7f, 0x7f, 0x7f, 0x81, 0x80, 0x7f, 0x80, 0x7f, 0x7f,
    0x7e, 0x7e, 0x7f, 0x80, 0x7f, 0x7f, 0x7e, 0x7f, 0x80, 0x7f, 0x80, 0x81,
    0x81, 0x80, 0x81, 0x80, 0x80, 0x80, 0x80, 0x80, 0x7e, 0x7f, 0x7f, 0x7e,
    0x7e, 0x7e, 0x80, 0x80, 0x7d, 0x7e, 0x7f, 0x80, 0x7f, 0x80, 0x80, 0x81,
    0x81, 0x80, 0x7f, 0x80, 0x81, 0x81, 0x80, 0x7e, 0x80, 0x80, 0x7e, 0x80,
    0x7f, 0x80, 0x7f, 0x7f, 0x81, 0x81, 0x80, 0x80, 0x80, 0x7d, 0x7e, 0x7f,
    0x80, 0x7f, 0x7e, 0x81, 0x81, 0x82, 0x80, 0x7f, 0x81, 0x80, 0x81, 0x81,
    0x81, 0x80, 0x7f, 0x7f, 0x7f, 0x80, 0x7e, 0x7e, 0x7e, 0x7f, 0x7e, 0x7e,
    0x7e, 0x7f, 0x7e, 0x7e, 0x7e, 0x7f, 0x80, 0x7e, 0x80, 0x80, 0x80, 0x81,
    0x80, 0x81, 0x81, 0x7f, 0x7f, 0x7f, 0x7f, 0x80, 0x80, 0x80, 0x81, 0x81,
    0x81, 0x81, 0x7f, 0x7f, 0x80, 0x81, 0x80, 0x80, 0x80, 0x80, 0x7f, 0x7f,
    0x7e, 0x7e, 0x7f, 0x7d, 0x80, 0x7f, 0x7f, 0x7e, 0x7e, 0x80, 0x7e, 0x7d,
    0x7c, 0x7f, 0x7f, 0x81, 0x80, 0x81, 0x81, 0x7f, 0x82, 0x80, 0x82, 0x80,
    0x80, 0x81, 0x80, 0x82, 0x82, 0x81, 0x7f, 0x80, 0x80, 0x80, 0x7f, 0x7f,
    0x7d, 0x7e, 0x7f, 0x80, 0x7f, 0x7e, 0x7e, 0x7e, 0x80, 0x7e, 0x7f, 0x7e,
    0x7f, 0x7e, 0x7f, 0x82, 0x80, 0x80, 0x81, 0x82, 0x81, 0x80, 0x80, 0x80,
    0x7e, 0x7f, 0x7e, 0x7f, 0x7f, 0x7e, 0x7f, 0x80, 0x80, 0x7f, 0x7f, 0x80,
    0x80, 0x80, 0x80, 0x81, 0x7f, 0x80, 0x7f, 0x7f, 0x7f, 0x7e, 0x7f, 0x7d,
    0x80, 0x80, 0x7f, 0x80, 0x7e, 0x7e, 0x7f, 0x80, 0x7f, 0x80, 0x81, 0x7f,
    0x7f, 0x80, 0x7f, 0x80, 0x80, 0x80, 0x80, 0x7e, 0x80, 0x80, 0x80, 0x7e,
    0x7f, 0x80, 0x7f, 0x82, 0x81, 0x80, 0x7f, 0x80, 0x81, 0x80, 0x80, 0x80,
    0x80, 0x7e, 0x7f, 0x81, 0x81, 0x81, 0x80, 0x7f, 0x80, 0x7f, 0x80, 0x80,
    0x80, 0x7f, 0x7e, 0x7f, 0x7f, 0x81, 0x7e, 0x7e, 0x7e, 0x7f, 0x7f, 0x7d,
    0x7e, 0x7e, 0x7f, 0x80, 0x7f, 0x7e, 0x80, 0x7f, 0x80, 0x80, 0x7f, 0x80,
    0x80, 0x80, 0x7f, 0x81, 0x80, 0x81, 0x82, 0x81, 0x82, 0x80, 0x80, 0x80,
    0x80, 0x7f, 0x80, 0x7f, 0x7f, 0x80, 0x7f, 0x7f, 0x7f, 0x7f, 0x7f, 0x7e,
    0x7f, 0x7e, 0x7f, 0x7e, 0x7f, 0x81, 0x7f, 0x7f, 0x7f, 0x81, 0x80, 0x80,
    0x80, 0x81, 0x82, 0x80, 0x80, 0x80, 0x80, 0x7f, 0x7d, 0x7f, 0x80, 0x7f,
    0x80, 0x80, 0x80, 0x80, 0x80, 0x7f, 0x7e, 0x7f, 0x81, 0x81, 0x80, 0x80,
    0x7f, 0x7f, 0x80, 0x80, 0x7e, 0x7e, 0x7f, 0x7f, 0x7d, 0x7e, 0x7d, 0x7f,
    0x7f, 0x80, 0x80, 0x80, 0x80, 0x80, 0x7f, 0x7f, 0x80, 0x80, 0x7f, 0x7f,
    0x80, 0x81, 0x81, 0x81, 0x80, 0x7f, 0x81, 0x80, 0x80, 0x80, 0x7f, 0x80,
    0x7f, 0x7e, 0x7f, 0x80, 0x80, 0x7f, 0x7f, 0x7f, 0x7f, 0x7f, 0x81, 0x7f,
    0x7f, 0x80, 0x7e, 0x7f, 0x7d, 0x7f, 0x80, 0x80, 0x80, 0x80, 0x81, 0x7f,
    0x80, 0x80, 0x80, 0x80, 0x7e, 0x80, 0x80, 0x7f, 0x7e, 0x7f, 0x81, 0x7f,
    0x81, 0x80, 0x7f, 0x7f, 0x7f, 0x7e, 0x7f, 0x7f, 0x80, 0x80, 0x80, 0x81,
    0x81, 0x81, 0x7f, 0x81, 0x7f, 0x7f, 0x80, 0x7f, 0x80, 0x7f, 0x80, 0x7f,
    0x7e, 0x7f, 0x80, 0x80, 0x7e, 0x7f, 0x80, 0x80, 0x7d, 0x7f, 0x7f, 0x7e,
    0x7f, 0x80, 0x7f, 0x7f, 0x7f, 0x80, 0x80, 0x80, 0x81, 0x81, 0x81, 0x80,
    0x81, 0x80, 0x80, 0x82, 0x7f, 0x7f, 0x81, 0x7f, 0x81, 0x80, 0x7f, 0x7f,
    0x7e, 0x7e, 0x7f, 0x7f, 0x7e, 0x7f, 0x7f, 0x80, 0x80, 0x7f, 0x7f, 0x80,
    0x7f, 0x7f, 0x80, 0x7e, 0x7f, 0x7f, 0x7d, 0x7f, 0x80, 0x80, 0x80, 0x80,
    0x80, 0x81, 0x80, 0x7f, 0x81, 0x80, 0x80, 0x80, 0x80, 0x7f, 0x7f, 0x80,
    0x7f, 0x7e, 0x80, 0x80, 0x80, 0x7f, 0x7e, 0x7f, 0x80, 0x81, 0x7f, 0x7f,
    0x7f, 0x7f, 0x7f, 0x7f, 0x80, 0x7f, 0x80, 0x7f, 0x7f, 0x81, 0x81, 0x81,
    0x81, 0x80, 0x81, 0x81, 0x82, 0x7f, 0x80, 0x7f, 0x7f, 0x7e, 0x7d, 0x7f,
    0x7d, 0x7d, 0x7d, 0x7f, 0x7f, 0x7e, 0x81, 0x81, 0x7f, 0x7f, 0x80, 0x80,
    0x80, 0x7f, 0x80, 0x80, 0x80, 0x81, 0x80, 0x81, 0x80, 0x7f, 0x7f, 0x80,
    0x7e, 0x7e, 0x7f, 0x7e, 0x7f, 0x7f, 0x7f, 0x81, 0x82, 0x7f, 0x7f, 0x80,
    0x7f, 0x80, 0x80, 0x81, 0x81, 0x7f, 0x7f, 0x80, 0x80, 0x7e, 0x80, 0x81,
    0x7f, 0x7f, 0x80, 0x7f, 0x7f, 0x80, 0x80, 0x80, 0x80, 0x7f, 0x80, 0x81,
    0x7f, 0x80, 0x81, 0x81, 0x81, 0x7f, 0x81, 0x7f, 0x7f, 0x80, 0x7e, 0x7f,
    0x7e, 0x7e, 0x7f, 0x7e, 0x7e, 0x7f, 0x7e, 0x7f, 0x7e, 0x80, 0x7f, 0x7f,
    0x81, 0x7e, 0x7f, 0x80, 0x80, 0x80, 0x81, 0x81, 0x82, 0x81, 0x81, 0x7f,
    0x80, 0x81, 0x7e, 0x7e, 0x7e, 0x7e, 0x7f, 0x80, 0x7f, 0x7f, 0x7f, 0x7f,
    0x7e, 0x7e, 0x7e, 0x80, 0x80, 0x7f, 0x7f, 0x81, 0x80, 0x7f, 0x81, 0x80,
    0x80, 0x7f, 0x7f, 0x81, 0x80, 0x7f, 0x7f, 0x80, 0x80, 0x80, 0x80, 0x81,
    0x7f, 0x7f, 0x80, 0x7e, 0x7f, 0x7e, 0x7d, 0x7f, 0x80, 0x80, 0x7f, 0x80,
    0x81, 0x81, 0x82, 0x80, 0x81, 0x80, 0x7e, 0x7e, 0x7f, 0x7f, 0x7f, 0x7f,
    0x7e, 0x7e, 0x7f, 0x80, 0x7f, 0x7f, 0x81, 0x81, 0x80, 0x7f, 0x7f, 0x7f,
    0x7e, 0x7f, 0x7f, 0x81, 0x81, 0x82, 0x81, 0x80, 0x7f, 0x7f, 0x7e, 0x7e,
    0x81, 0x7e, 0x7f, 0x80, 0x81, 0x81, 0x80, 0x80, 0x80, 0x7f, 0x81, 0x7f,
    0x7f, 0x80, 0x7e, 0x7f, 0x7f, 0x7e, 0x7f, 0x80, 0x7f, 0x7f, 0x81, 0x81,
    0x80, 0x80, 0x80, 0x80, 0x81, 0x80, 0x7f, 0x7e, 0x80, 0x7f, 0x7e, 0x7e,
    0x7e, 0x7d, 0x7e, 0x7f, 0x7f, 0x80, 0x80, 0x81, 0x80, 0x81, 0x80, 0x7f,
    0x7f, 0x7f, 0x7f, 0x7f, 0x80, 0x80, 0x80, 0x7f, 0x7e, 0x7f, 0x7f, 0x7e,
    0x80, 0x82, 0x81, 0x81, 0x80, 0x80, 0x81, 0x7f, 0x80, 0x80, 0x7f, 0x80,
    0x7f, 0x80, 0x7f, 0x7f, 0x7e, 0x7f, 0x7f, 0x80, 0x7f, 0x81, 0x80, 0x7e,
    0x7e, 0x7f, 0x7e, 0x7e, 0x7f, 0x7f, 0x7f, 0x7e, 0x7f, 0x7e, 0x81, 0x80,
    0x7e, 0x80, 0x7f, 0x80, 0x80, 0x80, 0x80, 0x7f, 0x7f, 0x80, 0x80, 0x80,
    0x80, 0x81, 0x80, 0x81, 0x80, 0x80, 0x82, 0x81, 0x81, 0x81, 0x7f, 0x7f,
    0x80, 0x80, 0x7e, 0x7f, 0x80, 0x80, 0x7f, 0x7f, 0x7f, 0x7f, 0x7d, 0x7e,
    0x7f, 0x7f, 0x7f, 0x7e, 0x7e, 0x7d, 0x7f, 0x7e, 0x7f, 0x80, 0x7f, 0x7f,
    0x7f, 0x80, 0x81, 0x81, 0x82, 0x82, 0x81, 0x82, 0x81, 0x82, 0x80, 0x80,
    0x80, 0x7f, 0x80, 0x7e, 0x7f, 0x7f, 0x80, 0x7f, 0x7f, 0x80, 0x7e, 0x7f,
    0x7e, 0x7e, 0x80, 0x80, 0x7f, 0x7f, 0x80, 0x80, 0x81, 0x80, 0x7e, 0x81,
    0x80, 0x81, 0x80, 0x7f, 0x80, 0x7e, 0x7f, 0x7e, 0x81, 0x80, 0x7f, 0x7e,
    0x7e, 0x7e, 0x80, 0x80, 0x7f, 0x81, 0x7f, 0x80, 0x80, 0x7f, 0x7f, 0x80,
    0x7e, 0x7e, 0x7f, 0x7e, 0x7f, 0x7f, 0x80, 0x82, 0x81, 0x80, 0x81, 0x80,
    0x81, 0x81, 0x81, 0x80, 0x80, 0x80, 0x80, 0x80, 0x80, 0x81, 0x80, 0x7f,
    0x80, 0x7f, 0x7f, 0x80, 0x80, 0x80, 0x7d, 0x7e, 0x7f, 0x7f, 0x7f, 0x80,
    0x80, 0x7f, 0x7d, 0x7d, 0x7e, 0x7d, 0x7e, 0x7e, 0x7f, 0x7f, 0x7f, 0x7e,
    0x7f, 0x80, 0x7f, 0x81, 0x81, 0x81, 0x82, 0x81, 0x81, 0x81, 0x81, 0x7f,
    0x80, 0x7f, 0x7f, 0x7f, 0x80, 0x7f, 0x7e, 0x80, 0x7e, 0x7e, 0x7e, 0x7f,
    0x7d, 0x7f, 0x7f, 0x7f, 0x7f, 0x7f, 0x81, 0x80, 0x81, 0x80, 0x81, 0x81,
    0x82, 0x7f, 0x81, 0x81, 0x81, 0x81, 0x7e, 0x7e, 0x7e, 0x7e, 0x7d, 0x7f,
    0x80, 0x80, 0x7f, 0x7d, 0x7f, 0x80, 0x7f, 0x80, 0x81, 0x80, 0x7e, 0x81,
    0x80, 0x80, 0x81, 0x81, 0x80, 0x7f, 0x80, 0x7e, 0x7e, 0x80, 0x81, 0x7f,
    0x80, 0x81, 0x80, 0x7f, 0x7f, 0x7e, 0x7d, 0x7c, 0x7d, 0x7e, 0x7d, 0x7e,
    0x7e, 0x7f, 0x7f, 0x7f, 0x80, 0x81, 0x81, 0x83, 0x81, 0x80, 0x82, 0x81,
    0x80, 0x81, 0x82, 0x81, 0x81, 0x81, 0x81, 0x7f, 0x7f, 0x80, 0x7f, 0x80,
    0x7f, 0x7e, 0x81, 0x7e, 0x7d, 0x7e, 0x7e, 0x7e, 0x7e, 0x7e, 0x7e, 0x7e,
    0x7e, 0x7f, 0x80, 0x7f, 0x7f, 0x81, 0x81, 0x80, 0x80, 0x82, 0x80, 0x81,
    0x81, 0x81, 0x80, 0x7f, 0x80, 0x7e, 0x7e, 0x80, 0x7e, 0x7f, 0x80, 0x7e,
    0x7f, 0x7f, 0x7f, 0x7e, 0x7e, 0x80, 0x80, 0x80, 0x81, 0x80, 0x81, 0x80,
    0x7f, 0x80, 0x7f, 0x80, 0x7f, 0x7e, 0x7e, 0x7f, 0x80, 0x7f, 0x7f, 0x80,
    0x7f, 0x7f, 0x7f, 0x7f, 0x80, 0x80, 0x80, 0x7e, 0x80, 0x80, 0x7f, 0x80,
    0x81, 0x81, 0x80, 0x7f, 0x7f, 0x80, 0x80, 0x80, 0x81, 0x80, 0x80, 0x80,
    0x7f, 0x7f, 0x7e, 0x7f, 0x7f, 0x7e, 0x7f, 0x7f, 0x7f, 0x7f, 0x7e, 0x7e,
    0x7f, 0x7f, 0x7f, 0x7f, 0x7f, 0x81, 0x7f, 0x80, 0x80, 0x7f, 0x80, 0x7f,
    0x7f, 0x7f, 0x82, 0x80, 0x7f, 0x7f, 0x7f, 0x80, 0x81, 0x7f, 0x7f, 0x80,
    0x7f, 0x80, 0x81, 0x80, 0x7f, 0x81, 0x81, 0x81, 0x81, 0x82, 0x82, 0x80,
    0x80, 0x80, 0x80, 0x7d, 0x7d, 0x7f, 0x7e, 0x7d, 0x7d, 0x7d, 0x7f, 0x7f,
    0x7f, 0x7f, 0x7f, 0x7e, 0x80, 0x81, 0x82, 0x80, 0x80, 0x80, 0x80, 0x81,
    0x7f, 0x80, 0x80, 0x81, 0x7f, 0x80, 0x7f, 0x81, 0x80, 0x7f, 0x80, 0x7f,
    0x80, 0x7f, 0x7f, 0x7f, 0x7e, 0x7e, 0x7f, 0x7e, 0x7e, 0x7e, 0x81, 0x81,
    0x80, 0x7f, 0x7f, 0x80, 0x7f, 0x7f, 0x81, 0x80, 0x80, 0x7f, 0x80, 0x7e,
    0x80, 0x81, 0x80, 0x80, 0x80, 0x81, 0x81, 0x82, 0x80, 0x80, 0x80, 0x7f,
    0x7f, 0x7f, 0x7e, 0x7e, 0x7e, 0x7e, 0x7e, 0x7d, 0x7f, 0x7e, 0x80, 0x7f,
    0x80, 0x80, 0x80, 0x81, 0x7e, 0x80, 0x7f, 0x7f, 0x7f, 0x80, 0x82, 0x81,
    0x80, 0x7e, 0x7f, 0x80, 0x7f, 0x7d, 0x80, 0x80, 0x80, 0x80, 0x80, 0x80,
    0x80, 0x7f, 0x7e, 0x80, 0x80, 0x7e, 0x80, 0x80, 0x7e, 0x80, 0x7f, 0x80,
    0x80, 0x7e, 0x7f, 0x80, 0x7f, 0x80, 0x80, 0x7f, 0x80, 0x80, 0x80, 0x80,
    0x80, 0x7f, 0x7f, 0x80, 0x80, 0x80, 0x82, 0x82, 0x7f, 0x80, 0x80, 0x7f,
    0x7d, 0x7f, 0x7f, 0x7f, 0x7f, 0x7d, 0x7e, 0x7e, 0x7f, 0x7f, 0x80, 0x7f,
    0x7f, 0x7f, 0x7e, 0x7f, 0x7f, 0x81, 0x80, 0x80, 0x80, 0x80, 0x80, 0x81,
    0x80, 0x7f, 0x81, 0x80, 0x81, 0x81, 0x80, 0x80, 0x80, 0x80, 0x7f, 0x7f,
    0x7f, 0x80, 0x7e, 0x7e, 0x7f, 0x7d, 0x7d, 0x7f, 0x80, 0x7f, 0x80, 0x81,
    0x80, 0x80, 0x80, 0x7f, 0x7f, 0x80, 0x80, 0x80, 0x80, 0x80, 0x80, 0x7f,
    0x80, 0x80, 0x80, 0x80, 0x7f, 0x7e, 0x7e, 0x7e, 0x7e, 0x7f, 0x7f, 0x81,
    0x80, 0x81, 0x82, 0x80, 0x81, 0x82, 0x80, 0x80, 0x81, 0x80, 0x80, 0x7e,
    0x7f, 0x7f, 0x7e, 0x7f, 0x7d, 0x7e, 0x7e, 0x7e, 0x7e, 0x7d, 0x7e, 0x7e,
    0x7f, 0x7f, 0x7f, 0x80, 0x80, 0x81, 0x80, 0x80, 0x80, 0x7f, 0x7f, 0x7f,
    0x80, 0x82, 0x82, 0x80, 0x81, 0x81, 0x81, 0x81, 0x80, 0x81, 0x80, 0x80,
    0x7f, 0x7f, 0x7f, 0x7e, 0x7d, 0x7e, 0x7d, 0x7e, 0x7f, 0x7d, 0x7f, 0x80,
    0x81, 0x7e, 0x7e, 0x7f, 0x80, 0x80, 0x80, 0x80, 0x80, 0x81, 0x81, 0x80,
    0x81, 0x80, 0x80, 0x81, 0x7f, 0x82, 0x7f, 0x7d, 0x7f, 0x7f, 0x7f, 0x7e,
    0x7e, 0x7f, 0x7f, 0x7f, 0x7e, 0x7f, 0x81, 0x7f, 0x80, 0x7f, 0x7f, 0x82,
    0x81, 0x81, 0x81, 0x80, 0x7f, 0x7f, 0x7f, 0x81, 0x81, 0x7f, 0x80, 0x7e,
    0x7e, 0x7f, 0x80, 0x80, 0x7e, 0x7f, 0x80, 0x7e, 0x7f, 0x7f, 0x7f, 0x7e,
    0x7f, 0x80, 0x80, 0x80, 0x7f, 0x81, 0x7e, 0x7e, 0x7f, 0x7e, 0x7f, 0x7e,
    0x80, 0x80, 0x80, 0x82, 0x80, 0x81, 0x7f, 0x80, 0x80, 0x80, 0x82, 0x80,
    0x82, 0x80, 0x81, 0x7f, 0x7f, 0x80, 0x7f, 0x7f, 0x7e, 0x7f, 0x7e, 0x7e,
    0x7e, 0x80, 0x80, 0x7c, 0x7d, 0x7f, 0x80, 0x7f, 0x81, 0x83, 0x82, 0x82,
    0x80, 0x81, 0x80, 0x81, 0x7e, 0x7f, 0x7f, 0x7e, 0x80, 0x7f, 0x80, 0x7f,
    0x7d, 0x7f, 0x7f, 0x7f, 0x7f, 0x7f, 0x7f, 0x7e, 0x7f, 0x7f, 0x81, 0x80,
    0x81, 0x80, 0x7e, 0x7f, 0x80, 0x7f, 0x7e, 0x7f, 0x80, 0x81, 0x81, 0x80,
    0x82, 0x80, 0x80, 0x81, 0x80, 0x80, 0x7f, 0x7f, 0x7d, 0x7e, 0x7e, 0x7e,
    0x7e, 0x7f, 0x80, 0x80, 0x80, 0x80, 0x81, 0x82, 0x81, 0x7f, 0x7f, 0x7d,
    0x7e, 0x7f, 0x7f, 0x80, 0x81, 0x7f, 0x7f, 0x7f, 0x80, 0x81, 0x7e, 0x7f,
    0x80, 0x80, 0x81, 0x80, 0x80, 0x7f, 0x7f, 0x80, 0x7e, 0x80, 0x7f, 0x80,
    0x81, 0x80, 0x7f, 0x7f, 0x81, 0x80, 0x80, 0x81, 0x7f, 0x80, 0x80, 0x80,
    0x80, 0x7f, 0x7f, 0x7f, 0x7f, 0x7e, 0x7e, 0x7f, 0x7f, 0x7f, 0x7e, 0x7e,
    0x7f, 0x7f, 0x80, 0x80, 0x81, 0x82, 0x80, 0x7f, 0x7e, 0x81, 0x80, 0x7f,
    0x7e, 0x80, 0x80, 0x7f, 0x81, 0x80, 0x80, 0x7e, 0x7f, 0x7f, 0x80, 0x80,
    0x81, 0x7f, 0x81, 0x80, 0x81, 0x81, 0x7d, 0x80, 0x7e, 0x7f, 0x7e, 0x7f,
    0x80, 0x80, 0x81, 0x7f, 0x80, 0x7e, 0x80, 0x7f, 0x7e, 0x7f, 0x7f, 0x80,
    0x80, 0x7f, 0x80, 0x80, 0x80, 0x7f, 0x7f, 0x81, 0x80, 0x81, 0x80, 0x7f,
    0x7f, 0x7f, 0x80, 0x7f, 0x7f, 0x7f, 0x7f, 0x7c, 0x7f, 0x7f, 0x80, 0x81,
    0x80, 0x81, 0x80, 0x7f, 0x80, 0x80, 0x80, 0x81, 0x81, 0x80, 0x7e, 0x7f,
    0x7e, 0x7e, 0x7e, 0x7e, 0x7f, 0x7f, 0x7f, 0x7f, 0x7e, 0x7f, 0x7f, 0x80,
    0x7e, 0x80, 0x82, 0x80, 0x81, 0x81, 0x80, 0x81, 0x80, 0x81, 0x80, 0x80,
    0x7f, 0x7f, 0x81, 0x7e, 0x7f, 0x80, 0x80, 0x80, 0x81, 0x7f, 0x80, 0x80,
    0x80, 0x80, 0x7e, 0x7e, 0x7f, 0x80, 0x7e, 0x7f, 0x7e, 0x7f, 0x80, 0x7f,
    0x7f, 0x80, 0x81, 0x80, 0x81, 0x80, 0x80, 0x80, 0x80, 0x80, 0x80, 0x80,
    0x7f, 0x7f, 0x80, 0x7d, 0x7f, 0x7f, 0x7f, 0x7f, 0x7d, 0x7f, 0x7e, 0x7f,
    0x7e, 0x7d, 0x7f, 0x7e, 0x7f, 0x81, 0x7f, 0x81, 0x81, 0x80, 0x81, 0x80,
    0x80, 0x80, 0x80, 0x81, 0x81, 0x81, 0x80, 0x81, 0x7e, 0x7f, 0x80, 0x7e,
    0x7f, 0x7e, 0x7f, 0x80, 0x80, 0x7f, 0x80, 0x80, 0x82, 0x81, 0x80, 0x81,
    0x7f, 0x81, 0x80, 0x80, 0x7f, 0x7f, 0x7c, 0x7d, 0x7e, 0x7e, 0x7e, 0x7e,
    0x7d, 0x7d, 0x7f, 0x7d, 0x7e, 0x7f, 0x7f, 0x7e, 0x7e, 0x7f, 0x80, 0x81,
    0x80, 0x80, 0x80, 0x82, 0x80, 0x80, 0x80, 0x81, 0x81, 0x81, 0x82, 0x80,
    0x81, 0x7f, 0x82, 0x82, 0x80, 0x81, 0x81, 0x7f, 0x7f, 0x7f, 0x7f, 0x7f,
    0x7e, 0x7f, 0x7e, 0x7e, 0x7d, 0x7d, 0x7e, 0x80, 0x7f, 0x7f, 0x7e, 0x7e,
    0x80, 0x7f, 0x80, 0x81, 0x7f, 0x80, 0x80, 0x7f, 0x80, 0x81, 0x81, 0x7f,
    0x7f, 0x7f, 0x7e, 0x81, 0x82, 0x7f, 0x81, 0x80, 0x7f, 0x81, 0x7f, 0x7d,
    0x7e, 0x7f, 0x7f, 0x7f, 0x7f, 0x7d, 0x80, 0x80, 0x80, 0x80, 0x7f, 0x80,
    0x7f, 0x81, 0x7f, 0x7f, 0x7f, 0x7f, 0x80, 0x80, 0x80, 0x81, 0x80, 0x80,
    0x81, 0x82, 0x81, 0x80, 0x80, 0x7f, 0x7e, 0x7f, 0x80, 0x7f, 0x80, 0x81,
    0x80, 0x80, 0x81, 0x7f, 0x7e, 0x7f, 0x80, 0x7f, 0x7f, 0x7f, 0x7e, 0x7f,
    0x7d, 0x7e, 0x7e, 0x7d, 0x80, 0x80, 0x80, 0x81, 0x80, 0x81, 0x80, 0x80,
    0x81, 0x80, 0x80, 0x80, 0x7f, 0x7e, 0x7e, 0x7e, 0x7f, 0x7d, 0x7e, 0x7f,
    0x7f, 0x7f, 0x7f, 0x7f, 0x80, 0x81, 0x80, 0x82, 0x82, 0x81, 0x81, 0x82,
    0x81, 0x7f, 0x7f, 0x7f, 0x7f, 0x80, 0x81, 0x7e, 0x7d, 0x7d, 0x7c, 0x7e,
    0x7f, 0x7e, 0x7f, 0x80, 0x80, 0x7f, 0x7f, 0x7f, 0x80, 0x81, 0x80, 0x81,
    0x81, 0x7f, 0x80, 0x81, 0x80, 0x81, 0x81, 0x80, 0x81, 0x80, 0x7f, 0x7f,
    0x7f, 0x80, 0x7f, 0x80, 0x7f, 0x7e, 0x7d, 0x7f, 0x7e, 0x7f, 0x7f, 0x7e,
    0x7f, 0x7d, 0x7e, 0x7e, 0x80, 0x7e, 0x81, 0x81, 0x80, 0x81, 0x80, 0x7f,
    0x80, 0x80, 0x81, 0x80, 0x7f, 0x80, 0x7f, 0x80, 0x80, 0x81, 0x80, 0x80,
    0x80, 0x7f, 0x81, 0x7f, 0x81, 0x80, 0x7f, 0x7f, 0x80, 0x80, 0x81, 0x80,
    0x7f, 0x80, 0x7f, 0x80, 0x80, 0x81, 0x7f, 0x7f, 0x7e, 0x7f, 0x7f, 0x7f,
    0x7e, 0x7c, 0x7e, 0x7f, 0x80, 0x7e, 0x7f, 0x7f, 0x7f, 0x7f, 0x7f, 0x7f,
    0x7f, 0x80, 0x80, 0x80, 0x7f, 0x7f, 0x81, 0x80, 0x80, 0x80, 0x80, 0x80,
    0x80, 0x80, 0x81, 0x82, 0x80, 0x81, 0x7f, 0x80, 0x81, 0x80, 0x80, 0x7f,
    0x7f, 0x7f, 0x81, 0x7f, 0x7f, 0x7f, 0x7f, 0x7f, 0x7e, 0x7f, 0x7f, 0x7e,
    0x7d, 0x7f, 0x7f, 0x7f, 0x7f, 0x7f, 0x7f, 0x7f, 0x7f, 0x80, 0x82, 0x82,
    0x81, 0x80, 0x7e, 0x7f, 0x80, 0x80, 0x80, 0x80, 0x81, 0x81, 0x81, 0x81,
    0x80, 0x7f, 0x7f, 0x7f, 0x80, 0x80, 0x7e, 0x7e, 0x7e, 0x7f, 0x80, 0x7f,
    0x7e, 0x7d, 0x7f, 0x7f, 0x7d, 0x7f, 0x7f, 0x7f, 0x7f, 0x7f, 0x7f, 0x7e,
    0x7f, 0x7e, 0x80, 0x80, 0x80, 0x80, 0x80, 0x80, 0x81, 0x81, 0x80, 0x81,
    0x7e, 0x80, 0x80, 0x7f, 0x81, 0x80, 0x80, 0x80, 0x81, 0x81, 0x80, 0x7f,
    0x7f, 0x7e, 0x7f, 0x80, 0x80, 0x7f, 0x7e, 0x7f, 0x80, 0x7f, 0x7f, 0x7f,
    0x7e, 0x7e, 0x81, 0x80, 0x7e, 0x80, 0x81, 0x80, 0x80, 0x80, 0x7f, 0x80,
    0x7f, 0x7f, 0x7f, 0x7f, 0x80, 0x7f, 0x81, 0x80, 0x7f, 0x80, 0x80, 0x80,
    0x80, 0x7f, 0x80, 0x80, 0x80, 0x7e, 0x7e, 0x7f, 0x7f, 0x80, 0x80, 0x80,
    0x81, 0x80, 0x81, 0x81, 0x80, 0x81, 0x7f, 0x7f, 0x80, 0x80, 0x7d, 0x7e,
    0x7e, 0x7e, 0x7e, 0x7e, 0x7f, 0x7d, 0x7e, 0x7f, 0x80, 0x80, 0x81, 0x81,
    0x80, 0x80, 0x80, 0x81, 0x80, 0x80, 0x80, 0x7e, 0x7f, 0x7f, 0x7f, 0x7f,
    0x7f, 0x80, 0x81, 0x82, 0x82, 0x82, 0x82, 0x80, 0x80, 0x81, 0x7f, 0x7f,
    0x7f, 0x7f, 0x7f, 0x80, 0x7f, 0x7e, 0x7e, 0x7e, 0x7f, 0x7d, 0x7d, 0x7e,
    0x7f, 0x7f, 0x81, 0x81, 0x80, 0x7f, 0x7e, 0x7f, 0x7f, 0x7f, 0x7f, 0x81,
    0x7e, 0x80, 0x80, 0x7f, 0x81, 0x81, 0x80, 0x81, 0x82, 0x81, 0x80, 0x80,
    0x81, 0x81, 0x80, 0x80, 0x7f, 0x7e, 0x7e, 0x7e, 0x80, 0x7f, 0x7f, 0x7f,
    0x7f, 0x7e, 0x7e, 0x7d, 0x7d, 0x7d, 0x7d, 0x80, 0x7e, 0x7f, 0x81, 0x81,
    0x7f, 0x80, 0x81, 0x81, 0x80, 0x80, 0x80, 0x7f, 0x81, 0x81, 0x7f, 0x7f,
    0x82, 0x82, 0x80, 0x7f, 0x80, 0x7f, 0x7e, 0x7f, 0x7e, 0x7f, 0x7e, 0x7f,
    0x80, 0x7f, 0x7e, 0x80, 0x7e, 0x7e, 0x80, 0x7f, 0x81, 0x81, 0x82, 0x80,
    0x81, 0x81, 0x80, 0x80, 0x80, 0x80, 0x7d, 0x80, 0x7f, 0x7e, 0x7f, 0x7f,
    0x7f, 0x7e, 0x7f, 0x7e, 0x7f, 0x81, 0x81, 0x7f, 0x80, 0x80, 0x80, 0x80,
    0x81, 0x80, 0x7f, 0x80, 0x80, 0x80, 0x7f, 0x7f, 0x7f, 0x80, 0x7f, 0x7f,
    0x80, 0x7f, 0x7f, 0x80, 0x80, 0x7e, 0x80, 0x7e, 0x7e, 0x7e, 0x80, 0x81,
    0x7f, 0x7f, 0x7f, 0x7f, 0x80, 0x80, 0x7f, 0x7f, 0x80, 0x80, 0x7e, 0x81,
    0x81, 0x80, 0x81, 0x81, 0x80, 0x82, 0x81, 0x81, 0x81, 0x80, 0x80, 0x80,
    0x7f, 0x80, 0x82, 0x80, 0x7f, 0x7f, 0x7f, 0x7f, 0x7f, 0x7f, 0x7f, 0x7e,
    0x7d, 0x7d, 0x7f, 0x7f, 0x7f, 0x7f, 0x7e, 0x7e, 0x7f, 0x7f, 0x7e, 0x80,
    0x81, 0x80, 0x80, 0x80, 0x7e, 0x7f, 0x7f, 0x80, 0x7f, 0x80, 0x80, 0x80,
    0x80, 0x80, 0x80, 0x81, 0x80, 0x80, 0x81, 0x80, 0x80, 0x80, 0x80, 0x81,
    0x82, 0x80, 0x80, 0x80, 0x7e, 0x80, 0x80, 0x80, 0x7f, 0x7f, 0x80, 0x80,
    0x82, 0x7f, 0x7e, 0x7e, 0x7e, 0x7f, 0x7e, 0x7e, 0x7f, 0x7e, 0x7f, 0x7f,
    0x7e, 0x7f, 0x7e, 0x7f, 0x80, 0x7f, 0x80, 0x7f, 0x7f, 0x7e, 0x80, 0x80,
    0x80, 0x80, 0x80, 0x81, 0x80, 0x80, 0x81, 0x82, 0x81, 0x81, 0x80, 0x80,
    0x80, 0x80, 0x81, 0x81, 0x80, 0x7f, 0x7e, 0x7f, 0x7f, 0x7f, 0x7e, 0x7e,
    0x7e, 0x7e, 0x7f, 0x7f, 0x7f, 0x7f, 0x80, 0x80, 0x80, 0x7f, 0x7f, 0x7f,
    0x7f, 0x7e, 0x7e, 0x7f, 0x80, 0x81, 0x80, 0x81, 0x80, 0x81, 0x83, 0x82,
    0x80, 0x7f, 0x7f, 0x80, 0x7f, 0x80, 0x7f, 0x7f, 0x80, 0x80, 0x81, 0x7f,
    0x7f, 0x7f, 0x81, 0x7e, 0x7e, 0x7f, 0x80, 0x80, 0x7f, 0x7f, 0x7f, 0x7f,
    0x7e, 0x7f, 0x7e, 0x80, 0x80, 0x7f, 0x81, 0x81, 0x81, 0x80, 0x80, 0x7f,
    0x7f, 0x7e, 0x7e, 0x7e, 0x7f, 0x7f, 0x7f, 0x7f, 0x7e, 0x7e, 0x7f, 0x7f,
    0x80, 0x81, 0x7f, 0x80, 0x81, 0x81, 0x80, 0x81, 0x81, 0x80, 0x80, 0x80,
    0x80, 0x80, 0x7f, 0x7f, 0x81, 0x81, 0x80, 0x7e, 0x7f, 0x7f, 0x7f, 0x7f,
    0x7f, 0x80, 0x80, 0x80, 0x7f, 0x81, 0x80, 0x80, 0x81, 0x7f, 0x7f, 0x7f,
    0x7f, 0x7f, 0x7f, 0x7e, 0x7c, 0x7e, 0x7e, 0x7f, 0x7f, 0x80, 0x81, 0x80,
    0x7f, 0x7f, 0x80, 0x80, 0x80, 0x81, 0x80, 0x80, 0x80, 0x81, 0x81, 0x81,
    0x80, 0x80, 0x81, 0x7f, 0x81, 0x7e, 0x7f, 0x7f, 0x7d, 0x7e, 0x7f, 0x7e,
    0x7f, 0x7f, 0x7e, 0x81, 0x80, 0x7f, 0x7f, 0x7f, 0x80, 0x81, 0x81, 0x80,
    0x80, 0x80, 0x7f, 0x81, 0x80, 0x7f, 0x81, 0x80, 0x80, 0x7f, 0x80, 0x80,
    0x7f, 0x7e, 0x7e, 0x7f, 0x80, 0x7f, 0x7f, 0x81, 0x80, 0x7f, 0x7e, 0x7f,
    0x7f, 0x7f, 0x80, 0x7e, 0x7f, 0x80, 0x7f, 0x7f, 0x80, 0x80, 0x81, 0x7f,
    0x7f, 0x7f, 0x7e, 0x7f, 0x7f, 0x80, 0x81, 0x81, 0x80, 0x7f, 0x80, 0x80,
    0x81, 0x7f, 0x7d, 0x7e, 0x7e, 0x80, 0x80, 0x7e, 0x80, 0x80, 0x7f, 0x7f,
    0x7e, 0x7f, 0x7e, 0x80, 0x81, 0x80, 0x81, 0x81, 0x83, 0x82, 0x81, 0x80,
    0x7f, 0x7f, 0x7f, 0x7f, 0x80, 0x7e, 0x7e, 0x80, 0x7e, 0x7e, 0x80, 0x80,
    0x80, 0x80, 0x80, 0x80, 0x80, 0x7f, 0x7f, 0x80, 0x80, 0x7f, 0x7f, 0x80,
    0x80, 0x7e, 0x80, 0x7f, 0x7e, 0x7e, 0x7e, 0x80, 0x7f, 0x7f, 0x7f, 0x7f,
    0x7e, 0x7e, 0x7f, 0x7f, 0x81, 0x7f, 0x80, 0x7f, 0x7f, 0x80, 0x80, 0x80,
    0x7f, 0x80, 0x80, 0x7f, 0x81, 0x82, 0x81, 0x82, 0x80, 0x81, 0x7f, 0x7d,
    0x7e, 0x7f, 0x7f, 0x7f, 0x7f, 0x7f, 0x81, 0x80, 0x81, 0x7f, 0x80, 0x81,
    0x7f, 0x80, 0x80, 0x7e, 0x7f, 0x7f, 0x80, 0x7f, 0x7f, 0x80, 0x7f, 0x80,
    0x7f, 0x80, 0x7f, 0x7f, 0x7f, 0x7e, 0x7f, 0x80, 0x80, 0x81, 0x81, 0x81,
    0x81, 0x80, 0x81, 0x80, 0x7f, 0x80, 0x7f, 0x7e, 0x7f, 0x81, 0x7e, 0x7d,
    0x80, 0x7f, 0x7f, 0x7f, 0x7e, 0x80, 0x7e, 0x7e, 0x80, 0x7e, 0x80, 0x80,
    0x7f, 0x81, 0x81, 0x80, 0x80, 0x81, 0x80, 0x80, 0x80, 0x81, 0x81, 0x80,
    0x80, 0x81, 0x80, 0x81, 0x81, 0x7f, 0x7e, 0x7d, 0x7e, 0x7d, 0x7e, 0x7e,
    0x7f, 0x7f, 0x80, 0x80, 0x7f, 0x80, 0x7f, 0x81, 0x7f, 0x7f, 0x80, 0x80,
    0x7f, 0x80, 0x80, 0x80, 0x80, 0x80, 0x80, 0x80, 0x80, 0x7f, 0x7f, 0x80,
    0x7f, 0x80, 0x80, 0x7f, 0x7f, 0x7f, 0x7f, 0x7f, 0x80, 0x81, 0x80, 0x80,
    0x80, 0x80, 0x80, 0x7e, 0x7f, 0x7e, 0x7f, 0x7f, 0x7f, 0x7f, 0x7d, 0x7f,
    0x7f, 0x80, 0x7f, 0x80, 0x81, 0x82, 0x80, 0x80, 0x81, 0x7f, 0x81, 0x80,
    0x80, 0x80, 0x80, 0x7f, 0x80, 0x80, 0x80, 0x81, 0x80, 0x7f, 0x80, 0x7f,
    0x7e, 0x80, 0x7e, 0x7d, 0x7e, 0x80, 0x7f, 0x7d, 0x7f, 0x7e, 0x7d, 0x7f,
    0x7e, 0x7f, 0x81, 0x80, 0x7f, 0x83, 0x80, 0x81, 0x82, 0x82, 0x82, 0x7e,
    0x7f, 0x80, 0x7f, 0x7f, 0x81, 0x80, 0x7f, 0x80, 0x7f, 0x7f, 0x80, 0x7e,
    0x7e, 0x7f, 0x80, 0x80, 0x80, 0x7e, 0x7e, 0x7f, 0x80, 0x80, 0x80, 0x80,
    0x7f, 0x81, 0x80, 0x80, 0x80, 0x7f, 0x81, 0x80, 0x80, 0x80, 0x80, 0x7f,
    0x80, 0x80, 0x7e, 0x80, 0x7d, 0x7f, 0x81, 0x7f, 0x80, 0x80, 0x7f, 0x7d,
    0x7e, 0x7d, 0x7e, 0x80, 0x81, 0x82, 0x80, 0x80, 0x81, 0x80, 0x80, 0x7f,
    0x80, 0x80, 0x7e, 0x80, 0x7f, 0x80, 0x80, 0x80, 0x7f, 0x7e, 0x80, 0x7e,
    0x7e, 0x7f, 0x7f, 0x7e, 0x80, 0x81, 0x80, 0x80, 0x80, 0x81, 0x81, 0x80,
    0x80, 0x7e, 0x7e, 0x7f, 0x7f, 0x80, 0x7e, 0x7f, 0x7f, 0x7e, 0x81, 0x80,
    0x80, 0x80, 0x7f, 0x7f, 0x80, 0x80, 0x7f, 0x80, 0x7f, 0x81, 0x80, 0x7e,
    0x80, 0x7f, 0x7f, 0x80, 0x80, 0x80, 0x80, 0x81, 0x80, 0x80, 0x7f, 0x80,
    0x80, 0x7d, 0x7e, 0x7f, 0x7f, 0x7f, 0x7f, 0x7f, 0x80, 0x7e, 0x7f, 0x80,
    0x7f, 0x80, 0x81, 0x80, 0x80, 0x81, 0x80, 0x7e, 0x7d, 0x7e, 0x7e, 0x7e,
    0x7f, 0x7f, 0x80, 0x81, 0x80, 0x7f, 0x7f, 0x80, 0x80, 0x7f, 0x82, 0x81,
    0x80, 0x81, 0x81, 0x82, 0x81, 0x81, 0x80, 0x81, 0x81, 0x80, 0x80, 0x81,
    0x7f, 0x80, 0x7e, 0x7e, 0x80, 0x7d, 0x7c, 0x7e, 0x7e, 0x7e, 0x7d, 0x7e,
    0x80, 0x7f, 0x7f, 0x7e, 0x7f, 0x7e, 0x80, 0x80, 0x80, 0x80, 0x80, 0x81,
    0x81, 0x80, 0x81, 0x80, 0x7f, 0x81, 0x80, 0x81, 0x80, 0x7f, 0x80, 0x7f,
    0x7e, 0x80, 0x80, 0x80, 0x80, 0x80, 0x80, 0x7f, 0x7e, 0x7e, 0x7e, 0x80,
    0x81, 0x80, 0x7f, 0x7e, 0x7f, 0x80, 0x80, 0x80, 0x81, 0x80, 0x7f, 0x81,
    0x7f, 0x80, 0x81, 0x80, 0x80, 0x7e, 0x7f, 0x81, 0x80, 0x7f, 0x7f, 0x80,
    0x7e, 0x7e, 0x7f, 0x7e, 0x7e, 0x7f, 0x7f, 0x80, 0x7f, 0x7f, 0x7f, 0x80,
    0x81, 0x81, 0x80, 0x7e, 0x7f, 0x7e, 0x80, 0x80, 0x7f, 0x7f, 0x7f, 0x80,
    0x7f, 0x81, 0x81, 0x80, 0x81, 0x80, 0x80, 0x7f, 0x7f, 0x80, 0x81, 0x81,
    0x7f, 0x80, 0x7f, 0x7f, 0x80, 0x7f, 0x7e, 0x7f, 0x81, 0x7f, 0x7f, 0x7f,
    0x7e, 0x7f, 0x80, 0x80, 0x81, 0x80, 0x81, 0x80, 0x80, 0x7f, 0x7e, 0x80,
    0x7e, 0x7f, 0x80, 0x7e, 0x7f, 0x7f, 0x7f, 0x7f, 0x7f, 0x7f, 0x81, 0x81,
    0x80, 0x81, 0x80, 0x7f, 0x7f, 0x80, 0x7e, 0x80, 0x81, 0x7f, 0x82, 0x81,
    0x81, 0x82, 0x80, 0x80, 0x81, 0x7e, 0x7e, 0x7e, 0x7d, 0x7f, 0x7f, 0x7d,
    0x7c, 0x7f, 0x7e, 0x7f, 0x80, 0x7f, 0x7f, 0x7e, 0x7f, 0x7f, 0x7e, 0x80,
    0x80, 0x80, 0x80, 0x7f, 0x80, 0x80, 0x81, 0x82, 0x82, 0x81, 0x80, 0x7f,
    0x7f, 0x7f, 0x7f, 0x81, 0x81, 0x7f, 0x81, 0x80, 0x80, 0x80, 0x7f, 0x80,
    0x80, 0x80, 0x80, 0x82, 0x80, 0x80, 0x80, 0x7e, 0x80, 0x7f, 0x7e, 0x7f,
    0x7f, 0x7f, 0x7f, 0x7f, 0x7f, 0x7e, 0x7f, 0x7f, 0x7e, 0x7f, 0x80, 0x7f,
    0x7f, 0x7f, 0x80, 0x80, 0x80, 0x81, 0x81, 0x81, 0x7f, 0x81, 0x81, 0x7f,
    0x7f, 0x80, 0x7f, 0x7e, 0x7e, 0x7d, 0x7d, 0x7f, 0x80, 0x80, 0x80, 0x80,
    0x80, 0x80, 0x81, 0x80, 0x80, 0x80, 0x81, 0x81, 0x7f, 0x80, 0x80, 0x7e,
    0x7f, 0x7f, 0x7e, 0x7e, 0x7f, 0x7f, 0x7e, 0x7e, 0x7f, 0x7e, 0x7f, 0x80,
    0x81, 0x80, 0x7f, 0x80, 0x81, 0x82, 0x80, 0x81, 0x81, 0x80, 0x82, 0x82,
    0x81, 0x81, 0x80, 0x7f, 0x80, 0x7f, 0x7e, 0x7f, 0x7f, 0x7e, 0x7f, 0x7f,
    0x7e, 0x7d, 0x7e, 0x80, 0x7e, 0x7f, 0x80, 0x7f, 0x80, 0x80, 0x81, 0x7f,
    0x7f, 0x7e, 0x7e, 0x80, 0x7f, 0x80, 0x80, 0x7e, 0x7f, 0x80, 0x7f, 0x80,
    0x7f, 0x80, 0x81, 0x81, 0x80, 0x81, 0x7f, 0x7f, 0x80, 0x80, 0x80, 0x80,
    0x80, 0x7f, 0x7f, 0x7f, 0x7f, 0x7f, 0x7d, 0x7f, 0x80, 0x7e, 0x7e, 0x80,
    0x80, 0x80, 0x7f, 0x81, 0x81, 0x80, 0x81, 0x80, 0x81, 0x80, 0x81, 0x82,
    0x81, 0x80, 0x7f, 0x7f, 0x7e, 0x7f, 0x7f, 0x7f, 0x7f, 0x7e, 0x7e, 0x7f,
    0x80, 0x7f, 0x7e, 0x7e, 0x7e, 0x80, 0x80, 0x80, 0x7e, 0x80, 0x80, 0x7e,
    0x7f, 0x7e, 0x7f, 0x80, 0x7f, 0x7f, 0x80, 0x80, 0x82, 0x81, 0x80, 0x81,
    0x7f, 0x7f, 0x7f, 0x80, 0x80, 0x7f, 0x7f, 0x7f, 0x7f, 0x7e, 0x7f, 0x7f,
    0x7e, 0x80, 0x7f, 0x81, 0x80, 0x7f, 0x80, 0x81, 0x80, 0x80, 0x81, 0x80,
    0x80, 0x7f, 0x7f, 0x7e, 0x7f, 0x7f, 0x7f, 0x7e, 0x7f, 0x7f, 0x7f, 0x80,
    0x80, 0x80, 0x80, 0x81, 0x80, 0x80, 0x80, 0x7f, 0x7f, 0x7f, 0x7e, 0x7e,
    0x7f, 0x80, 0x7f, 0x7f, 0x7f, 0x80, 0x80, 0x7f, 0x80, 0x80, 0x80, 0x7f,
    0x80, 0x80, 0x7f, 0x7f, 0x7f, 0x7f, 0x80, 0x81, 0x81, 0x82, 0x7f, 0x80,
    0x80, 0x7f, 0x7f, 0x7f, 0x80, 0x80, 0x81, 0x80, 0x81, 0x81, 0x80, 0x80,
    0x7f, 0x7f, 0x7f, 0x7e, 0x7f, 0x7e, 0x7f, 0x7f, 0x7e, 0x7f, 0x7f, 0x7f,
    0x7f, 0x7f, 0x7f, 0x80, 0x80, 0x80, 0x7f, 0x7f, 0x81, 0x7f, 0x80, 0x82,
    0x81, 0x80, 0x80, 0x80, 0x81, 0x80, 0x7f, 0x80, 0x7f, 0x7e, 0x7f, 0x7f,
    0x7f, 0x80, 0x7f, 0x80, 0x81, 0x7e, 0x80, 0x80, 0x80, 0x80, 0x80, 0x80,
    0x7f, 0x7f, 0x7e, 0x80, 0x7f, 0x81, 0x7f, 0x7f, 0x80, 0x7e, 0x7f, 0x7e,
    0x7f, 0x80, 0x82, 0x80, 0x7f, 0x7e, 0x7f, 0x7f, 0x80, 0x80, 0x80, 0x81,
    0x7f, 0x81, 0x7f, 0x7e, 0x7f, 0x80, 0x80, 0x80, 0x80, 0x7f, 0x80, 0x7f,
    0x80, 0x7e, 0x7e, 0x7f, 0x7f, 0x7f, 0x80, 0x80, 0x7f, 0x80, 0x81, 0x7f,
    0x7f, 0x80, 0x7f, 0x80, 0x7f, 0x80, 0x7f, 0x7f, 0x7f, 0x7f, 0x81, 0x7f,
    0x80, 0x7f, 0x7d, 0x7d, 0x7f, 0x7f, 0x7f, 0x7f, 0x7e, 0x81, 0x80, 0x80,
    0x80, 0x80, 0x81, 0x81, 0x80, 0x80, 0x81, 0x80, 0x82, 0x81, 0x80, 0x80,
    0x7e, 0x7f, 0x80, 0x7f, 0x80, 0x81, 0x80, 0x81, 0x80, 0x7e, 0x7e, 0x7f,
    0x7e, 0x7e, 0x7f, 0x7f, 0x7e, 0x7e, 0x7d, 0x7e, 0x7f, 0x7e, 0x7f, 0x80,
    0x80, 0x7f, 0x80, 0x80, 0x7e, 0x81, 0x81, 0x81, 0x83, 0x82, 0x83, 0x81,
    0x82, 0x81, 0x7f, 0x7f, 0x7e, 0x7f, 0x80, 0x7f, 0x7f, 0x80, 0x7f, 0x7e,
    0x7e, 0x7f, 0x7e, 0x7e, 0x7d, 0x7e, 0x80, 0x80, 0x7f, 0x7f, 0x81, 0x81,
    0x80, 0x7f, 0x7f, 0x7e, 0x7f, 0x7f, 0x7f, 0x80, 0x7f, 0x80, 0x82, 0x80,
    0x81, 0x81, 0x80, 0x80, 0x80, 0x80, 0x80, 0x81, 0x7f, 0x81, 0x80, 0x80,
    0x81, 0x80, 0x7f, 0x80, 0x80, 0x80, 0x7f, 0x7f, 0x80, 0x7e, 0x7e, 0x7e,
    0x7d, 0x7d, 0x7e, 0x7f, 0x80, 0x7f, 0x7f, 0x7f, 0x80, 0x80, 0x80, 0x80,
    0x7f, 0x7f, 0x80, 0x7f, 0x80, 0x80, 0x7e, 0x80, 0x7f, 0x7e, 0x7f, 0x80,
    0x7f, 0x7f, 0x80, 0x80, 0x80, 0x7f, 0x7f, 0x7f, 0x80, 0x7e, 0x80, 0x7f,
    0x80, 0x81, 0x81, 0x82, 0x81, 0x82, 0x81, 0x82, 0x7f, 0x7f, 0x80, 0x7f,
    0x7f, 0x7f, 0x80, 0x7f, 0x7f, 0x7e, 0x7e, 0x7e, 0x80, 0x7f, 0x80, 0x7e,
    0x7f, 0x7f, 0x7e, 0x7f, 0x7f, 0x7f, 0x80, 0x7f, 0x7f, 0x81, 0x81, 0x81,
    0x81, 0x80, 0x80, 0x80, 0x7e, 0x80, 0x7f, 0x80, 0x7f, 0x80, 0x80, 0x80,
    0x82, 0x81, 0x80, 0x80, 0x80, 0x7f, 0x80, 0x80, 0x80, 0x80, 0x7f, 0x7f,
    0x7f, 0x80, 0x80, 0x7e, 0x7f, 0x7f, 0x7e, 0x7f, 0x7e, 0x7f, 0x7e, 0x7e,
    0x7f, 0x7f, 0x7e, 0x7f, 0x7f, 0x7f, 0x81, 0x80, 0x80, 0x82, 0x81, 0x80,
    0x81, 0x82, 0x80, 0x81, 0x81, 0x80, 0x80, 0x80, 0x7e, 0x80, 0x80, 0x7f,
    0x81, 0x7e, 0x80, 0x7f, 0x7f, 0x7f, 0x7f, 0x7f, 0x7d, 0x7e, 0x7e, 0x7f,
    0x7e, 0x7e, 0x7f, 0x7f, 0x80, 0x81, 0x82, 0x81, 0x81, 0x81, 0x81, 0x80,
    0x80, 0x80, 0x7e, 0x7f, 0x7e, 0x7d, 0x7c, 0x7d, 0x7e, 0x81, 0x80, 0x80,
    0x80, 0x7f, 0x80, 0x7e, 0x80, 0x81, 0x81, 0x82, 0x80, 0x80, 0x7f, 0x81,
    0x80, 0x80, 0x82, 0x7e, 0x7e, 0x7f, 0x7e, 0x7e, 0x7f, 0x80, 0x7f, 0x7f,
    0x7f, 0x7f, 0x81, 0x80, 0x81, 0x81, 0x80, 0x80, 0x80, 0x80, 0x80, 0x80,
    0x7f, 0x7f, 0x7d, 0x7f, 0x80, 0x7e, 0x7f, 0x7f, 0x7f, 0x81, 0x81, 0x80,
    0x81, 0x7f, 0x7f, 0x80, 0x7f, 0x7f, 0x7f, 0x7f, 0x7f, 0x7f, 0x80, 0x7f,
    0x7f, 0x7f, 0x80, 0x82, 0x81, 0x81, 0x80, 0x7f, 0x7f, 0x81, 0x7f, 0x7f,
    0x7f, 0x80, 0x7f, 0x7e, 0x7f, 0x7d, 0x7f, 0x7f, 0x7f, 0x80, 0x80, 0x80,
    0x80, 0x80, 0x7f, 0x81, 0x81, 0x82, 0x82, 0x82, 0x82, 0x80, 0x7e, 0x80,
    0x80, 0x7e, 0x7f, 0x7f, 0x80, 0x7f, 0x7d, 0x7e, 0x7f, 0x80, 0x80, 0x80,
    0x80, 0x80, 0x80, 0x80, 0x80, 0x80, 0x80, 0x7f, 0x7f, 0x7f, 0x80, 0x7f,
    0x7d, 0x81, 0x80, 0x80, 0x81, 0x80, 0x80, 0x81, 0x81, 0x7f, 0x7e, 0x80,
    0x80, 0x7f, 0x80, 0x80, 0x80, 0x81, 0x81, 0x81, 0x80, 0x80, 0x81, 0x7f,
    0x80, 0x7e, 0x7f, 0x7f, 0x7f, 0x80, 0x7f, 0x80, 0x7d, 0x7e, 0x7f, 0x7f,
    0x7e, 0x7f, 0x7f, 0x81, 0x80, 0x80, 0x80, 0x80, 0x80, 0x7e, 0x7e, 0x7e,
    0x7f, 0x7e, 0x80, 0x7f, 0x7f, 0x80, 0x80, 0x81, 0x82, 0x81, 0x82, 0x81,
    0x7f, 0x80, 0x82, 0x81, 0x80, 0x80, 0x7e, 0x7f, 0x7e, 0x82, 0x80, 0x80,
    0x7e, 0x7d, 0x7f, 0x7f, 0x7e, 0x7d, 0x7f, 0x7e, 0x80, 0x7f, 0x7e, 0x7e,
    0x7e, 0x80, 0x7f, 0x80, 0x81, 0x81, 0x80, 0x80, 0x7f, 0x7f, 0x80, 0x81,
    0x81, 0x81, 0x82, 0x81, 0x81, 0x81, 0x81, 0x80, 0x7f, 0x80, 0x7f, 0x7f,
    0x7e, 0x81, 0x80, 0x7f, 0x80, 0x81, 0x80, 0x7f, 0x7f, 0x7e, 0x81, 0x7f,
    0x7e, 0x80, 0x81, 0x7e, 0x7f, 0x81, 0x7f, 0x81, 0x7e, 0x7e, 0x7f, 0x7f,
    0x7e, 0x80, 0x7f, 0x7f, 0x81, 0x7f, 0x7f, 0x7f, 0x7f, 0x7f, 0x7f, 0x80,
    0x82, 0x81, 0x81, 0x81, 0x81, 0x81, 0x81, 0x81, 0x80, 0x80, 0x81, 0x81,
    0x80, 0x80, 0x7f, 0x80, 0x80, 0x80, 0x7f, 0x7f, 0x80, 0x7f, 0x7e, 0x7e,
    0x7f, 0x7f, 0x7f, 0x7f, 0x7f, 0x80, 0x7f, 0x7f, 0x80, 0x7e, 0x7e, 0x7f,
    0x7f, 0x7e, 0x7f, 0x7f, 0x7f, 0x81, 0x80, 0x80, 0x80, 0x7f, 0x7e, 0x7f,
    0x80, 0x81, 0x81, 0x80, 0x82, 0x7f, 0x7f, 0x80, 0x81, 0x80, 0x7e, 0x7f,
    0x7d, 0x7f, 0x7d, 0x7d, 0x7e, 0x7e, 0x7e, 0x7d, 0x7c, 0x7c, 0x7d, 0x7c,
    0x7d, 0x7d, 0x7d, 0x7f, 0x7f, 0x7f, 0x80, 0x7f, 0x81, 0x80, 0x81, 0x80,
    0x80, 0x81, 0x81, 0x83, 0x82, 0x82, 0x82, 0x81, 0x80, 0x81, 0x81, 0x82,
    0x80, 0x81, 0x7f, 0x82, 0x81, 0x81, 0x81, 0x80, 0x81, 0x7f, 0x82, 0x81,
    0x81, 0x82, 0x83, 0x83, 0x82, 0x82, 0x80, 0x81, 0x80, 0x7f, 0x80, 0x80,
    0x7f, 0x7f, 0x7f, 0x7f, 0x7d, 0x7f, 0x7f, 0x80, 0x80, 0x80, 0x80, 0x7f,
    0x80, 0x7f, 0x7e, 0x81, 0x80, 0x80, 0x81, 0x80, 0x80, 0x80, 0x81, 0x81,
    0x80, 0x7f, 0x80, 0x80, 0x81, 0x81, 0x7e, 0x80, 0x7e, 0x80, 0x81, 0x80,
    0x7f, 0x7f, 0x7d, 0x7e, 0x7e, 0x7e, 0x7f, 0x7f, 0x80, 0x7f, 0x80, 0x7e,
    0x7f, 0x80, 0x80, 0x7f, 0x82, 0x80, 0x80, 0x81, 0x82, 0x82, 0x7f, 0x81,
    0x7e, 0x7e, 0x7e, 0x7f, 0x7e, 0x7f, 0x80, 0x80, 0x81, 0x81, 0x81, 0x82,
    0x83, 0x7f, 0x7f, 0x81, 0x80, 0x80, 0x7e, 0x7e, 0x7f, 0x7d, 0x7e, 0x7e,
    0x7d, 0x7e, 0x7f, 0x7e, 0x80, 0x81, 0x80, 0x81, 0x81, 0x81, 0x81, 0x80,
    0x80, 0x80, 0x80, 0x7f, 0x7f, 0x81, 0x7e, 0x7f, 0x7f, 0x7d, 0x7e, 0x7f,
    0x7f, 0x7d, 0x7e, 0x7f, 0x7e, 0x7f, 0x7f, 0x80, 0x80, 0x81, 0x81, 0x80,
    0x83, 0x80, 0x80, 0x80, 0x7f, 0x80, 0x80, 0x7f, 0x7e, 0x7e, 0x7f, 0x81,
    0x7f, 0x80, 0x80, 0x7f, 0x80, 0x7f, 0x7d, 0x7f, 0x7e, 0x7e, 0x7f, 0x7f,
    0x80, 0x7f, 0x7e, 0x7e, 0x7f, 0x7f, 0x81, 0x81, 0x81, 0x81, 0x82, 0x80,
    0x7f, 0x80, 0x80, 0x81, 0x7f, 0x7f, 0x80, 0x7f, 0x7d, 0x80, 0x7f, 0x7f,
    0x81, 0x80, 0x81, 0x80, 0x80, 0x80, 0x81, 0x80, 0x80, 0x82, 0x80, 0x80,
    0x7f, 0x7e, 0x7d, 0x7c, 0x7d, 0x7d, 0x7f, 0x80, 0x7e, 0x7f, 0x7f, 0x7e,
    0x7e, 0x7e, 0x7d, 0x80, 0x80, 0x7e, 0x7f, 0x7f, 0x81, 0x81, 0x81, 0x81,
    0x83, 0x82, 0x81, 0x83, 0x81, 0x81, 0x7f, 0x7d, 0x7f, 0x80, 0x7e, 0x7e,
    0x7f, 0x80, 0x80, 0x80, 0x7f, 0x7f, 0x80, 0x80, 0x7f, 0x7f, 0x80, 0x80,
    0x80, 0x81, 0x80, 0x80, 0x81, 0x80, 0x7f, 0x80, 0x81, 0x80, 0x80, 0x80,
    0x80, 0x7f, 0x7f, 0x7e, 0x7f, 0x7e, 0x7e, 0x7e, 0x7d, 0x7c, 0x7e, 0x7f,
    0x7e, 0x81, 0x80, 0x80, 0x7f, 0x81, 0x81, 0x81, 0x82, 0x82, 0x81, 0x80,
    0x7f, 0x80, 0x7f, 0x7f, 0x7f, 0x7e, 0x7f, 0x7e, 0x7f, 0x7e, 0x7e, 0x7d,
    0x7f, 0x7d, 0x7f, 0x80, 0x7e, 0x80, 0x80, 0x81, 0x82, 0x82, 0x81, 0x80,
    0x81, 0x81, 0x80, 0x7f, 0x7f, 0x7e, 0x7f, 0x80, 0x7f, 0x80, 0x81, 0x80,
    0x80, 0x81, 0x80, 0x7f, 0x7f, 0x7e, 0x7e, 0x7e, 0x7e, 0x7e, 0x7f, 0x80,
    0x7f, 0x80, 0x82, 0x82, 0x81, 0x81, 0x81, 0x81, 0x83, 0x81, 0x80, 0x7e,
    0x7e, 0x80, 0x7e, 0x7d, 0x7d, 0x7e, 0x7e, 0x7e, 0x7e, 0x7d, 0x7e, 0x7f,
    0x7f, 0x80, 0x81, 0x81, 0x82, 0x81, 0x7f, 0x80, 0x80, 0x80, 0x7f, 0x7e,
    0x7e, 0x7d, 0x7f, 0x7f, 0x7e, 0x7f, 0x81, 0x81, 0x7f, 0x7e, 0x7f, 0x7f,
    0x80, 0x81, 0x7e, 0x80, 0x80, 0x7f, 0x80, 0x81, 0x81, 0x80, 0x7f, 0x7f,
    0x7f, 0x7e, 0x7e, 0x7e, 0x80, 0x7f, 0x7f, 0x80, 0x82, 0x7f, 0x7f, 0x7f,
    0x7e, 0x7f, 0x7f, 0x80, 0x7f, 0x81, 0x81, 0x81, 0x80, 0x80, 0x80, 0x80,
    0x82, 0x81, 0x80, 0x80, 0x81, 0x81, 0x7f, 0x7f, 0x80, 0x81, 0x81, 0x81,
    0x7f, 0x7f, 0x7f, 0x7f, 0x81, 0x7d, 0x7d, 0x7f, 0x7e, 0x7f, 0x7e, 0x80,
    0x7f, 0x7f, 0x80, 0x7e, 0x7e, 0x7e, 0x7f, 0x7e, 0x80, 0x7f, 0x7f, 0x81,
    0x80, 0x80, 0x80, 0x80, 0x7f, 0x7f, 0x80, 0x80, 0x80, 0x7f, 0x80, 0x80,
    0x80, 0x80, 0x80, 0x80, 0x7f, 0x80, 0x7f, 0x7f, 0x7f, 0x80, 0x7f, 0x7f,
    0x80, 0x80, 0x81, 0x80, 0x7f, 0x7f, 0x7f, 0x81, 0x80, 0x7e, 0x80, 0x80,
    0x7f, 0x7f, 0x80, 0x80, 0x80, 0x80, 0x7f, 0x7e, 0x7f, 0x80, 0x80, 0x81,
    0x80, 0x7f, 0x80, 0x81, 0x81, 0x7e, 0x7f, 0x80, 0x7f, 0x7f, 0x7f, 0x80,
    0x80, 0x7f, 0x80, 0x7d, 0x7d, 0x7f, 0x80, 0x82, 0x7f, 0x7f, 0x7f, 0x7f,
    0x7f, 0x80, 0x80, 0x80, 0x82, 0x80, 0x81, 0x82, 0x82, 0x81, 0x82, 0x81,
    0x81, 0x81, 0x80, 0x81, 0x7e, 0x7e, 0x7f, 0x7e, 0x7d, 0x7d, 0x7b, 0x7e,
    0x7d, 0x7e, 0x7f, 0x7f, 0x80, 0x81, 0x7f, 0x80, 0x82, 0x82, 0x81, 0x81,
    0x81, 0x80, 0x81, 0x80, 0x7f, 0x80, 0x7f, 0x80, 0x7f, 0x7e, 0x7f, 0x7e,
    0x80, 0x7e, 0x80, 0x80, 0x80, 0x7f, 0x7f, 0x80, 0x7f, 0x7f, 0x7e, 0x7e,
    0x7e, 0x81, 0x80, 0x80, 0x7f, 0x7f, 0x7f, 0x7f, 0x80, 0x81, 0x82, 0x7f,
    0x7f, 0x80, 0x7f, 0x80, 0x80, 0x80, 0x81, 0x80, 0x7f, 0x80, 0x7f, 0x80,
    0x81, 0x7f, 0x7f, 0x7f, 0x7f, 0x80, 0x7e, 0x7f, 0x7f, 0x7d, 0x7e, 0x7d,
    0x7d, 0x7f, 0x80, 0x81, 0x81, 0x80, 0x80, 0x81, 0x80, 0x7f, 0x82, 0x80,
    0x81, 0x82, 0x82, 0x80, 0x81, 0x81, 0x81, 0x81, 0x80, 0x7f, 0x7f, 0x80,
    0x80, 0x7f, 0x7e, 0x7e, 0x7c, 0x7e, 0x7f, 0x7d, 0x7f, 0x7f, 0x7f, 0x7e,
    0x7d, 0x7e, 0x7f, 0x80, 0x80, 0x81, 0x80, 0x80, 0x81, 0x80, 0x81, 0x7f,
    0x7e, 0x80, 0x7f, 0x80, 0x80, 0x80, 0x80, 0x81, 0x80, 0x80, 0x80, 0x7e,
    0x7f, 0x81, 0x80, 0x80, 0x81, 0x80, 0x80, 0x7e, 0x7f, 0x80, 0x7f, 0x7f,
    0x81, 0x7e, 0x7f, 0x80, 0x80, 0x80, 0x7f, 0x80, 0x7f, 0x7f, 0x7f, 0x7f,
    0x7f, 0x7f, 0x7e, 0x7f, 0x7e, 0x80, 0x80, 0x7f, 0x80, 0x81, 0x81, 0x80,
    0x82, 0x81, 0x80, 0x7e, 0x80, 0x81, 0x7e, 0x7e, 0x7f, 0x7f, 0x81, 0x80,
    0x81, 0x80, 0x7f, 0x7f, 0x7f, 0x7f, 0x7f, 0x80, 0x80, 0x7f, 0x7f, 0x7f,
    0x7f, 0x7f, 0x7e, 0x7f, 0x80, 0x7e, 0x7e, 0x7e, 0x80, 0x80, 0x7f, 0x80,
    0x81, 0x81, 0x81, 0x81, 0x81, 0x81, 0x7f, 0x80, 0x80, 0x7f, 0x80, 0x81,
    0x7e, 0x7e, 0x7f, 0x80, 0x7e, 0x7e, 0x7e, 0x7d, 0x80, 0x7f, 0x7f, 0x7e,
    0x7f, 0x7e, 0x7f, 0x7e, 0x7f, 0x7f, 0x7d, 0x80, 0x81, 0x82, 0x80, 0x82,
    0x81, 0x81, 0x81, 0x81, 0x80, 0x80, 0x80, 0x7f, 0x80, 0x7f, 0x80, 0x7f,
    0x80, 0x7f, 0x7f, 0x80, 0x80, 0x80, 0x7e, 0x7e, 0x7f, 0x7f, 0x7f, 0x80,
    0x7f, 0x80, 0x80, 0x80, 0x80, 0x80, 0x82, 0x81, 0x81, 0x81, 0x81, 0x80,
    0x7f, 0x7e, 0x7e, 0x7d, 0x7d, 0x7d, 0x7e, 0x7e, 0x7d, 0x7f, 0x7d, 0x80,
    0x80, 0x7f, 0x80, 0x7f, 0x80, 0x80, 0x81, 0x7f, 0x80, 0x80, 0x80, 0x81,
    0x81, 0x81, 0x81, 0x80, 0x7f, 0x80, 0x81, 0x83, 0x81, 0x80, 0x80, 0x80,
    0x80, 0x7f, 0x7f, 0x7e, 0x7e, 0x7d, 0x80, 0x7e, 0x7d, 0x7e, 0x7d, 0x7e,
    0x7f, 0x7f, 0x80, 0x80, 0x7f, 0x80, 0x7f, 0x80, 0x7f, 0x80, 0x81, 0x81,
    0x81, 0x81, 0x7f, 0x7e, 0x80, 0x81, 0x80, 0x7f, 0x80, 0x80, 0x81, 0x80,
    0x80, 0x80, 0x81, 0x80, 0x80, 0x7e, 0x7f, 0x80, 0x7f, 0x80, 0x7f, 0x7f,
    0x80, 0x7f, 0x7f, 0x7f, 0x7e, 0x7f, 0x7d, 0x7f, 0x7f, 0x7e, 0x7f, 0x7d,
    0x7e, 0x7e, 0x7f, 0x7f, 0x7f, 0x80, 0x80, 0x81, 0x81, 0x7f, 0x80, 0x80,
    0x7f, 0x80, 0x7f, 0x80, 0x81, 0x80, 0x80, 0x80, 0x7f, 0x80, 0x83, 0x80,
    0x80, 0x80, 0x80, 0x7f, 0x7e, 0x80, 0x7f, 0x80, 0x7e, 0x80, 0x7e, 0x7f,
    0x7e, 0x7f, 0x7f, 0x7e, 0x7e, 0x7f, 0x7f, 0x80, 0x81, 0x7f, 0x82, 0x80,
    0x81, 0x80, 0x7e, 0x7e, 0x80, 0x81, 0x81, 0x81, 0x81, 0x82, 0x7f, 0x80,
    0x83, 0x81, 0x80, 0x80, 0x81, 0x80, 0x80, 0x7e, 0x7e, 0x7e, 0x7d, 0x7e,
    0x7f, 0x7e, 0x7e, 0x7e, 0x7e, 0x7e, 0x7e, 0x7f, 0x7f, 0x7f, 0x7f, 0x7f,
    0x80, 0x80, 0x80, 0x81, 0x82, 0x81, 0x80, 0x7f, 0x7f, 0x81, 0x80, 0x81,
    0x80, 0x7f, 0x80, 0x80, 0x80, 0x80, 0x80, 0x7f, 0x7f, 0x7f, 0x80, 0x7f,
    0x7f, 0x7f, 0x7f, 0x7f, 0x7e, 0x7f, 0x80, 0x7f, 0x80, 0x80, 0x80, 0x80,
    0x81, 0x81, 0x80, 0x81, 0x7f, 0x7f, 0x80, 0x7f, 0x7f, 0x7f, 0x80, 0x80,
    0x7f, 0x7f, 0x7f, 0x7f, 0x7f, 0x7e, 0x7e, 0x80, 0x7f, 0x7f, 0x7e, 0x7e,
    0x80, 0x81, 0x82, 0x81, 0x80, 0x7f, 0x7f, 0x7e, 0x7f, 0x81, 0x80, 0x7f,
    0x80, 0x7f, 0x80, 0x7f, 0x7e, 0x7d, 0x7f, 0x7e, 0x7e, 0x7f, 0x7d, 0x7f,
    0x7f, 0x80, 0x7f, 0x80, 0x81, 0x80, 0x80, 0x81, 0x7e, 0x7e, 0x7f, 0x80,
    0x82, 0x81, 0x81, 0x82, 0x80, 0x7f, 0x81, 0x80, 0x7f, 0x80, 0x7f, 0x80,
    0x80, 0x81, 0x80, 0x80, 0x80, 0x80, 0x7e, 0x7e, 0x7e, 0x7e, 0x7f, 0x81,
    0x80, 0x7d, 0x7e, 0x7f, 0x80, 0x80, 0x81, 0x7f, 0x7f, 0x7f, 0x80, 0x80,
    0x80, 0x81, 0x7f, 0x7f, 0x80, 0x80, 0x7f, 0x7e, 0x7e, 0x81, 0x7f, 0x80,
    0x81, 0x80, 0x81, 0x7f, 0x7e, 0x7f, 0x7f, 0x7f, 0x80, 0x7f, 0x7f, 0x7e,
    0x7e, 0x7f, 0x7e, 0x7f, 0x7d, 0x7f, 0x80, 0x80, 0x81, 0x80, 0x7f, 0x7f,
    0x7f, 0x7f, 0x80, 0x7f, 0x7f, 0x80, 0x81, 0x80, 0x7f, 0x7f, 0x81, 0x81,
    0x81, 0x82, 0x82, 0x82, 0x81, 0x81, 0x80, 0x80, 0x80, 0x7f, 0x80, 0x7f,
    0x7f, 0x7c, 0x7d, 0x7e, 0x7c, 0x7f, 0x7e, 0x7f, 0x7e, 0x7d, 0x80, 0x7f,
    0x7f, 0x7f, 0x7f, 0x7f, 0x80, 0x80, 0x7f, 0x7f, 0x82, 0x82, 0x80, 0x7f,
    0x7e, 0x7e, 0x7f, 0x81, 0x80, 0x7f, 0x80, 0x7f, 0x80, 0x80, 0x80, 0x7f,
    0x7e, 0x80, 0x7e, 0x7f, 0x7f, 0x7e, 0x80, 0x7f, 0x80, 0x80, 0x82, 0x80,
    0x80, 0x80, 0x7e, 0x7f, 0x7f, 0x7f, 0x7f, 0x81, 0x7f, 0x81, 0x80, 0x7f,
    0x80, 0x81, 0x7f, 0x7f, 0x7f, 0x80, 0x80, 0x7e, 0x7f, 0x7f, 0x7f, 0x80,
    0x82, 0x80, 0x80, 0x81, 0x7f, 0x7f, 0x80, 0x7f, 0x7f, 0x7e, 0x7f, 0x81,
    0x7f, 0x7e, 0x7e, 0x7e, 0x7e, 0x80, 0x80, 0x80, 0x80, 0x7f, 0x7f, 0x7f,
    0x7f, 0x7f, 0x7e, 0x7e, 0x7e, 0x7f, 0x7f, 0x7f, 0x7f, 0x7f, 0x7e, 0x80,
    0x82, 0x81, 0x81, 0x82, 0x83, 0x83, 0x82, 0x82, 0x82, 0x81, 0x80, 0x7e,
    0x7e, 0x7e, 0x7d, 0x7d, 0x7c, 0x7e, 0x7f, 0x7f, 0x7d, 0x7e, 0x81, 0x7f,
    0x7e, 0x7f, 0x7f, 0x7f, 0x80, 0x81, 0x81, 0x80, 0x80, 0x80, 0x81, 0x80,
    0x7f, 0x80, 0x80, 0x81, 0x80, 0x81, 0x80, 0x7f, 0x7f, 0x80, 0x80, 0x7f,
    0x80, 0x80, 0x81, 0x7f, 0x7f, 0x80, 0x80, 0x81, 0x7f, 0x7e, 0x7f, 0x80,
    0x80, 0x7f, 0x80, 0x7f, 0x80, 0x80, 0x7f, 0x7f, 0x7f, 0x80, 0x80, 0x81,
    0x7f, 0x80, 0x7e, 0x80, 0x81, 0x7e, 0x7e, 0x7e, 0x81, 0x7f, 0x7f, 0x7e,
    0x7e, 0x7f, 0x7e, 0x80, 0x80, 0x7e, 0x7f, 0x81, 0x80, 0x81, 0x7f, 0x80,
    0x81, 0x81, 0x81, 0x80, 0x80, 0x80, 0x7f, 0x7f, 0x7f, 0x7f, 0x80, 0x7f,
    0x80, 0x7f, 0x7e, 0x7f, 0x7f, 0x7f, 0x81, 0x82, 0x81, 0x7f, 0x7f, 0x7f,
    0x7f, 0x7e, 0x7e, 0x80, 0x7f, 0x7f, 0x7e, 0x7f, 0x7f, 0x80, 0x80, 0x80,
    0x80, 0x80, 0x7f, 0x80, 0x7f, 0x7e, 0x7f, 0x7f, 0x81, 0x80, 0x80, 0x80,
    0x7f, 0x7f, 0x7f, 0x7f, 0x7f, 0x80, 0x81, 0x81, 0x81, 0x80, 0x80, 0x7f,
    0x7e, 0x7e, 0x7f, 0x80, 0x7e, 0x80, 0x7e, 0x7e, 0x80, 0x80, 0x7f, 0x7f,
    0x80, 0x7f, 0x81, 0x80, 0x81, 0x81, 0x81, 0x80, 0x81, 0x81, 0x80, 0x81,
    0x7f, 0x7f, 0x7f, 0x7e, 0x7e, 0x7f, 0x7e, 0x7f, 0x7f, 0x7f, 0x81, 0x81,
    0x7f, 0x80, 0x7f, 0x7f, 0x7f, 0x7e, 0x80, 0x7e, 0x7f, 0x80, 0x80, 0x80,
    0x7f, 0x81, 0x80, 0x80, 0x81, 0x81, 0x81, 0x81, 0x80, 0x80, 0x80, 0x80,
    0x7e, 0x7f, 0x7e, 0x7d, 0x7f, 0x7f, 0x7f, 0x7f, 0x7f, 0x7d, 0x7e, 0x7f,
    0x7e, 0x7f, 0x7f, 0x7e, 0x80, 0x81, 0x81, 0x80, 0x80, 0x81, 0x80, 0x82,
    0x82, 0x80, 0x80, 0x81, 0x80, 0x80, 0x7f, 0x80, 0x7f, 0x7e, 0x80, 0x7f,
    0x7f, 0x80, 0x7f, 0x80, 0x80, 0x7f, 0x7e, 0x7d, 0x7f, 0x7e, 0x7e, 0x7f,
    0x7f, 0x7f, 0x7f, 0x7f, 0x7e, 0x7f, 0x81, 0x7f, 0x7e, 0x7f, 0x7e, 0x7f,
    0x7f, 0x7f, 0x80, 0x81, 0x82, 0x81, 0x82, 0x81, 0x80, 0x80, 0x82, 0x80,
    0x7e, 0x7f, 0x7f, 0x7f, 0x7e, 0x7f, 0x7d, 0x7d, 0x7f, 0x80, 0x7f, 0x80,
    0x80, 0x81, 0x82, 0x80, 0x80, 0x80, 0x7f, 0x7f, 0x80, 0x81, 0x81, 0x81,
    0x80, 0x7f, 0x80, 0x81, 0x80, 0x80, 0x80, 0x7f, 0x7e, 0x7e, 0x7e, 0x7f,
    0x7f, 0x7f, 0x7e, 0x80, 0x7f, 0x7f, 0x7e, 0x7d, 0x7f, 0x7e, 0x80, 0x7f,
    0x7f, 0x7e, 0x80, 0x80, 0x7f, 0x7f, 0x7f, 0x81, 0x80, 0x82, 0x82, 0x81,
    0x80, 0x81, 0x81, 0x80, 0x80, 0x7f, 0x80, 0x80, 0x80, 0x80, 0x7f, 0x80,
    0x80, 0x80, 0x80, 0x7f, 0x80, 0x81, 0x80, 0x80, 0x81, 0x7f, 0x7e, 0x80,
    0x7e, 0x7f, 0x7f, 0x7e, 0x7e, 0x7e, 0x7f, 0x7d, 0x7e, 0x7f, 0x7f, 0x7f,
    0x7e, 0x80, 0x7f, 0x80, 0x80, 0x80, 0x80, 0x7f, 0x7f, 0x80, 0x81, 0x80,
    0x80, 0x7f, 0x80, 0x80, 0x80, 0x81, 0x80, 0x80, 0x80, 0x7f, 0x7f, 0x80,
    0x80, 0x80, 0x81, 0x81, 0x80, 0x80, 0x7f, 0x80, 0x7e, 0x7d, 0x7d, 0x7e,
    0x7f, 0x7e, 0x7e, 0x7f, 0x7f, 0x7f, 0x7f, 0x7f, 0x80, 0x80, 0x80, 0x81,
    0x80, 0x7f, 0x7f, 0x7f, 0x80, 0x80, 0x80, 0x7f, 0x80, 0x81, 0x80, 0x81,
    0x81, 0x81, 0x80, 0x7f, 0x80, 0x7f, 0x80, 0x80, 0x7e, 0x7f, 0x7e, 0x7f,
    0x7e, 0x7f, 0x7d, 0x7d, 0x80, 0x80, 0x7f, 0x7f, 0x7f, 0x7f, 0x80, 0x80,
    0x80, 0x81, 0x81, 0x81, 0x81, 0x81, 0x81, 0x7d, 0x7e, 0x80, 0x80, 0x81,
    0x7e, 0x7f, 0x7f, 0x7f, 0x81, 0x82, 0x7f, 0x80, 0x7f, 0x7f, 0x7f, 0x7f,
    0x7f, 0x7f, 0x80, 0x7f, 0x81, 0x7e, 0x7f, 0x7d, 0x80, 0x7f, 0x7f, 0x80,
    0x7f, 0x7f, 0x7d, 0x7f, 0x7f, 0x81, 0x80, 0x80, 0x82, 0x7f, 0x7f, 0x81,
    0x80, 0x80, 0x80, 0x80, 0x7f, 0x80, 0x80, 0x7f, 0x80, 0x80, 0x80, 0x80,
    0x7f, 0x7f, 0x7e, 0x7d, 0x7f, 0x7d, 0x7f, 0x81, 0x7f, 0x7f, 0x7f, 0x7f,
    0x7f, 0x80, 0x80, 0x80, 0x7f, 0x80, 0x81, 0x80, 0x80, 0x80, 0x81, 0x81,
    0x7f, 0x7f, 0x80, 0x81, 0x81, 0x80, 0x7f, 0x80, 0x7e, 0x80, 0x80, 0x7f,
    0x7e, 0x7e, 0x7f, 0x7f, 0x81, 0x7f, 0x7f, 0x7e, 0x7f, 0x7f, 0x7e, 0x7f,
    0x7e, 0x80, 0x81, 0x7f, 0x7f, 0x7e, 0x7e, 0x80, 0x80, 0x81, 0x7f, 0x82,
    0x80, 0x7f, 0x7f, 0x7f, 0x7f, 0x7f, 0x80, 0x80, 0x80, 0x7e, 0x80, 0x7e,
    0x7e, 0x7f, 0x7f, 0x7f, 0x81, 0x7f, 0x81, 0x82, 0x80, 0x81, 0x80, 0x82,
    0x80, 0x80, 0x80, 0x7f, 0x7e, 0x7e, 0x7f, 0x7d, 0x7f, 0x80, 0x80, 0x80,
    0x80, 0x7e, 0x7f, 0x7e, 0x7d, 0x7f, 0x7f, 0x81, 0x80, 0x82, 0x80, 0x7f,
    0x80, 0x7f, 0x80, 0x81, 0x81, 0x81, 0x7f, 0x7e, 0x7f, 0x7f, 0x80, 0x7f,
    0x7e, 0x80, 0x80, 0x7f, 0x80, 0x80, 0x80, 0x81, 0x80, 0x7f, 0x7f, 0x7f,
    0x7f, 0x7f, 0x81, 0x80, 0x7f, 0x80, 0x81, 0x81, 0x80, 0x81, 0x7e, 0x80,
    0x7f, 0x7f, 0x80, 0x80, 0x7e, 0x7e, 0x7d, 0x7e, 0x7e, 0x7f, 0x80, 0x7f,
    0x7f, 0x7e, 0x80, 0x7f, 0x7f, 0x7e, 0x7e, 0x80, 0x81, 0x81, 0x81, 0x83,
    0x81, 0x82, 0x80, 0x81, 0x81, 0x81, 0x81, 0x81, 0x80, 0x7f, 0x81, 0x7f,
    0x81, 0x80, 0x7f, 0x7e, 0x7e, 0x7d, 0x7d, 0x7d, 0x7e, 0x7f, 0x80, 0x7f,
    0x7f, 0x7e, 0x7e, 0x7f, 0x7e, 0x7f, 0x7d, 0x7d, 0x7f, 0x7f, 0x80, 0x80,
    0x7f, 0x80, 0x80, 0x81, 0x81, 0x80, 0x82, 0x82, 0x81, 0x81, 0x82, 0x80,
    0x80, 0x81, 0x80, 0x7f, 0x7e, 0x7f, 0x7e, 0x7d, 0x81, 0x7f, 0x7f, 0x7f,
    0x7e, 0x80, 0x80, 0x80, 0x7f, 0x7f, 0x80, 0x7f, 0x7e, 0x7f, 0x80, 0x82,
    0x7f, 0x7f, 0x81, 0x80, 0x80, 0x80, 0x80, 0x80, 0x80, 0x7f, 0x7f, 0x7e,
    0x7f, 0x81, 0x7f, 0x7f, 0x80, 0x80, 0x80, 0x80, 0x80, 0x80, 0x7f, 0x7d,
    0x7e, 0x7f, 0x7e, 0x7e, 0x7e, 0x80, 0x80, 0x7f, 0x7f, 0x80, 0x7f, 0x7f,
    0x80, 0x7e, 0x7e, 0x7e, 0x7f, 0x80, 0x80, 0x7f, 0x7f, 0x81, 0x81, 0x81,
    0x80, 0x80, 0x81, 0x83, 0x81, 0x80, 0x81, 0x80, 0x82, 0x80, 0x82, 0x80,
    0x80, 0x81, 0x7f, 0x7d, 0x7e, 0x7e, 0x7d, 0x7e, 0x7c, 0x7f, 0x80, 0x7f,
    0x7e, 0x80, 0x80, 0x80, 0x7f, 0x7f, 0x7f, 0x7e, 0x7e, 0x7e, 0x80, 0x7f,
    0x80, 0x80, 0x80, 0x7f, 0x81, 0x81, 0x80, 0x80, 0x81, 0x81, 0x80, 0x80,
    0x7e, 0x80, 0x80, 0x7f, 0x7f, 0x7f, 0x80, 0x80, 0x7f, 0x81, 0x81, 0x81,
    0x7f, 0x7e, 0x7f, 0x80, 0x7f, 0x7f, 0x80, 0x7f, 0x7f, 0x7f, 0x7f, 0x7f,
    0x80, 0x7e, 0x80, 0x80, 0x80, 0x81, 0x80, 0x7f, 0x7f, 0x7d, 0x7e, 0x7f,
    0x7e, 0x80, 0x7f, 0x7f, 0x7f, 0x80,
};
